Script__CardController	Script/CardController.cs	78	5988	5138
Script__CardSource	Script/CardSource.cs	16	4357	2327
Script__Permanent	Script/Permanent.cs	45	4187	4985
Script__CardEffectCommons	Script/CardEffectCommons.cs	1	1448	2906
Script__TurnStateMachine	Script/TurnStateMachine.cs	10	3373	709
Script__ContinuousController	Script/ContinuousController.cs	1	1843	293
Script__Effects	Script/Effects.cs	1	2306	172
Script__CardEffectFactory	Script/CardEffectFactory.cs	42	1530	1829
Script__CardEffectCommons__RevealLibrary	Script/CardEffectCommons/RevealLibrary.cs	5	791	607
Script__SelectCardEffect	Script/SelectCardEffect.cs	8	1025	727
Script__Player	Script/Player.cs	14	1675	847
CardEffect__BT17__Blue__BT17_026	CardEffect/BT17/Blue/BT17_026.cs	2	646	640
Script__SelectPermanentEffect	Script/SelectPermanentEffect.cs	7	1055	593
CardEffect__BT17__Red__BT17_095	CardEffect/BT17/Red/BT17_095.cs	1	637	613
Script__DataBase	Script/DataBase.cs	3	1018	172
Script__SelectHandEffect	Script/SelectHandEffect.cs	3	942	442
CardEffect__BT10__White__BT10_086	CardEffect/BT10/White/BT10_086.cs	2	577	540
CardEffect__BT15__White__BT15_102	CardEffect/BT15/White/BT15_102.cs	2	602	598
CardEffect__BT25__Blue__BT25_096	CardEffect/BT25/Blue/BT25_096.cs	1	469	469
Script__CardObjectController	Script/CardObjectController.cs	1	1133	526
CardEffect__EX9__White__EX9_074	CardEffect/EX9/White/EX9_074.cs	1	539	531
CardEffect__BT21__Red__BT21_030	CardEffect/BT21/Red/BT21_030.cs	2	554	537
CardEffect__EX8__Purple__EX8_059	CardEffect/EX8/Purple/EX8_059.cs	1	454	447
CardEffect__EX8__Green__EX8_074	CardEffect/EX8/Green/EX8_074.cs	1	443	446
CardEffect__BT21__Purple__BT21_077	CardEffect/BT21/Purple/BT21_077.cs	1	419	421
CardEffect__EX7__Purple__EX7_058	CardEffect/EX7/Purple/EX7_058.cs	1	481	473
CardEffect__BT17__Purple__BT17_068	CardEffect/BT17/Purple/BT17_068.cs	2	420	414
Script__AutoProcessing	Script/AutoProcessing.cs	24	1106	1315
CardEffect__BT25__Black__BT25_072	CardEffect/BT25/Black/BT25_072.cs	1	377	380
CardEffect__BT25__Green__BT25_089	CardEffect/BT25/Green/BT25_089.cs	1	378	381
Script__CardEffectCommons__DNADigivolveEffects	Script/CardEffectCommons/DNADigivolveEffects.cs	12	673	621
CardEffect__BT19__Yellow__BT19_035	CardEffect/BT19/Yellow/BT19_035.cs	1	398	350
CardEffect__BT18__Yellow__BT18_034	CardEffect/BT18/Yellow/BT18_034.cs	2	410	411
CardEffect__AD1__Red__AD1_006	CardEffect/AD1/Red/AD1_006.cs	1	351	354
CardEffect__P__Purple__P_223	CardEffect/P/Purple/P_223.cs	4	461	460
Script__AttackProcess	Script/AttackProcess.cs	3	628	598
CardEffect__BT23__Blue__BT23_021	CardEffect/BT23/Blue/BT23_021.cs	2	427	435
CardEffect__BT19__Black__BT19_061	CardEffect/BT19/Black/BT19_061.cs	1	351	352
CardEffect__AD1__Blue__AD1_012	CardEffect/AD1/Blue/AD1_012.cs	1	353	352
CardEffect__BT25__Black__BT25_101	CardEffect/BT25/Black/BT25_101.cs	1	370	367
CardEffect__BT25__Red__BT25_104	CardEffect/BT25/Red/BT25_104.cs	1	351	353
Script__GManager	Script/GManager.cs	1	672	165
CardEffect__EX5__Black__EX5_055	CardEffect/EX5/Black/EX5_055.cs	1	346	359
CardEffect__EX9__Purple__EX9_062	CardEffect/EX9/Purple/EX9_062.cs	1	357	290
CardEffect__BT25__Black__BT25_070	CardEffect/BT25/Black/BT25_070.cs	1	332	335
CardEffect__BT14__Blue__BT14_030	CardEffect/BT14/Blue/BT14_030.cs	1	354	369
CardEffect__BT25__Green__BT25_056	CardEffect/BT25/Green/BT25_056.cs	1	335	339
CardEffect__EX2__White__EX2_072	CardEffect/EX2/White/EX2_072.cs	1	343	349
CardEffect__BT25__Green__BT25_052	CardEffect/BT25/Green/BT25_052.cs	1	332	335
CardEffect__EX10__Purple__EX10_045	CardEffect/EX10/Purple/EX10_045.cs	1	385	387
