rel	units_total	units_kept	units_deleted	comment_lines_deleted	comment_lines_kept	physical_lines_removed	token_gate	note
CardEffect/AD1/Blue/AD1_011.cs	45	0	45	45	0	45	PASS	
CardEffect/AD1/Blue/AD1_012.cs	26	0	26	26	0	26	PASS	
CardEffect/AD1/Blue/AD1_013.cs	24	0	24	24	0	24	PASS	
CardEffect/AD1/Red/AD1_006.cs	54	0	54	54	0	54	PASS	
CardEffect/AD1/Red/AD1_025.cs	51	0	51	51	0	51	PASS	
CardEffect/BT1/Blue/BT1_003.cs	12	0	12	12	0	12	PASS	
CardEffect/BT1/Blue/BT1_004.cs	7	0	7	7	0	7	PASS	
CardEffect/BT1/Blue/BT1_029.cs	7	0	7	7	0	7	PASS	
CardEffect/BT1/Blue/BT1_030.cs	9	0	9	9	0	9	PASS	
CardEffect/BT1/Blue/BT1_031.cs	4	0	4	4	0	4	PASS	
CardEffect/BT1/Blue/BT1_033.cs	4	0	4	4	0	4	PASS	
CardEffect/BT1/Blue/BT1_034.cs	0	0	0	0	0	0	NOOP	
CardEffect/BT1/Blue/BT1_035.cs	5	0	5	5	0	5	PASS	
CardEffect/BT1/Blue/BT1_036.cs	6	0	6	6	0	6	PASS	
CardEffect/BT1/Blue/BT1_039.cs	12	0	12	12	0	12	PASS	
CardEffect/BT1/Blue/BT1_040.cs	13	0	13	13	0	13	PASS	
CardEffect/BT1/Blue/BT1_041.cs	12	0	12	12	0	12	PASS	
CardEffect/BT1/Blue/BT1_043.cs	8	0	8	8	0	8	PASS	
CardEffect/BT1/Blue/BT1_044.cs	17	0	17	17	0	17	PASS	
CardEffect/BT1/Blue/BT1_086.cs	29	0	29	29	0	29	PASS	
CardEffect/BT1/Blue/BT1_096.cs	11	0	11	11	0	11	PASS	
CardEffect/BT1/Blue/BT1_097.cs	4	0	4	4	0	4	PASS	
CardEffect/BT1/Blue/BT1_098.cs	17	0	17	17	0	17	PASS	
CardEffect/BT1/Blue/BT1_099.cs	8	0	8	8	0	8	PASS	
CardEffect/BT1/Blue/BT1_100.cs	12	0	12	12	0	12	PASS	
CardEffect/BT1/Blue/BT1_101.cs	14	0	14	14	0	14	PASS	
CardEffect/BT1/Blue/BT1_115.cs	10	0	10	10	0	10	PASS	
CardEffect/BT1/Green/BT1_007.cs	6	0	6	6	0	6	PASS	
CardEffect/BT1/Green/BT1_008.cs	7	0	7	7	0	7	PASS	
CardEffect/BT1/Green/BT1_066.cs	9	0	9	9	0	9	PASS	
CardEffect/BT1/Green/BT1_067.cs	6	0	6	6	0	6	PASS	
CardEffect/BT1/Green/BT1_068.cs	9	0	9	9	0	9	PASS	
CardEffect/BT1/Green/BT1_070.cs	5	0	5	5	0	5	PASS	
CardEffect/BT1/Green/BT1_073.cs	7	0	7	7	0	7	PASS	
CardEffect/BT1/Green/BT1_074.cs	6	0	6	6	0	6	PASS	
CardEffect/BT1/Green/BT1_076.cs	7	0	7	7	0	7	PASS	
CardEffect/BT1/Green/BT1_077.cs	13	0	13	13	0	13	PASS	
CardEffect/BT1/Green/BT1_078.cs	32	0	32	32	0	32	PASS	
CardEffect/BT1/Green/BT1_079.cs	9	0	9	9	0	9	PASS	
CardEffect/BT1/Green/BT1_081.cs	14	0	14	14	0	14	PASS	
CardEffect/BT1/Green/BT1_082.cs	14	0	14	14	0	14	PASS	
CardEffect/BT1/Green/BT1_083.cs	8	0	8	8	0	8	PASS	
CardEffect/BT1/Green/BT1_088.cs	18	0	18	18	0	18	PASS	
CardEffect/BT1/Green/BT1_089.cs	36	0	36	36	0	36	PASS	
CardEffect/BT1/Green/BT1_108.cs	7	0	7	7	0	7	PASS	
CardEffect/BT1/Green/BT1_109.cs	32	0	32	32	0	32	PASS	
CardEffect/BT1/Green/BT1_110.cs	12	0	12	12	0	12	PASS	
CardEffect/BT1/Green/BT1_111.cs	9	0	9	9	0	9	PASS	
CardEffect/BT1/Green/BT1_112.cs	12	0	12	12	0	12	PASS	
CardEffect/BT1/Green/BT1_113.cs	8	0	8	8	0	8	PASS	
CardEffect/BT1/Red/BT1_001.cs	8	0	8	8	0	8	PASS	
CardEffect/BT1/Red/BT1_002.cs	0	0	0	0	0	0	NOOP	
CardEffect/BT1/Red/BT1_010.cs	13	0	13	13	0	13	PASS	
CardEffect/BT1/Red/BT1_011.cs	26	0	26	26	0	26	PASS	
CardEffect/BT1/Red/BT1_012.cs	7	0	7	7	0	7	PASS	
CardEffect/BT1/Red/BT1_015.cs	4	0	4	4	0	4	PASS	
CardEffect/BT1/Red/BT1_016.cs	4	0	4	4	0	4	PASS	
CardEffect/BT1/Red/BT1_017.cs	24	0	24	24	0	24	PASS	
CardEffect/BT1/Red/BT1_018.cs	0	0	0	0	0	0	NOOP	
CardEffect/BT1/Red/BT1_021.cs	18	0	18	18	0	18	PASS	
CardEffect/BT1/Red/BT1_022.cs	10	0	10	10	0	10	PASS	
CardEffect/BT1/Red/BT1_023.cs	14	0	14	14	0	14	PASS	
CardEffect/BT1/Red/BT1_025.cs	22	0	22	22	0	22	PASS	
CardEffect/BT1/Red/BT1_026.cs	4	0	4	4	0	4	PASS	
CardEffect/BT1/Red/BT1_085.cs	11	0	11	11	0	11	PASS	
CardEffect/BT1/Red/BT1_090.cs	13	0	13	13	0	13	PASS	
CardEffect/BT1/Red/BT1_091.cs	11	0	11	11	0	11	PASS	
CardEffect/BT1/Red/BT1_092.cs	19	0	19	19	0	19	PASS	
CardEffect/BT1/Red/BT1_093.cs	13	0	13	13	0	13	PASS	
CardEffect/BT1/Red/BT1_094.cs	19	0	19	19	0	19	PASS	
CardEffect/BT1/Red/BT1_095.cs	12	0	12	12	0	12	PASS	
CardEffect/BT1/Red/BT1_114.cs	24	0	24	24	0	24	PASS	
CardEffect/BT1/White/BT1_084.cs	25	0	25	25	0	25	PASS	
CardEffect/BT1/Yellow/BT1_005.cs	7	0	7	7	0	7	PASS	
CardEffect/BT1/Yellow/BT1_006.cs	10	0	10	10	0	10	PASS	
CardEffect/BT1/Yellow/BT1_046.cs	10	0	10	10	0	10	PASS	
CardEffect/BT1/Yellow/BT1_048.cs	7	0	7	7	0	7	PASS	
CardEffect/BT1/Yellow/BT1_049.cs	12	0	12	12	0	12	PASS	
CardEffect/BT1/Yellow/BT1_053.cs	14	0	14	14	0	14	PASS	
CardEffect/BT1/Yellow/BT1_054.cs	13	0	13	13	0	13	PASS	
CardEffect/BT1/Yellow/BT1_055.cs	7	0	7	7	0	7	PASS	
CardEffect/BT1/Yellow/BT1_056.cs	12	0	12	12	0	12	PASS	
CardEffect/BT1/Yellow/BT1_061.cs	13	0	13	13	0	13	PASS	
CardEffect/BT1/Yellow/BT1_062.cs	6	0	6	6	0	6	PASS	
CardEffect/BT1/Yellow/BT1_087.cs	27	0	27	27	0	27	PASS	
CardEffect/BT1/Yellow/BT1_102.cs	9	0	9	9	0	9	PASS	
CardEffect/BT1/Yellow/BT1_103.cs	14	0	14	14	0	14	PASS	
CardEffect/BT1/Yellow/BT1_104.cs	25	0	25	25	0	25	PASS	
CardEffect/BT1/Yellow/BT1_105.cs	14	0	14	14	0	14	PASS	
CardEffect/BT1/Yellow/BT1_106.cs	5	0	5	5	0	5	PASS	
CardEffect/BT1/Yellow/BT1_107.cs	8	0	8	8	0	8	PASS	
CardEffect/BT10/Purple/BT10_084.cs	32	0	32	32	0	32	PASS	
CardEffect/BT10/Red/BT10_111.cs	37	0	37	37	0	37	PASS	
CardEffect/BT10/White/BT10_086.cs	41	0	41	41	0	41	PASS	
CardEffect/BT12/Yellow/BT12_044.cs	41	1	40	40	1	40	PASS	
CardEffect/BT13/Blue/BT13_023.cs	12	0	12	12	0	12	PASS	
CardEffect/BT13/Blue/BT13_028.cs	38	0	38	38	0	38	PASS	
CardEffect/BT13/Blue/BT13_033.cs	44	0	44	44	0	44	PASS	
CardEffect/BT14/Black/BT14_097.cs	33	0	33	33	0	33	PASS	
CardEffect/BT14/Blue/BT14_030.cs	52	0	52	52	0	52	PASS	
CardEffect/BT14/Purple/BT14_081.cs	36	0	36	36	0	36	PASS	
CardEffect/BT14/Red/BT14_018.cs	38	0	38	38	0	38	PASS	
CardEffect/BT14/Yellow/BT14_035.cs	9	0	9	9	0	9	PASS	
CardEffect/BT15/Blue/BT15_083.cs	22	1	21	21	1	21	PASS	
CardEffect/BT15/Purple/BT15_078.cs	21	1	20	20	1	20	PASS	
CardEffect/BT15/Red/BT15_082.cs	31	0	31	31	0	31	PASS	
CardEffect/BT15/White/BT15_102.cs	26	0	26	26	0	26	PASS	
CardEffect/BT15/Yellow/BT15_037.cs	14	0	14	14	0	14	PASS	
CardEffect/BT16/Black/BT16_052.cs	26	0	26	26	0	26	PASS	
CardEffect/BT16/Blue/BT16_025.cs	42	0	42	42	0	42	PASS	
CardEffect/BT16/Yellow/BT16_033.cs	17	0	17	17	0	17	PASS	
CardEffect/BT17/Blue/BT17_026.cs	59	0	59	59	0	59	PASS	
CardEffect/BT17/Purple/BT17_068.cs	39	0	39	39	0	39	PASS	
CardEffect/BT17/Red/BT17_095.cs	71	0	71	71	0	71	PASS	
CardEffect/BT18/Black/BT18_065.cs	31	0	31	31	0	31	PASS	
CardEffect/BT18/Yellow/BT18_034.cs	43	0	43	43	0	43	PASS	
CardEffect/BT18/Yellow/BT18_042.cs	55	0	55	55	0	55	PASS	
CardEffect/BT18/Yellow/BT18_098.cs	40	0	40	40	0	40	PASS	
CardEffect/BT19/Black/BT19_061.cs	18	0	18	18	0	18	PASS	
CardEffect/BT19/Blue/BT19_024.cs	30	0	30	30	0	30	PASS	
CardEffect/BT19/Blue/BT19_081.cs	30	0	30	30	0	30	PASS	
CardEffect/BT19/Purple/BT19_071.cs	15	0	15	15	0	15	PASS	
CardEffect/BT19/Red/BT19_089.cs	45	0	45	45	0	45	PASS	
CardEffect/BT19/Red/BT19_091.cs	37	0	37	37	0	37	PASS	
CardEffect/BT19/Yellow/BT19_035.cs	15	0	15	15	0	15	PASS	
CardEffect/BT2/Black/BT2_005.cs	6	0	6	6	0	6	PASS	
CardEffect/BT2/Black/BT2_006.cs	8	0	8	8	0	8	PASS	
CardEffect/BT2/Black/BT2_053.cs	8	0	8	8	0	8	PASS	
CardEffect/BT2/Black/BT2_055.cs	6	0	6	6	0	6	PASS	
CardEffect/BT2/Black/BT2_057.cs	4	0	4	4	0	4	PASS	
CardEffect/BT2/Black/BT2_058.cs	7	0	7	7	0	7	PASS	
CardEffect/BT2/Black/BT2_062.cs	14	0	14	14	0	14	PASS	
CardEffect/BT2/Black/BT2_063.cs	10	0	10	10	0	10	PASS	
CardEffect/BT2/Black/BT2_065.cs	6	0	6	6	0	6	PASS	
CardEffect/BT2/Black/BT2_066.cs	30	0	30	30	0	30	PASS	
CardEffect/BT2/Black/BT2_112.cs	22	0	22	22	0	22	PASS	
CardEffect/BT2/Blue/BT2_002.cs	12	0	12	12	0	12	PASS	
CardEffect/BT2/Blue/BT2_023.cs	12	0	12	12	0	12	PASS	
CardEffect/BT2/Blue/BT2_025.cs	15	0	15	15	0	15	PASS	
CardEffect/BT2/Blue/BT2_026.cs	8	0	8	8	0	8	PASS	
CardEffect/BT2/Blue/BT2_029.cs	0	0	0	0	0	0	NOOP	
CardEffect/BT2/Blue/BT2_031.cs	9	0	9	9	0	9	PASS	
CardEffect/BT2/Blue/BT2_085.cs	15	0	15	15	0	15	PASS	
CardEffect/BT2/Blue/BT2_095.cs	12	0	12	12	0	12	PASS	
CardEffect/BT2/Green/BT2_044.cs	17	0	17	17	0	17	PASS	
CardEffect/BT2/Green/BT2_045.cs	11	0	11	11	0	11	PASS	
CardEffect/BT2/Green/BT2_047.cs	28	0	28	28	0	28	PASS	
CardEffect/BT2/Green/BT2_050.cs	13	0	13	13	0	13	PASS	
CardEffect/BT2/Green/BT2_051.cs	17	0	17	17	0	17	PASS	
CardEffect/BT2/Green/BT2_102.cs	13	0	13	13	0	13	PASS	
CardEffect/BT2/Purple/BT2_008.cs	6	0	6	6	0	6	PASS	
CardEffect/BT2/Purple/BT2_070.cs	12	0	12	12	0	12	PASS	
CardEffect/BT2/Purple/BT2_073.cs	14	0	14	14	0	14	PASS	
CardEffect/BT2/Purple/BT2_074.cs	4	0	4	4	0	4	PASS	
CardEffect/BT2/Purple/BT2_080.cs	24	0	24	24	0	24	PASS	
CardEffect/BT2/Purple/BT2_081.cs	19	0	19	19	0	19	PASS	
CardEffect/BT2/Purple/BT2_090.cs	17	0	17	17	0	17	PASS	
CardEffect/BT2/Purple/BT2_110.cs	11	0	11	11	0	11	PASS	
CardEffect/BT2/Red/BT2_001.cs	9	0	9	9	0	9	PASS	
CardEffect/BT2/Red/BT2_010.cs	12	0	12	12	0	12	PASS	
CardEffect/BT2/Red/BT2_012.cs	12	0	12	12	0	12	PASS	
CardEffect/BT2/Red/BT2_013.cs	12	0	12	12	0	12	PASS	
CardEffect/BT2/Red/BT2_015.cs	7	0	7	7	0	7	PASS	
CardEffect/BT2/Red/BT2_019.cs	3	0	3	3	0	3	PASS	
CardEffect/BT2/Red/BT2_084.cs	10	0	10	10	0	10	PASS	
CardEffect/BT2/Red/BT2_091.cs	12	0	12	12	0	12	PASS	
CardEffect/BT2/Red/BT2_092.cs	13	0	13	13	0	13	PASS	
CardEffect/BT2/White/BT2_082.cs	36	0	36	36	0	36	PASS	
CardEffect/BT2/Yellow/BT2_003.cs	7	0	7	7	0	7	PASS	
CardEffect/BT2/Yellow/BT2_033.cs	6	0	6	6	0	6	PASS	
CardEffect/BT2/Yellow/BT2_034.cs	14	0	14	14	0	14	PASS	
CardEffect/BT2/Yellow/BT2_035.cs	8	0	8	8	0	8	PASS	
CardEffect/BT2/Yellow/BT2_040.cs	8	0	8	8	0	8	PASS	
CardEffect/BT2/Yellow/BT2_087.cs	19	0	19	19	0	19	PASS	
CardEffect/BT2/Yellow/BT2_097.cs	13	0	13	13	0	13	PASS	
CardEffect/BT2/Yellow/BT2_099.cs	18	0	18	18	0	18	PASS	
CardEffect/BT20/Blue/BT20_025.cs	35	0	35	35	0	35	PASS	
CardEffect/BT20/Purple/BT20_072.cs	19	0	19	19	0	19	PASS	
CardEffect/BT20/Purple/BT20_079.cs	43	0	43	43	0	43	PASS	
CardEffect/BT20/Red/BT20_017.cs	55	0	55	55	0	55	PASS	
CardEffect/BT21/Black/BT21_058.cs	28	0	28	28	0	28	PASS	
CardEffect/BT21/Black/BT21_059.cs	20	0	20	20	0	20	PASS	
CardEffect/BT21/Purple/BT21_077.cs	26	0	26	26	0	26	PASS	
CardEffect/BT21/Red/BT21_029.cs	33	0	33	33	0	33	PASS	
CardEffect/BT21/Red/BT21_030.cs	57	0	57	57	0	57	PASS	
CardEffect/BT22/Green/BT22_044.cs	14	0	14	14	0	14	PASS	
CardEffect/BT22/Yellow/BT22_003.cs	15	0	15	15	0	15	PASS	
CardEffect/BT22/Yellow/BT22_035.cs	36	0	36	36	0	31	PASS	
CardEffect/BT22/Yellow/BT22_040.cs	37	0	37	37	0	37	PASS	
CardEffect/BT22/Yellow/BT22_087.cs	23	0	23	23	0	23	PASS	
CardEffect/BT23/Black/BT23_057.cs	72	0	72	72	0	72	PASS	
CardEffect/BT23/Blue/BT23_021.cs	44	0	44	44	0	41	PASS	
CardEffect/BT23/Yellow/BT23_081.cs	40	0	40	40	0	40	PASS	
CardEffect/BT24/Black/BT24_062.cs	40	0	40	40	0	40	PASS	
CardEffect/BT24/Red/BT24_018.cs	19	0	19	19	0	19	PASS	
CardEffect/BT25/Black/BT25_061.cs	33	0	33	33	0	30	PASS	
CardEffect/BT25/Black/BT25_070.cs	19	0	19	19	0	17	PASS	
CardEffect/BT25/Black/BT25_072.cs	21	0	21	21	0	19	PASS	
CardEffect/BT25/Black/BT25_075.cs	26	0	26	26	0	26	PASS	
CardEffect/BT25/Black/BT25_101.cs	40	0	40	40	0	40	PASS	
CardEffect/BT25/Black/BT25_102.cs	37	0	37	37	0	37	PASS	
CardEffect/BT25/Blue/BT25_096.cs	23	0	23	23	0	23	PASS	
CardEffect/BT25/Green/BT25_004.cs	26	0	26	26	0	26	PASS	
CardEffect/BT25/Green/BT25_052.cs	20	0	20	20	0	18	PASS	
CardEffect/BT25/Green/BT25_056.cs	21	0	21	21	0	19	PASS	
CardEffect/BT25/Green/BT25_089.cs	47	0	47	47	0	47	PASS	
CardEffect/BT25/Purple/BT25_092.cs	42	0	42	42	0	42	PASS	
CardEffect/BT25/Red/BT25_019.cs	18	0	18	18	0	18	PASS	
CardEffect/BT25/Red/BT25_094.cs	37	0	37	37	0	37	PASS	
CardEffect/BT25/Red/BT25_104.cs	68	7	61	61	7	61	PASS	
CardEffect/BT25/Yellow/BT25_034.cs	11	0	11	11	0	11	PASS	
CardEffect/BT25/Yellow/BT25_039.cs	67	0	67	67	0	67	PASS	
CardEffect/BT25/Yellow/BT25_040.cs	39	0	39	39	0	39	PASS	
CardEffect/BT25/Yellow/BT25_043.cs	30	0	30	30	0	30	PASS	
CardEffect/BT3/Green/BT3_056.cs	34	0	34	34	0	34	PASS	
CardEffect/BT3/Green/BT3_103.cs	41	0	41	41	0	41	PASS	
CardEffect/BT5/Green/BT5_056.cs	34	0	34	34	0	34	PASS	
CardEffect/BT5/White/BT5_086.cs	56	0	56	56	0	56	PASS	
CardEffect/BT6/Black/BT6_067.cs	20	0	20	20	0	20	PASS	
CardEffect/BT6/Black/BT6_106.cs	15	0	15	15	0	15	PASS	
CardEffect/BT6/Red/BT6_095.cs	18	0	18	18	0	18	PASS	
CardEffect/BT7/Black/BT7_058.cs	33	0	33	33	0	33	PASS	
CardEffect/BT7/Blue/BT7_087.cs	37	0	37	37	0	37	PASS	
CardEffect/BT7/Green/BT7_055.cs	15	0	15	15	0	15	PASS	
CardEffect/BT7/White/BT7_112.cs	23	0	23	23	0	23	PASS	
CardEffect/BT8/Black/BT8_059.cs	14	0	14	14	0	14	PASS	
CardEffect/BT8/Black/BT8_092.cs	19	0	19	19	0	19	PASS	
CardEffect/BT8/Green/BT8_057.cs	19	0	19	19	0	19	PASS	
CardEffect/BT8/Purple/BT8_071.cs	14	0	14	14	0	14	PASS	
CardEffect/BT8/Yellow/BT8_090.cs	13	0	13	13	0	13	PASS	
CardEffect/BT9/Black/BT9_062.cs	12	0	12	12	0	12	PASS	
CardEffect/BT9/Black/BT9_103.cs	25	0	25	25	0	25	PASS	
CardEffect/BT9/Black/BT9_111.cs	33	0	33	33	0	33	PASS	
CardEffect/BT9/Blue/BT9_021.cs	16	0	16	16	0	16	PASS	
CardEffect/BT9/Blue/BT9_031.cs	22	0	22	22	0	22	PASS	
CardEffect/BT9/Purple/BT9_081.cs	21	0	21	21	0	21	PASS	
CardEffect/BT9/Red/BT9_009.cs	31	0	31	31	0	31	PASS	
CardEffect/BT9/Red/BT9_013.cs	28	0	28	28	0	28	PASS	
CardEffect/BT9/White/BT9_109.cs	60	0	60	60	0	59	PASS	
CardEffect/BT9/Yellow/BT9_043.cs	38	0	38	38	0	37	PASS	
CardEffect/EX1/White/EX1_072.cs	20	0	20	20	0	20	PASS	
CardEffect/EX10/Black/EX10_002.cs	11	0	11	11	0	11	PASS	
CardEffect/EX10/Black/EX10_029.cs	41	0	41	41	0	41	PASS	
CardEffect/EX10/Purple/EX10_043.cs	46	0	46	46	0	46	PASS	
CardEffect/EX10/Purple/EX10_045.cs	48	0	48	48	0	48	PASS	
CardEffect/EX10/Red/EX10_010.cs	51	2	49	49	2	49	PASS	
CardEffect/EX11/Black/EX11_004.cs	25	0	25	25	0	25	PASS	
CardEffect/EX11/Green/EX11_074.cs	44	0	44	44	0	44	PASS	
CardEffect/EX11/White/EX11_070.cs	41	0	41	41	0	41	PASS	
CardEffect/EX2/White/EX2_072.cs	42	0	42	42	0	42	PASS	
CardEffect/EX4/Blue/EX4_020.cs	29	0	29	29	0	29	PASS	
CardEffect/EX4/Blue/EX4_062.cs	17	0	17	17	0	17	PASS	
CardEffect/EX4/Red/EX4_013.cs	39	0	39	39	0	39	PASS	
CardEffect/EX5/Black/EX5_053.cs	42	0	42	42	0	42	PASS	
CardEffect/EX5/Black/EX5_055.cs	35	0	35	35	0	35	PASS	
CardEffect/EX5/Purple/EX5_058.cs	41	0	41	41	0	41	PASS	
CardEffect/EX6/Black/EX6_044.cs	48	0	48	48	0	48	PASS	
CardEffect/EX6/Red/EX6_001.cs	10	0	10	10	0	10	PASS	
CardEffect/EX6/Red/EX6_011.cs	40	10	30	30	10	30	PASS	
CardEffect/EX6/White/EX6_072.cs	21	0	21	21	0	21	PASS	
CardEffect/EX7/Purple/EX7_058.cs	41	0	41	41	0	41	PASS	
CardEffect/EX7/Purple/EX7_072.cs	39	0	39	39	0	39	PASS	
CardEffect/EX7/Red/EX7_010.cs	28	0	28	28	0	28	PASS	
CardEffect/EX7/Red/EX7_014.cs	38	0	38	38	0	38	PASS	
CardEffect/EX8/Black/EX8_051.cs	17	0	17	17	0	17	PASS	
CardEffect/EX8/Blue/EX8_026.cs	18	0	18	18	0	18	PASS	
CardEffect/EX8/Blue/EX8_028.cs	39	0	39	39	0	39	PASS	
CardEffect/EX8/Blue/EX8_068.cs	28	0	28	28	0	28	PASS	
CardEffect/EX8/Green/EX8_074.cs	56	0	56	56	0	56	PASS	
CardEffect/EX8/Purple/EX8_059.cs	35	0	35	35	0	35	PASS	
CardEffect/EX8/Purple/EX8_061.cs	21	0	21	21	0	21	PASS	
CardEffect/EX8/Purple/EX8_072.cs	30	0	30	30	0	30	PASS	
CardEffect/EX8/Yellow/EX8_030.cs	20	0	20	20	0	20	PASS	
CardEffect/EX8/Yellow/EX8_037.cs	32	0	32	32	0	32	PASS	
CardEffect/EX9/Purple/EX9_062.cs	21	0	21	21	0	21	PASS	
CardEffect/EX9/Red/EX9_008.cs	17	0	17	17	0	17	PASS	
CardEffect/EX9/White/EX9_074.cs	31	0	31	31	0	31	PASS	
CardEffect/LM/Blue/LM_046.cs	25	0	25	25	0	25	PASS	
CardEffect/LM/Purple/LM_018.cs	26	0	26	26	0	26	PASS	
CardEffect/LM/Yellow/LM_047.cs	36	0	36	36	0	36	PASS	
CardEffect/LM/Yellow/LM_054.cs	43	0	43	43	0	43	PASS	
CardEffect/P/Black/P_234.cs	18	0	18	18	0	18	PASS	
CardEffect/P/Blue/P_048.cs	70	0	70	70	0	70	PASS	
CardEffect/P/Blue/P_098.cs	26	0	26	26	0	26	PASS	
CardEffect/P/Purple/P_198.cs	34	0	34	34	0	34	PASS	
CardEffect/P/Purple/P_223.cs	41	0	41	41	0	41	PASS	
CardEffect/P/Yellow/P_165.cs	35	0	35	35	0	35	PASS	
CardEffect/ST1/Red/ST1_01.cs	7	0	7	7	0	7	PASS	
CardEffect/ST1/Red/ST1_03.cs	6	0	6	6	0	6	PASS	
CardEffect/ST1/Red/ST1_06.cs	12	0	12	12	0	12	PASS	
CardEffect/ST1/Red/ST1_07.cs	6	0	6	6	0	6	PASS	
CardEffect/ST1/Red/ST1_08.cs	22	0	22	22	0	22	PASS	
CardEffect/ST1/Red/ST1_09.cs	16	0	16	16	0	16	PASS	
CardEffect/ST1/Red/ST1_11.cs	9	0	9	9	0	9	PASS	
CardEffect/ST1/Red/ST1_12.cs	10	0	10	10	0	10	PASS	
CardEffect/ST1/Red/ST1_13.cs	18	0	18	18	0	18	PASS	
CardEffect/ST1/Red/ST1_14.cs	11	0	11	11	0	11	PASS	
CardEffect/ST1/Red/ST1_15.cs	18	0	18	18	0	18	PASS	
CardEffect/ST1/Red/ST1_16.cs	14	0	14	14	0	14	PASS	
CardEffect/ST13/Red/ST13_06.cs	29	0	29	29	0	29	PASS	
CardEffect/ST15/Black/ST15_02.cs	14	0	14	14	0	14	PASS	
CardEffect/ST16/Purple/ST16_14.cs	18	0	18	18	0	18	PASS	
CardEffect/ST17/Blue/ST17_13.cs	67	0	67	67	0	67	PASS	
CardEffect/ST17/Green/ST17_08.cs	44	0	44	44	0	44	PASS	
CardEffect/ST2/Blue/ST2_01.cs	8	0	8	8	0	8	PASS	
CardEffect/ST2/Blue/ST2_03.cs	18	0	18	18	0	18	PASS	
CardEffect/ST2/Blue/ST2_06.cs	16	0	16	16	0	16	PASS	
CardEffect/ST2/Blue/ST2_08.cs	3	0	3	3	0	3	PASS	
CardEffect/ST2/Blue/ST2_09.cs	24	0	24	24	0	24	PASS	
CardEffect/ST2/Blue/ST2_11.cs	12	0	12	12	0	12	PASS	
CardEffect/ST2/Blue/ST2_12.cs	14	0	14	14	0	14	PASS	
CardEffect/ST2/Blue/ST2_13.cs	13	0	13	13	0	13	PASS	
CardEffect/ST2/Blue/ST2_14.cs	21	0	21	21	0	21	PASS	
CardEffect/ST2/Blue/ST2_15.cs	17	0	17	17	0	17	PASS	
CardEffect/ST2/Blue/ST2_16.cs	23	0	23	23	0	23	PASS	
CardEffect/ST20/White/ST20_15.cs	31	0	31	31	0	31	PASS	
CardEffect/ST22/Red/ST22_08.cs	44	1	43	43	1	43	PASS	
CardEffect/ST22/Red/ST22_12.cs	27	0	27	27	0	26	PASS	
CardEffect/ST3/Yellow/ST3_01.cs	9	0	9	9	0	9	PASS	
CardEffect/ST3/Yellow/ST3_04.cs	9	0	9	9	0	9	PASS	
CardEffect/ST3/Yellow/ST3_05.cs	10	0	10	10	0	10	PASS	
CardEffect/ST3/Yellow/ST3_08.cs	13	0	13	13	0	13	PASS	
CardEffect/ST3/Yellow/ST3_09.cs	26	0	26	26	0	26	PASS	
CardEffect/ST3/Yellow/ST3_11.cs	9	0	9	9	0	9	PASS	
CardEffect/ST3/Yellow/ST3_12.cs	4	0	4	4	0	4	PASS	
CardEffect/ST3/Yellow/ST3_13.cs	22	0	22	22	0	22	PASS	
CardEffect/ST3/Yellow/ST3_14.cs	9	0	9	9	0	9	PASS	
CardEffect/ST3/Yellow/ST3_15.cs	10	0	10	10	0	10	PASS	
CardEffect/ST3/Yellow/ST3_16.cs	9	0	9	9	0	9	PASS	
CardEffect/ST4/Green/ST4_01.cs	9	0	9	9	0	9	PASS	
CardEffect/ST4/Green/ST4_03.cs	13	0	13	13	0	13	PASS	
CardEffect/ST4/Green/ST4_04.cs	11	0	11	11	0	11	PASS	
CardEffect/ST4/Green/ST4_10.cs	16	0	16	16	0	16	PASS	
CardEffect/ST4/Green/ST4_11.cs	14	0	14	14	0	14	PASS	
CardEffect/ST4/Green/ST4_12.cs	23	0	23	23	0	23	PASS	
CardEffect/ST4/Green/ST4_13.cs	22	0	22	22	0	22	PASS	
CardEffect/ST4/Green/ST4_14.cs	16	0	16	16	0	16	PASS	
CardEffect/ST4/Green/ST4_15.cs	23	0	23	23	0	23	PASS	
CardEffect/ST4/Green/ST4_16.cs	19	0	19	19	0	19	PASS	
CardEffect/ST5/Black/ST5_04.cs	8	0	8	8	0	8	PASS	
CardEffect/ST5/Black/ST5_09.cs	14	0	14	14	0	14	PASS	
CardEffect/ST5/Black/ST5_11.cs	0	0	0	0	0	0	NOOP	
CardEffect/ST6/Purple/ST6_12.cs	10	0	10	10	0	10	PASS	
CardEffect/ST7/Red/ST7_10.cs	10	0	10	10	0	10	PASS	
Script/AttackProcess.cs	320	0	320	320	0	316	PASS	
Script/AutoProcessing.cs	325	23	302	302	23	298	PASS	
Script/BrainStormObject.cs	30	0	30	30	0	30	PASS	
Script/CEntity_Base.cs	12	0	12	12	0	12	PASS	
Script/CEntity_EffectController.cs	194	3	191	191	3	191	PASS	
Script/CardController.cs	1183	80	1103	1103	80	1061	PASS	
Script/CardEffectCommons.cs	936	0	936	936	0	931	PASS	
Script/CardEffectCommons/CanUseEffects/CanSuspend.cs	6	0	6	6	0	6	PASS	
Script/CardEffectCommons/CanUseEffects/CanUnsuspend.cs	6	0	6	6	0	6	PASS	
Script/CardEffectCommons/CanUseEffects/IgnoreBattle.cs	1	0	1	1	0	1	PASS	
Script/CardEffectCommons/CanUseEffects/OnAddDigivolutionCards.cs	1	0	1	1	0	1	PASS	
Script/CardEffectCommons/CanUseEffects/OnAttack.cs	1	0	1	1	0	1	PASS	
Script/CardEffectCommons/CanUseEffects/OnAttackTargetSwitch.cs	1	0	1	1	0	1	PASS	
Script/CardEffectCommons/CanUseEffects/OnCardsAddedToHand.cs	1	0	1	1	0	1	PASS	
Script/CardEffectCommons/CanUseEffects/OnCardsReturnToHandFromTrash.cs	1	0	1	1	0	1	PASS	
Script/CardEffectCommons/CanUseEffects/OnCardsReturnToLibraryFromTrash.cs	1	0	1	1	0	1	PASS	
Script/CardEffectCommons/CanUseEffects/OnDeletion.cs	15	0	15	15	0	15	PASS	
Script/CardEffectCommons/CanUseEffects/OnEndAttack.cs	1	0	1	1	0	1	PASS	
Script/CardEffectCommons/CanUseEffects/OnFaceUpSecurityIncrease.cs	1	0	1	1	0	1	PASS	
Script/CardEffectCommons/CanUseEffects/OnMove.cs	1	0	1	1	0	1	PASS	
Script/CardEffectCommons/CanUseEffects/OnReturnLibraryBottomDigivolutionCards.cs	1	0	1	1	0	1	PASS	
Script/CardEffectCommons/CanUseEffects/OnSuspend.cs	1	0	1	1	0	1	PASS	
Script/CardEffectCommons/CanUseEffects/OnTrashBySelfDigiBurst.cs	1	0	1	1	0	1	PASS	
Script/CardEffectCommons/CanUseEffects/OnTrashDigivolutionCard.cs	1	0	1	1	0	1	PASS	
Script/CardEffectCommons/CanUseEffects/OnTrashHand.cs	1	0	1	1	0	1	PASS	
Script/CardEffectCommons/CanUseEffects/OnTrashLinkCard.cs	1	0	1	1	0	1	PASS	
Script/CardEffectCommons/CanUseEffects/OnTrashLinkedCard.cs	1	0	1	1	0	1	PASS	
Script/CardEffectCommons/CanUseEffects/OnUnsuspend.cs	1	0	1	1	0	1	PASS	
Script/CardEffectCommons/CanUseEffects/OptionEffect.cs	13	0	13	13	0	13	PASS	
Script/CardEffectCommons/CanUseEffects/PermanentEnterField/OnPlay.cs	1	0	1	1	0	1	PASS	
Script/CardEffectCommons/CanUseEffects/PermanentEnterField/PermanentEnterField.cs	1	0	1	1	0	1	PASS	
Script/CardEffectCommons/CanUseEffects/PermanentEnterField/WhenDigivolving.cs	1	0	1	1	0	1	PASS	
Script/CardEffectCommons/CanUseEffects/SecurityEffect.cs	1	0	1	1	0	1	PASS	
Script/CardEffectCommons/CanUseEffects/WhenAddHand.cs	1	0	1	1	0	1	PASS	
Script/CardEffectCommons/CanUseEffects/WhenDeleteOpponentDigimon.cs	1	0	1	1	0	1	PASS	
Script/CardEffectCommons/CanUseEffects/WhenDeleteOpponentDigimonByBattle.cs	1	0	1	1	0	1	PASS	
Script/CardEffectCommons/CanUseEffects/WhenDiscardLibrary.cs	1	0	1	1	0	1	PASS	
Script/CardEffectCommons/CanUseEffects/WhenDiscardSecurity.cs	1	0	1	1	0	1	PASS	
Script/CardEffectCommons/CanUseEffects/WhenLinked.cs	1	0	1	1	0	1	PASS	
Script/CardEffectCommons/CanUseEffects/WhenLoseSecurity.cs	1	0	1	1	0	1	PASS	
Script/CardEffectCommons/CanUseEffects/WhenPermanentWouldDigivolve.cs	1	0	1	1	0	1	PASS	
Script/CardEffectCommons/CanUseEffects/WhenPermanentWouldPlay.cs	1	0	1	1	0	1	PASS	
Script/CardEffectCommons/CanUseEffects/WhenRemoveField.cs	1	0	1	1	0	1	PASS	
Script/CardEffectCommons/CanUseEffects/WhenUseDigiBurst.cs	1	0	1	1	0	1	PASS	
Script/CardEffectCommons/CanUseEffects/WhenUseOption.cs	1	0	1	1	0	1	PASS	
Script/CardEffectCommons/CanUseEffects/WhenWinBattle.cs	1	0	1	1	0	1	PASS	
Script/CardEffectCommons/CanUseEffects/WhenWouldLink.cs	1	0	1	1	0	1	PASS	
Script/CardEffectCommons/CanUseEffects/WhendAddSecurity.cs	1	0	1	1	0	1	PASS	
Script/CardEffectCommons/CustomMessage.cs	7	0	7	7	0	7	PASS	
Script/CardEffectCommons/DNADigivolveEffects.cs	108	0	108	108	0	108	PASS	
Script/CardEffectCommons/DigiXrosEffects.cs	8	0	8	8	0	8	PASS	
Script/CardEffectCommons/GameContextDeterminarion.cs	19	0	19	19	0	19	PASS	
Script/CardEffectCommons/GetFromHashtable.cs	6	0	6	6	0	6	PASS	
Script/CardEffectCommons/GiveEffect/GiveEffectToPermanent/CanNoReturnToDeck.cs	30	0	30	30	0	23	PASS	
Script/CardEffectCommons/GiveEffect/GiveEffectToPermanent/CanNotAttack.cs	37	0	37	37	0	29	PASS	
Script/CardEffectCommons/GiveEffect/GiveEffectToPermanent/CanNotBeAttacked.cs	34	0	34	34	0	26	PASS	
Script/CardEffectCommons/GiveEffect/GiveEffectToPermanent/CanNotBeBlocked.cs	32	0	32	32	0	24	PASS	
Script/CardEffectCommons/GiveEffect/GiveEffectToPermanent/CanNotBeDeletedByBattle.cs	28	0	28	28	0	25	PASS	
Script/CardEffectCommons/GiveEffect/GiveEffectToPermanent/CanNotBeDeletedByEffect.cs	37	0	37	37	0	30	PASS	
Script/CardEffectCommons/GiveEffect/GiveEffectToPermanent/CanNotBlock.cs	34	0	34	34	0	27	PASS	
Script/CardEffectCommons/GiveEffect/GiveEffectToPermanent/CanNotReturnToHand.cs	30	0	30	30	0	23	PASS	
Script/CardEffectCommons/GiveEffect/GiveEffectToPermanent/CanNotSuspend.cs	36	0	36	36	0	23	PASS	
Script/CardEffectCommons/GiveEffect/GiveEffectToPermanent/CanNotUnsuspend.cs	52	0	52	52	0	40	PASS	
Script/CardEffectCommons/GiveEffect/GiveEffectToPermanent/ChangeDP.cs	4	0	4	4	0	4	PASS	
Script/CardEffectCommons/GiveEffect/GiveEffectToPermanent/ChangeLinkMax.cs	12	0	12	12	0	12	PASS	
Script/CardEffectCommons/GiveEffect/GiveEffectToPermanent/ChangeOriginDP.cs	4	0	4	4	0	4	PASS	
Script/CardEffectCommons/GiveEffect/GiveEffectToPermanent/ChangeSAttack.cs	6	0	6	6	0	6	PASS	
Script/CardEffectCommons/GiveEffect/GiveEffectToPermanent/DeleteSelf.cs	18	0	18	18	0	18	PASS	
Script/CardEffectCommons/GiveEffect/GiveEffectToPermanent/ImmuneFromDPMinus.cs	29	0	29	29	0	22	PASS	
Script/CardEffectCommons/GiveEffect/GiveEffectToPermanent/StartOfMainAttack.cs	23	0	23	23	0	23	PASS	
Script/CardEffectCommons/GiveEffect/GiveEffectToPermanent/TamerBecomesDigimonThatCanNotDigivolve.cs	16	3	13	13	3	13	PASS	
Script/CardEffectCommons/GiveEffect/GiveEffectToPermanentOrPlayer.cs	31	0	31	31	0	31	PASS	
Script/CardEffectCommons/GiveEffect/GiveEffectToPlayer/CanNoReturnToDeck.cs	24	0	24	24	0	19	PASS	
Script/CardEffectCommons/GiveEffect/GiveEffectToPlayer/CanNotAttack.cs	28	0	28	28	0	22	PASS	
Script/CardEffectCommons/GiveEffect/GiveEffectToPlayer/CanNotBeDeletedByBattle.cs	23	0	23	23	0	18	PASS	
Script/CardEffectCommons/GiveEffect/GiveEffectToPlayer/CanNotBlock.cs	24	0	24	24	0	18	PASS	
Script/CardEffectCommons/GiveEffect/GiveEffectToPlayer/CanNotReturnToHand.cs	24	0	24	24	0	19	PASS	
Script/CardEffectCommons/GiveEffect/GiveEffectToPlayer/CanNotSuspend.cs	27	0	27	27	0	21	PASS	
Script/CardEffectCommons/GiveEffect/GiveEffectToPlayer/CanNotUnsuspend.cs	33	0	33	33	0	27	PASS	
Script/CardEffectCommons/GiveEffect/GiveEffectToPlayer/ChangeCardDP.cs	27	0	27	27	0	21	PASS	
Script/CardEffectCommons/GiveEffect/GiveEffectToPlayer/ChangeDP.cs	4	0	4	4	0	4	PASS	
Script/CardEffectCommons/GiveEffect/GiveEffectToPlayer/ChangeDigivolutionCost.cs	6	0	6	6	0	6	PASS	
Script/CardEffectCommons/GiveEffect/GiveEffectToPlayer/ChangePlayCost.cs	4	0	4	4	0	4	PASS	
Script/CardEffectCommons/GiveEffect/GiveEffectToPlayer/ChangeSAttack.cs	6	0	6	6	0	6	PASS	
Script/CardEffectCommons/GiveEffect/GiveEffectToPlayer/IgnoreDigivolutionRequirement.cs	7	0	7	7	0	7	PASS	
Script/CardEffectCommons/GiveEffect/GiveEffectToPlayer/ImmuneFromDPMinus.cs	24	0	24	24	0	19	PASS	
Script/CardEffectCommons/HashtableSetting.cs	54	0	54	54	0	54	PASS	
Script/CardEffectCommons/IsDigivolvedByTheEffect.cs	4	0	4	4	0	4	PASS	
Script/CardEffectCommons/KeyWordEffects/Alliance.cs	42	0	42	42	0	37	PASS	
Script/CardEffectCommons/KeyWordEffects/ArmorPurge.cs	24	0	24	24	0	24	PASS	
Script/CardEffectCommons/KeyWordEffects/Ascension.cs	18	0	18	18	0	17	PASS	
Script/CardEffectCommons/KeyWordEffects/Barrier.cs	18	0	18	18	0	18	PASS	
Script/CardEffectCommons/KeyWordEffects/Blitz.cs	45	0	45	45	0	45	PASS	
Script/CardEffectCommons/KeyWordEffects/Blocker.cs	19	0	19	19	0	19	PASS	
Script/CardEffectCommons/KeyWordEffects/Collision.cs	10	0	10	10	0	10	PASS	
Script/CardEffectCommons/KeyWordEffects/Decode.cs	13	0	13	13	0	13	PASS	
Script/CardEffectCommons/KeyWordEffects/Decoy.cs	15	0	15	15	0	15	PASS	
Script/CardEffectCommons/KeyWordEffects/Evade.cs	22	0	22	22	0	22	PASS	
Script/CardEffectCommons/KeyWordEffects/Execute.cs	27	0	27	27	0	27	PASS	
Script/CardEffectCommons/KeyWordEffects/Fortitude.cs	20	0	20	20	0	20	PASS	
Script/CardEffectCommons/KeyWordEffects/Fragment.cs	19	0	19	19	0	19	PASS	
Script/CardEffectCommons/KeyWordEffects/Iceclad.cs	13	0	13	13	0	13	PASS	
Script/CardEffectCommons/KeyWordEffects/Jamming.cs	12	0	12	12	0	12	PASS	
Script/CardEffectCommons/KeyWordEffects/MaterialSave.cs	9	0	9	9	0	9	PASS	
Script/CardEffectCommons/KeyWordEffects/MindLink.cs	45	0	45	45	0	44	PASS	
Script/CardEffectCommons/KeyWordEffects/Overclock.cs	22	0	22	22	0	22	PASS	
Script/CardEffectCommons/KeyWordEffects/Partition.cs	19	0	19	19	0	18	PASS	
Script/CardEffectCommons/KeyWordEffects/Pierce.cs	20	0	20	20	0	20	PASS	
Script/CardEffectCommons/KeyWordEffects/Progress.cs	16	0	16	16	0	16	PASS	
Script/CardEffectCommons/KeyWordEffects/Raid.cs	19	0	19	19	0	19	PASS	
Script/CardEffectCommons/KeyWordEffects/Reboot.cs	11	0	11	11	0	11	PASS	
Script/CardEffectCommons/KeyWordEffects/Retaliation.cs	27	1	26	26	1	26	PASS	
Script/CardEffectCommons/KeyWordEffects/Rush.cs	14	0	14	14	0	14	PASS	
Script/CardEffectCommons/KeyWordEffects/Save.cs	18	0	18	18	0	18	PASS	
Script/CardEffectCommons/KeyWordEffects/Scapegoat.cs	15	0	15	15	0	15	PASS	
Script/CardEffectCommons/KeyWordEffects/Training.cs	13	0	13	13	0	13	PASS	
Script/CardEffectCommons/KeyWordEffects/Vortex.cs	29	0	29	29	0	29	PASS	
Script/CardEffectCommons/MinMax_DP_Cost_Level/Cost/IsMaxCost.cs	11	0	11	11	0	11	PASS	
Script/CardEffectCommons/MinMax_DP_Cost_Level/Cost/IsMinCost.cs	7	0	7	7	0	7	PASS	
Script/CardEffectCommons/MinMax_DP_Cost_Level/DP/IsMaxDP.cs	8	0	8	8	0	8	PASS	
Script/CardEffectCommons/MinMax_DP_Cost_Level/DP/IsMinDP.cs	7	0	7	7	0	7	PASS	
Script/CardEffectCommons/MinMax_DP_Cost_Level/DigivolutionCards/IsMinDigivolutionCards.cs	7	0	7	7	0	7	PASS	
Script/CardEffectCommons/MinMax_DP_Cost_Level/Level/IsMaxLevel.cs	6	0	6	6	0	6	PASS	
Script/CardEffectCommons/MinMax_DP_Cost_Level/Level/IsMinLevel.cs	10	0	10	10	0	10	PASS	
Script/CardEffectCommons/RevealLibrary.cs	138	0	138	138	0	131	PASS	
Script/CardEffectCommons/ShowReducedCost.cs	9	0	9	9	0	9	PASS	
Script/CardEffectCommons/TrashDigivolutionCards.cs	12	0	12	12	0	12	PASS	
Script/CardEffectCommons/TrashLinkedCards.cs	38	0	38	38	0	38	PASS	
Script/CardEffectFactory.cs	546	3	543	543	6	541	PASS	
Script/CardEffectFactory/AddAppfusionMethod.cs	12	0	12	12	0	11	PASS	
Script/CardEffectFactory/AddDigivolutionRequirement.cs	17	6	11	11	6	10	PASS	
Script/CardEffectFactory/AddLinkRequirement.cs	5	0	5	5	0	4	PASS	
Script/CardEffectFactory/CanNoReturnToDeck.cs	5	0	5	5	0	4	PASS	
Script/CardEffectFactory/CanNotAttack.cs	8	0	8	8	0	5	PASS	
Script/CardEffectFactory/CanNotBeAttacked.cs	6	0	6	6	0	4	PASS	
Script/CardEffectFactory/CanNotBeBlocked.cs	6	0	6	6	0	4	PASS	
Script/CardEffectFactory/CanNotBeDeleted.cs	5	0	5	5	0	4	PASS	
Script/CardEffectFactory/CanNotBeDeletedByBattle.cs	5	0	5	5	0	4	PASS	
Script/CardEffectFactory/CanNotBeDeletedByEffect.cs	5	0	5	5	0	4	PASS	
Script/CardEffectFactory/CanNotBeRemoved.cs	5	0	5	5	0	4	PASS	
Script/CardEffectFactory/CanNotBeTrashedByEffect.cs	5	0	5	5	0	4	PASS	
Script/CardEffectFactory/CanNotBlock.cs	8	0	8	8	0	5	PASS	
Script/CardEffectFactory/CanNotDigivolve.cs	8	0	8	8	0	5	PASS	
Script/CardEffectFactory/CanNotReturnToHand.cs	5	0	5	5	0	4	PASS	
Script/CardEffectFactory/CanNotSuspend.cs	6	0	6	6	0	5	PASS	
Script/CardEffectFactory/CanNotUnsuspend.cs	5	0	5	5	0	4	PASS	
Script/CardEffectFactory/ChangeCardDP.cs	9	0	9	9	0	8	PASS	
Script/CardEffectFactory/ChangeDP.cs	17	0	17	17	0	14	PASS	
Script/CardEffectFactory/ChangeDigivolutionCost.cs	4	0	4	4	0	3	PASS	
Script/CardEffectFactory/ChangeLinkMax.cs	10	0	10	10	0	7	PASS	
Script/CardEffectFactory/ChangeOriginDP.cs	7	0	7	7	0	5	PASS	
Script/CardEffectFactory/ChangePlayCost.cs	6	0	6	6	0	5	PASS	
Script/CardEffectFactory/ChangeSAttack.cs	12	0	12	12	0	7	PASS	
Script/CardEffectFactory/ImmuneFromDPMinus.cs	5	0	5	5	0	4	PASS	
Script/CardEffectFactory/KeyWordEffects/Alliance.cs	9	0	9	9	0	9	PASS	
Script/CardEffectFactory/KeyWordEffects/ArmorPurge.cs	5	0	5	5	0	5	PASS	
Script/CardEffectFactory/KeyWordEffects/ArtsDigivolve.cs	18	0	18	18	0	15	PASS	
Script/CardEffectFactory/KeyWordEffects/Ascension.cs	8	0	8	8	0	7	PASS	
Script/CardEffectFactory/KeyWordEffects/Barrier.cs	5	0	5	5	0	5	PASS	
Script/CardEffectFactory/KeyWordEffects/BlastDNADigivolution.cs	56	0	56	56	0	56	PASS	
Script/CardEffectFactory/KeyWordEffects/BlastDigivolution.cs	30	0	30	30	0	28	PASS	
Script/CardEffectFactory/KeyWordEffects/Blitz.cs	6	0	6	6	0	6	PASS	
Script/CardEffectFactory/KeyWordEffects/Blocker.cs	7	0	7	7	0	6	PASS	
Script/CardEffectFactory/KeyWordEffects/Collision.cs	7	0	7	7	0	6	PASS	
Script/CardEffectFactory/KeyWordEffects/Decode.cs	13	1	12	12	1	12	PASS	
Script/CardEffectFactory/KeyWordEffects/Decoy.cs	5	0	5	5	0	5	PASS	
Script/CardEffectFactory/KeyWordEffects/Evade.cs	6	0	6	6	0	6	PASS	
Script/CardEffectFactory/KeyWordEffects/Execute.cs	5	0	5	5	0	5	PASS	
Script/CardEffectFactory/KeyWordEffects/Fortitude.cs	6	0	6	6	0	6	PASS	
Script/CardEffectFactory/KeyWordEffects/Fragment.cs	5	0	5	5	0	5	PASS	
Script/CardEffectFactory/KeyWordEffects/Iceclad.cs	7	0	7	7	0	6	PASS	
Script/CardEffectFactory/KeyWordEffects/Jamming.cs	8	0	8	8	0	7	PASS	
Script/CardEffectFactory/KeyWordEffects/Link.cs	22	9	13	13	9	13	PASS	
Script/CardEffectFactory/KeyWordEffects/MaterialSave.cs	7	0	7	7	0	7	PASS	
Script/CardEffectFactory/KeyWordEffects/Overclock.cs	5	0	5	5	0	5	PASS	
Script/CardEffectFactory/KeyWordEffects/Partition.cs	19	1	18	18	1	17	PASS	
Script/CardEffectFactory/KeyWordEffects/Pierce.cs	6	0	6	6	0	6	PASS	
Script/CardEffectFactory/KeyWordEffects/Progress.cs	8	0	8	8	0	7	PASS	
Script/CardEffectFactory/KeyWordEffects/Raid.cs	5	0	5	5	0	5	PASS	
Script/CardEffectFactory/KeyWordEffects/Reboot.cs	7	0	7	7	0	6	PASS	
Script/CardEffectFactory/KeyWordEffects/Retaliation.cs	6	0	6	6	0	6	PASS	
Script/CardEffectFactory/KeyWordEffects/Rush.cs	7	0	7	7	0	6	PASS	
Script/CardEffectFactory/KeyWordEffects/Save.cs	4	0	4	4	0	4	PASS	
Script/CardEffectFactory/KeyWordEffects/Scapegoat.cs	6	0	6	6	0	6	PASS	
Script/CardEffectFactory/KeyWordEffects/Training.cs	8	0	8	8	0	8	PASS	
Script/CardEffectFactory/KeyWordEffects/Vortex.cs	5	0	5	5	0	5	PASS	
Script/CardEffectFactory/TreatAsDigimon.cs	4	0	4	4	0	3	PASS	
Script/CardEffectFactory/VortexCanAttackPlayers.cs	10	0	10	10	0	7	PASS	
Script/CardEffectInterfaces.cs	123	2	121	121	2	121	PASS	
Script/CardEffects/ActivateClass.cs	17	0	17	17	0	17	PASS	
Script/CardEffects/AddAppFusionConditionClass.cs	2	0	2	2	0	2	PASS	
Script/CardEffects/AddAssemblyConditionClass.cs	2	0	2	2	0	2	PASS	
Script/CardEffects/AddBurstDigivolutionConditionClass.cs	2	0	2	2	0	2	PASS	
Script/CardEffects/AddDetailClass.cs	2	0	2	2	0	2	PASS	
Script/CardEffects/AddDigiXrosConditionClass.cs	2	0	2	2	0	2	PASS	
Script/CardEffects/AddEvolutionConditionClass.cs	2	0	2	2	0	2	PASS	
Script/CardEffects/AddJogressConditionClass.cs	2	0	2	2	0	2	PASS	
Script/CardEffects/AddJogressLevelsClass.cs	2	0	2	2	0	2	PASS	
Script/CardEffects/AddLinkConditionClass.cs	2	0	2	2	0	2	PASS	
Script/CardEffects/AddMaxTrashCountDigiXrosClass.cs	2	0	2	2	0	2	PASS	
Script/CardEffects/AddMaxUnderTamerCountDigiXrosClass.cs	2	0	2	2	0	2	PASS	
Script/CardEffects/AddSkillClass.cs	2	0	2	2	0	2	PASS	
Script/CardEffects/BlockerClass.cs	2	0	2	2	0	2	PASS	
Script/CardEffects/CanAttackTargetDefendingPermanentClass.cs	2	0	2	2	0	2	PASS	
Script/CardEffects/CanNotAffectedClass.cs	2	0	2	2	0	2	PASS	
Script/CardEffects/CanNotAttackTargetDefendingPermanentClass.cs	2	0	2	2	0	2	PASS	
Script/CardEffects/CanNotBeDestroyedByBattleClass.cs	2	0	2	2	0	2	PASS	
Script/CardEffects/CanNotBeDestroyedBySkillClass.cs	2	0	2	2	0	2	PASS	
Script/CardEffects/CanNotBeDestroyedClass.cs	2	0	2	2	0	2	PASS	
Script/CardEffects/CanNotBeRemovedClass.cs	2	0	2	2	0	2	PASS	
Script/CardEffects/CanNotEvolveClass.cs	2	0	2	2	0	2	PASS	
Script/CardEffects/CanNotMoveClass.cs	2	0	2	2	0	2	PASS	
Script/CardEffects/CanNotPlayClass.cs	2	0	2	2	0	2	PASS	
Script/CardEffects/CanNotPutFieldClass.cs	2	0	2	2	0	2	PASS	
Script/CardEffects/CanNotSelectBySkillClass.cs	2	0	2	2	0	2	PASS	
Script/CardEffects/CanNotSuspendClass.cs	2	0	2	2	0	2	PASS	
Script/CardEffects/CanNotSwitchAttackTargetClass.cs	2	0	2	2	0	2	PASS	
Script/CardEffects/CanNotTrashFromDigivolutionCardsClass.cs	2	0	2	2	0	2	PASS	
Script/CardEffects/CanNotUnsuspendClass.cs	2	0	2	2	0	2	PASS	
Script/CardEffects/CanSelectAssemblyClass.cs	2	0	2	2	0	2	PASS	
Script/CardEffects/CanSelectDigiXrosClass.cs	2	0	2	2	0	2	PASS	
Script/CardEffects/CanSuspendByDigisorptionClass.cs	2	0	2	2	0	2	PASS	
Script/CardEffects/CannotAddMemoryClass.cs	2	0	2	2	0	2	PASS	
Script/CardEffects/CannotAddSecurityClass.cs	2	0	2	2	0	2	PASS	
Script/CardEffects/CannotBlockClass.cs	2	0	2	2	0	2	PASS	
Script/CardEffects/CannotIgnoreDigivolutionConditionClass.cs	2	0	2	2	0	2	PASS	
Script/CardEffects/CannotReduceCostClass.cs	2	0	2	2	0	2	PASS	
Script/CardEffects/CannotReturnToHandClass.cs	2	0	2	2	0	2	PASS	
Script/CardEffects/CannotReturnToLibraryClass.cs	2	0	2	2	0	2	PASS	
Script/CardEffects/ChangeBaseCardColorClass.cs	2	0	2	2	0	2	PASS	
Script/CardEffects/ChangeBaseCardNameClass.cs	2	0	2	2	0	2	PASS	
Script/CardEffects/ChangeBaseDPClass.cs	2	0	2	2	0	2	PASS	
Script/CardEffects/ChangeCardColorClass.cs	2	0	2	2	0	2	PASS	
Script/CardEffects/ChangeCardDPClass.cs	2	0	2	2	0	2	PASS	
Script/CardEffects/ChangeCardLevelClass .cs	2	0	2	2	0	2	PASS	
Script/CardEffects/ChangeCardLevelForAssemblyClass.cs	2	0	2	2	0	2	PASS	
Script/CardEffects/ChangeCardNamesClass.cs	2	0	2	2	0	2	PASS	
Script/CardEffects/ChangeCardNamesForDigiXrosClass.cs	2	0	2	2	0	2	PASS	
Script/CardEffects/ChangeCostClass.cs	2	0	2	2	0	2	PASS	
Script/CardEffects/ChangeDPClass.cs	2	0	2	2	0	2	PASS	
Script/CardEffects/ChangeDPDeleteEffectMaxDPClass.cs	2	0	2	2	0	2	PASS	
Script/CardEffects/ChangeEndTurnMinMemoryClass.cs	2	0	2	2	0	2	PASS	
Script/CardEffects/ChangeLinkCostClass.cs	2	0	2	2	0	2	PASS	
Script/CardEffects/ChangeLinkMaxClass.cs	2	0	2	2	0	2	PASS	
Script/CardEffects/ChangePermanentLevelClass.cs	2	0	2	2	0	2	PASS	
Script/CardEffects/ChangeSAttackClass.cs	2	0	2	2	0	2	PASS	
Script/CardEffects/ChangeTraitsClass.cs	2	0	2	2	0	2	PASS	
Script/CardEffects/CollisionClass.cs	2	0	2	2	0	2	PASS	
Script/CardEffects/DisableEffectClass.cs	2	0	2	2	0	2	PASS	
Script/CardEffects/DontBattleSecurityDigimonClass.cs	2	0	2	2	0	2	PASS	
Script/CardEffects/DontHaveDPClass.cs	2	0	2	2	0	2	PASS	
Script/CardEffects/IcecladClass.cs	2	0	2	2	0	2	PASS	
Script/CardEffects/IgnoreColorConditionClass.cs	2	0	2	2	0	2	PASS	
Script/CardEffects/ImmuneFromDPMinusClass.cs	2	0	2	2	0	2	PASS	
Script/CardEffects/ImmuneFromDeDigivolveClass.cs	2	0	2	2	0	2	PASS	
Script/CardEffects/ImmuneFromStackTrashingClass.cs	2	0	2	2	0	2	PASS	
Script/CardEffects/InvertSAttackClass.cs	2	0	2	2	0	2	PASS	
Script/CardEffects/RebootClass.cs	2	0	2	2	0	2	PASS	
Script/CardEffects/RushClass.cs	2	0	2	2	0	2	PASS	
Script/CardEffects/ScapegoatClass.cs	2	0	2	2	0	2	PASS	
Script/CardEffects/TreatAsDigimonClass.cs	2	0	2	2	0	2	PASS	
Script/CardEffects/VortexCanAttackPlayersClass.cs	2	0	2	2	0	2	PASS	
Script/CardObjectController.cs	243	0	243	243	0	239	PASS	
Script/CardSource.cs	705	3	702	702	3	700	PASS	
Script/CheckEffectDisabledClass.cs	21	0	21	21	0	21	PASS	
Script/ContinuousController.cs	207	6	201	201	6	201	PASS	
Script/CutInProcess.cs	32	0	32	32	0	32	PASS	
Script/DataBase.cs	24	0	24	24	0	24	PASS	
Script/Effects.cs	127	0	127	127	0	127	PASS	
Script/FieldPermanentCard.cs	128	0	128	128	0	128	PASS	
Script/GManager.cs	105	0	105	105	0	105	PASS	
Script/GameContext.cs	76	0	76	76	0	76	PASS	
Script/ICardEffect.cs	263	6	257	257	6	257	PASS	
Script/IEnumerableExtension.cs	5	0	5	5	0	5	PASS	
Script/MainPhaseAction/ActivateCardAction.cs	2	0	2	2	0	2	PASS	
Script/MainPhaseAction/ActivatePermanentAction.cs	2	0	2	2	0	2	PASS	
Script/MainPhaseAction/AttackPermanentAction.cs	3	0	3	3	0	3	PASS	
Script/MainPhaseAction/MainPhaseAction.cs	8	0	8	8	0	8	PASS	
Script/MainPhaseAction/PassAction.cs	4	0	4	4	0	4	PASS	
Script/MainPhaseAction/PlayCardAction.cs	2	0	2	2	0	2	PASS	
Script/MemoryObject.cs	42	0	42	42	0	42	PASS	
Script/MultipleSkills.cs	85	1	84	84	1	84	PASS	
Script/OptionResolutionClass.cs	22	0	22	22	0	22	PASS	
Script/OptionalSkill.cs	25	0	25	25	0	25	PASS	
Script/Permanent.cs	921	12	909	909	12	901	PASS	
Script/PermanentEffectFactory.cs	59	0	59	59	0	59	PASS	
Script/PlayLog.cs	32	0	32	32	0	32	PASS	
Script/Player.cs	250	0	250	250	0	250	PASS	
Script/PlayerSelection/ValueSelection.cs	4	0	4	4	0	4	PASS	
Script/SecurityObject.cs	55	0	55	55	0	55	PASS	
Script/SelectAppFusionEffect.cs	32	2	30	30	2	29	PASS	
Script/SelectAssemblyClass.cs	61	1	60	60	1	60	PASS	
Script/SelectAttackEffect.cs	79	0	79	79	0	77	PASS	
Script/SelectBurstDigivolutionEffect.cs	73	0	73	73	0	72	PASS	
Script/SelectCardEffect.cs	152	0	152	152	0	125	PASS	
Script/SelectCardPanel.cs	11	0	11	11	0	11	PASS	
Script/SelectCountEffect.cs	101	0	101	101	0	100	PASS	
Script/SelectDNACondition.cs	22	1	21	21	1	21	PASS	
Script/SelectDigiXrosClass.cs	83	0	83	83	0	82	PASS	
Script/SelectHandEffect.cs	109	0	109	109	0	77	PASS	
Script/SelectJogressEffect.cs	46	2	44	44	2	44	PASS	
Script/SelectPermanentEffect.cs	170	0	170	170	0	155	PASS	
Script/SkillInfo.cs	17	0	17	17	0	17	PASS	
Script/TurnStateMachine.cs	355	0	355	355	0	304	PASS	
Script/UserSelectionManager.cs	102	0	102	102	0	102	PASS	
Script/Utils.cs	6	0	6	6	0	6	PASS	
