156	CardEffect/AD1/Blue/AD1_011.cs
348	CardEffect/AD1/Blue/AD1_012.cs
218	CardEffect/AD1/Blue/AD1_013.cs
366	CardEffect/AD1/Red/AD1_006.cs
258	CardEffect/AD1/Red/AD1_025.cs
5	CardEffect/BT1/Blue/BT1_003.cs
8	CardEffect/BT1/Blue/BT1_004.cs
4	CardEffect/BT1/Blue/BT1_029.cs
4	CardEffect/BT1/Blue/BT1_030.cs
0	CardEffect/BT1/Blue/BT1_031.cs
8	CardEffect/BT1/Blue/BT1_033.cs
0	CardEffect/BT1/Blue/BT1_034.cs
2	CardEffect/BT1/Blue/BT1_035.cs
10	CardEffect/BT1/Blue/BT1_036.cs
9	CardEffect/BT1/Blue/BT1_039.cs
42	CardEffect/BT1/Blue/BT1_040.cs
9	CardEffect/BT1/Blue/BT1_041.cs
14	CardEffect/BT1/Blue/BT1_043.cs
11	CardEffect/BT1/Blue/BT1_044.cs
16	CardEffect/BT1/Blue/BT1_086.cs
13	CardEffect/BT1/Blue/BT1_096.cs
6	CardEffect/BT1/Blue/BT1_097.cs
10	CardEffect/BT1/Blue/BT1_098.cs
8	CardEffect/BT1/Blue/BT1_099.cs
10	CardEffect/BT1/Blue/BT1_100.cs
6	CardEffect/BT1/Blue/BT1_101.cs
6	CardEffect/BT1/Blue/BT1_115.cs
4	CardEffect/BT1/Green/BT1_007.cs
4	CardEffect/BT1/Green/BT1_008.cs
6	CardEffect/BT1/Green/BT1_066.cs
8	CardEffect/BT1/Green/BT1_067.cs
5	CardEffect/BT1/Green/BT1_068.cs
6	CardEffect/BT1/Green/BT1_070.cs
17	CardEffect/BT1/Green/BT1_073.cs
10	CardEffect/BT1/Green/BT1_074.cs
2	CardEffect/BT1/Green/BT1_076.cs
5	CardEffect/BT1/Green/BT1_077.cs
17	CardEffect/BT1/Green/BT1_078.cs
6	CardEffect/BT1/Green/BT1_079.cs
7	CardEffect/BT1/Green/BT1_081.cs
9	CardEffect/BT1/Green/BT1_082.cs
0	CardEffect/BT1/Green/BT1_083.cs
26	CardEffect/BT1/Green/BT1_088.cs
17	CardEffect/BT1/Green/BT1_089.cs
17	CardEffect/BT1/Green/BT1_108.cs
64	CardEffect/BT1/Green/BT1_109.cs
16	CardEffect/BT1/Green/BT1_110.cs
16	CardEffect/BT1/Green/BT1_111.cs
15	CardEffect/BT1/Green/BT1_112.cs
19	CardEffect/BT1/Green/BT1_113.cs
6	CardEffect/BT1/Red/BT1_001.cs
3	CardEffect/BT1/Red/BT1_002.cs
6	CardEffect/BT1/Red/BT1_010.cs
6	CardEffect/BT1/Red/BT1_011.cs
6	CardEffect/BT1/Red/BT1_012.cs
6	CardEffect/BT1/Red/BT1_015.cs
0	CardEffect/BT1/Red/BT1_016.cs
14	CardEffect/BT1/Red/BT1_017.cs
9	CardEffect/BT1/Red/BT1_018.cs
6	CardEffect/BT1/Red/BT1_021.cs
4	CardEffect/BT1/Red/BT1_022.cs
8	CardEffect/BT1/Red/BT1_023.cs
17	CardEffect/BT1/Red/BT1_025.cs
0	CardEffect/BT1/Red/BT1_026.cs
0	CardEffect/BT1/Red/BT1_085.cs
4	CardEffect/BT1/Red/BT1_090.cs
10	CardEffect/BT1/Red/BT1_091.cs
13	CardEffect/BT1/Red/BT1_092.cs
11	CardEffect/BT1/Red/BT1_093.cs
12	CardEffect/BT1/Red/BT1_094.cs
16	CardEffect/BT1/Red/BT1_095.cs
2	CardEffect/BT1/Red/BT1_114.cs
20	CardEffect/BT1/White/BT1_084.cs
8	CardEffect/BT1/Yellow/BT1_005.cs
6	CardEffect/BT1/Yellow/BT1_006.cs
6	CardEffect/BT1/Yellow/BT1_046.cs
24	CardEffect/BT1/Yellow/BT1_048.cs
6	CardEffect/BT1/Yellow/BT1_049.cs
6	CardEffect/BT1/Yellow/BT1_053.cs
12	CardEffect/BT1/Yellow/BT1_054.cs
12	CardEffect/BT1/Yellow/BT1_055.cs
12	CardEffect/BT1/Yellow/BT1_056.cs
8	CardEffect/BT1/Yellow/BT1_061.cs
10	CardEffect/BT1/Yellow/BT1_062.cs
18	CardEffect/BT1/Yellow/BT1_087.cs
2	CardEffect/BT1/Yellow/BT1_102.cs
13	CardEffect/BT1/Yellow/BT1_103.cs
26	CardEffect/BT1/Yellow/BT1_104.cs
6	CardEffect/BT1/Yellow/BT1_105.cs
8	CardEffect/BT1/Yellow/BT1_106.cs
2	CardEffect/BT1/Yellow/BT1_107.cs
210	CardEffect/BT10/Purple/BT10_084.cs
216	CardEffect/BT10/Red/BT10_111.cs
539	CardEffect/BT10/White/BT10_086.cs
177	CardEffect/BT12/Yellow/BT12_044.cs
84	CardEffect/BT13/Blue/BT13_023.cs
281	CardEffect/BT13/Blue/BT13_028.cs
258	CardEffect/BT13/Blue/BT13_033.cs
257	CardEffect/BT14/Black/BT14_097.cs
332	CardEffect/BT14/Blue/BT14_030.cs
227	CardEffect/BT14/Purple/BT14_081.cs
222	CardEffect/BT14/Red/BT14_018.cs
12	CardEffect/BT14/Yellow/BT14_035.cs
97	CardEffect/BT15/Blue/BT15_083.cs
260	CardEffect/BT15/Purple/BT15_078.cs
130	CardEffect/BT15/Red/BT15_082.cs
513	CardEffect/BT15/White/BT15_102.cs
72	CardEffect/BT15/Yellow/BT15_037.cs
46	CardEffect/BT16/Black/BT16_052.cs
132	CardEffect/BT16/Blue/BT16_025.cs
77	CardEffect/BT16/Yellow/BT16_033.cs
602	CardEffect/BT17/Blue/BT17_026.cs
406	CardEffect/BT17/Purple/BT17_068.cs
595	CardEffect/BT17/Red/BT17_095.cs
276	CardEffect/BT18/Black/BT18_065.cs
373	CardEffect/BT18/Yellow/BT18_034.cs
249	CardEffect/BT18/Yellow/BT18_042.cs
198	CardEffect/BT18/Yellow/BT18_098.cs
350	CardEffect/BT19/Black/BT19_061.cs
174	CardEffect/BT19/Blue/BT19_024.cs
194	CardEffect/BT19/Blue/BT19_081.cs
107	CardEffect/BT19/Purple/BT19_071.cs
152	CardEffect/BT19/Red/BT19_089.cs
204	CardEffect/BT19/Red/BT19_091.cs
373	CardEffect/BT19/Yellow/BT19_035.cs
2	CardEffect/BT2/Black/BT2_005.cs
8	CardEffect/BT2/Black/BT2_006.cs
26	CardEffect/BT2/Black/BT2_053.cs
0	CardEffect/BT2/Black/BT2_055.cs
7	CardEffect/BT2/Black/BT2_057.cs
0	CardEffect/BT2/Black/BT2_058.cs
6	CardEffect/BT2/Black/BT2_062.cs
2	CardEffect/BT2/Black/BT2_063.cs
0	CardEffect/BT2/Black/BT2_065.cs
21	CardEffect/BT2/Black/BT2_066.cs
11	CardEffect/BT2/Black/BT2_112.cs
4	CardEffect/BT2/Blue/BT2_002.cs
4	CardEffect/BT2/Blue/BT2_023.cs
12	CardEffect/BT2/Blue/BT2_025.cs
6	CardEffect/BT2/Blue/BT2_026.cs
0	CardEffect/BT2/Blue/BT2_029.cs
4	CardEffect/BT2/Blue/BT2_031.cs
4	CardEffect/BT2/Blue/BT2_085.cs
6	CardEffect/BT2/Blue/BT2_095.cs
14	CardEffect/BT2/Green/BT2_044.cs
96	CardEffect/BT2/Green/BT2_045.cs
30	CardEffect/BT2/Green/BT2_047.cs
106	CardEffect/BT2/Green/BT2_050.cs
10	CardEffect/BT2/Green/BT2_051.cs
12	CardEffect/BT2/Green/BT2_102.cs
8	CardEffect/BT2/Purple/BT2_008.cs
6	CardEffect/BT2/Purple/BT2_070.cs
4	CardEffect/BT2/Purple/BT2_073.cs
0	CardEffect/BT2/Purple/BT2_074.cs
9	CardEffect/BT2/Purple/BT2_080.cs
21	CardEffect/BT2/Purple/BT2_081.cs
6	CardEffect/BT2/Purple/BT2_090.cs
12	CardEffect/BT2/Purple/BT2_110.cs
8	CardEffect/BT2/Red/BT2_001.cs
2	CardEffect/BT2/Red/BT2_010.cs
2	CardEffect/BT2/Red/BT2_012.cs
12	CardEffect/BT2/Red/BT2_013.cs
17	CardEffect/BT2/Red/BT2_015.cs
16	CardEffect/BT2/Red/BT2_019.cs
27	CardEffect/BT2/Red/BT2_084.cs
12	CardEffect/BT2/Red/BT2_091.cs
8	CardEffect/BT2/Red/BT2_092.cs
27	CardEffect/BT2/White/BT2_082.cs
2	CardEffect/BT2/Yellow/BT2_003.cs
16	CardEffect/BT2/Yellow/BT2_033.cs
11	CardEffect/BT2/Yellow/BT2_034.cs
30	CardEffect/BT2/Yellow/BT2_035.cs
15	CardEffect/BT2/Yellow/BT2_040.cs
6	CardEffect/BT2/Yellow/BT2_087.cs
8	CardEffect/BT2/Yellow/BT2_097.cs
12	CardEffect/BT2/Yellow/BT2_099.cs
196	CardEffect/BT20/Blue/BT20_025.cs
206	CardEffect/BT20/Purple/BT20_072.cs
308	CardEffect/BT20/Purple/BT20_079.cs
212	CardEffect/BT20/Red/BT20_017.cs
239	CardEffect/BT21/Black/BT21_058.cs
197	CardEffect/BT21/Black/BT21_059.cs
426	CardEffect/BT21/Purple/BT21_077.cs
208	CardEffect/BT21/Red/BT21_029.cs
464	CardEffect/BT21/Red/BT21_030.cs
73	CardEffect/BT22/Green/BT22_044.cs
82	CardEffect/BT22/Yellow/BT22_003.cs
289	CardEffect/BT22/Yellow/BT22_035.cs
176	CardEffect/BT22/Yellow/BT22_040.cs
199	CardEffect/BT22/Yellow/BT22_087.cs
318	CardEffect/BT23/Black/BT23_057.cs
360	CardEffect/BT23/Blue/BT23_021.cs
201	CardEffect/BT23/Yellow/BT23_081.cs
227	CardEffect/BT24/Black/BT24_062.cs
186	CardEffect/BT24/Red/BT24_018.cs
174	CardEffect/BT25/Black/BT25_061.cs
335	CardEffect/BT25/Black/BT25_070.cs
385	CardEffect/BT25/Black/BT25_072.cs
296	CardEffect/BT25/Black/BT25_075.cs
347	CardEffect/BT25/Black/BT25_101.cs
240	CardEffect/BT25/Black/BT25_102.cs
506	CardEffect/BT25/Blue/BT25_096.cs
62	CardEffect/BT25/Green/BT25_004.cs
329	CardEffect/BT25/Green/BT25_052.cs
331	CardEffect/BT25/Green/BT25_056.cs
377	CardEffect/BT25/Green/BT25_089.cs
262	CardEffect/BT25/Purple/BT25_092.cs
119	CardEffect/BT25/Red/BT25_019.cs
240	CardEffect/BT25/Red/BT25_094.cs
346	CardEffect/BT25/Red/BT25_104.cs
88	CardEffect/BT25/Yellow/BT25_034.cs
276	CardEffect/BT25/Yellow/BT25_039.cs
269	CardEffect/BT25/Yellow/BT25_040.cs
243	CardEffect/BT25/Yellow/BT25_043.cs
39	CardEffect/BT3/Green/BT3_056.cs
27	CardEffect/BT3/Green/BT3_103.cs
17	CardEffect/BT5/Green/BT5_056.cs
24	CardEffect/BT5/White/BT5_086.cs
11	CardEffect/BT6/Black/BT6_067.cs
5	CardEffect/BT6/Black/BT6_106.cs
5	CardEffect/BT6/Red/BT6_095.cs
29	CardEffect/BT7/Black/BT7_058.cs
47	CardEffect/BT7/Blue/BT7_087.cs
101	CardEffect/BT7/Green/BT7_055.cs
164	CardEffect/BT7/White/BT7_112.cs
0	CardEffect/BT8/Black/BT8_059.cs
16	CardEffect/BT8/Black/BT8_092.cs
17	CardEffect/BT8/Green/BT8_057.cs
0	CardEffect/BT8/Purple/BT8_071.cs
8	CardEffect/BT8/Yellow/BT8_090.cs
10	CardEffect/BT9/Black/BT9_062.cs
8	CardEffect/BT9/Black/BT9_103.cs
25	CardEffect/BT9/Black/BT9_111.cs
31	CardEffect/BT9/Blue/BT9_021.cs
17	CardEffect/BT9/Blue/BT9_031.cs
19	CardEffect/BT9/Purple/BT9_081.cs
12	CardEffect/BT9/Red/BT9_009.cs
4	CardEffect/BT9/Red/BT9_013.cs
26	CardEffect/BT9/White/BT9_109.cs
48	CardEffect/BT9/Yellow/BT9_043.cs
102	CardEffect/EX1/White/EX1_072.cs
39	CardEffect/EX10/Black/EX10_002.cs
177	CardEffect/EX10/Black/EX10_029.cs
286	CardEffect/EX10/Purple/EX10_043.cs
328	CardEffect/EX10/Purple/EX10_045.cs
164	CardEffect/EX10/Red/EX10_010.cs
38	CardEffect/EX11/Black/EX11_004.cs
234	CardEffect/EX11/Green/EX11_074.cs
142	CardEffect/EX11/White/EX11_070.cs
330	CardEffect/EX2/White/EX2_072.cs
309	CardEffect/EX4/Blue/EX4_020.cs
178	CardEffect/EX4/Blue/EX4_062.cs
318	CardEffect/EX4/Red/EX4_013.cs
177	CardEffect/EX5/Black/EX5_053.cs
341	CardEffect/EX5/Black/EX5_055.cs
40	CardEffect/EX5/Purple/EX5_058.cs
299	CardEffect/EX6/Black/EX6_044.cs
54	CardEffect/EX6/Red/EX6_001.cs
316	CardEffect/EX6/Red/EX6_011.cs
146	CardEffect/EX6/White/EX6_072.cs
415	CardEffect/EX7/Purple/EX7_058.cs
261	CardEffect/EX7/Purple/EX7_072.cs
148	CardEffect/EX7/Red/EX7_010.cs
300	CardEffect/EX7/Red/EX7_014.cs
92	CardEffect/EX8/Black/EX8_051.cs
252	CardEffect/EX8/Blue/EX8_026.cs
310	CardEffect/EX8/Blue/EX8_028.cs
137	CardEffect/EX8/Blue/EX8_068.cs
444	CardEffect/EX8/Green/EX8_074.cs
457	CardEffect/EX8/Purple/EX8_059.cs
242	CardEffect/EX8/Purple/EX8_061.cs
157	CardEffect/EX8/Purple/EX8_072.cs
64	CardEffect/EX8/Yellow/EX8_030.cs
215	CardEffect/EX8/Yellow/EX8_037.cs
336	CardEffect/EX9/Purple/EX9_062.cs
30	CardEffect/EX9/Red/EX9_008.cs
478	CardEffect/EX9/White/EX9_074.cs
66	CardEffect/LM/Blue/LM_046.cs
88	CardEffect/LM/Purple/LM_018.cs
76	CardEffect/LM/Yellow/LM_047.cs
179	CardEffect/LM/Yellow/LM_054.cs
215	CardEffect/P/Black/P_234.cs
22	CardEffect/P/Blue/P_048.cs
52	CardEffect/P/Blue/P_098.cs
110	CardEffect/P/Purple/P_198.cs
361	CardEffect/P/Purple/P_223.cs
68	CardEffect/P/Yellow/P_165.cs
0	CardEffect/ST1/Red/ST1_01.cs
0	CardEffect/ST1/Red/ST1_03.cs
2	CardEffect/ST1/Red/ST1_06.cs
0	CardEffect/ST1/Red/ST1_07.cs
14	CardEffect/ST1/Red/ST1_08.cs
4	CardEffect/ST1/Red/ST1_09.cs
8	CardEffect/ST1/Red/ST1_11.cs
0	CardEffect/ST1/Red/ST1_12.cs
14	CardEffect/ST1/Red/ST1_13.cs
8	CardEffect/ST1/Red/ST1_14.cs
8	CardEffect/ST1/Red/ST1_15.cs
6	CardEffect/ST1/Red/ST1_16.cs
246	CardEffect/ST13/Red/ST13_06.cs
25	CardEffect/ST15/Black/ST15_02.cs
10	CardEffect/ST16/Purple/ST16_14.cs
297	CardEffect/ST17/Blue/ST17_13.cs
297	CardEffect/ST17/Green/ST17_08.cs
17	CardEffect/ST2/Blue/ST2_01.cs
19	CardEffect/ST2/Blue/ST2_03.cs
15	CardEffect/ST2/Blue/ST2_06.cs
8	CardEffect/ST2/Blue/ST2_08.cs
19	CardEffect/ST2/Blue/ST2_09.cs
6	CardEffect/ST2/Blue/ST2_11.cs
4	CardEffect/ST2/Blue/ST2_12.cs
4	CardEffect/ST2/Blue/ST2_13.cs
38	CardEffect/ST2/Blue/ST2_14.cs
20	CardEffect/ST2/Blue/ST2_15.cs
6	CardEffect/ST2/Blue/ST2_16.cs
123	CardEffect/ST20/White/ST20_15.cs
284	CardEffect/ST22/Red/ST22_08.cs
268	CardEffect/ST22/Red/ST22_12.cs
6	CardEffect/ST3/Yellow/ST3_01.cs
2	CardEffect/ST3/Yellow/ST3_04.cs
4	CardEffect/ST3/Yellow/ST3_05.cs
12	CardEffect/ST3/Yellow/ST3_08.cs
10	CardEffect/ST3/Yellow/ST3_09.cs
10	CardEffect/ST3/Yellow/ST3_11.cs
5	CardEffect/ST3/Yellow/ST3_12.cs
20	CardEffect/ST3/Yellow/ST3_13.cs
14	CardEffect/ST3/Yellow/ST3_14.cs
18	CardEffect/ST3/Yellow/ST3_15.cs
14	CardEffect/ST3/Yellow/ST3_16.cs
5	CardEffect/ST4/Green/ST4_01.cs
24	CardEffect/ST4/Green/ST4_03.cs
6	CardEffect/ST4/Green/ST4_04.cs
8	CardEffect/ST4/Green/ST4_10.cs
11	CardEffect/ST4/Green/ST4_11.cs
24	CardEffect/ST4/Green/ST4_12.cs
14	CardEffect/ST4/Green/ST4_13.cs
6	CardEffect/ST4/Green/ST4_14.cs
19	CardEffect/ST4/Green/ST4_15.cs
12	CardEffect/ST4/Green/ST4_16.cs
19	CardEffect/ST5/Black/ST5_04.cs
12	CardEffect/ST5/Black/ST5_09.cs
5	CardEffect/ST5/Black/ST5_11.cs
38	CardEffect/ST6/Purple/ST6_12.cs
0	CardEffect/ST7/Red/ST7_10.cs
362	Script/AttackProcess.cs
405	Script/AutoProcessing.cs
38	Script/BrainStormObject.cs
205	Script/CEntity_Base.cs
183	Script/CEntity_EffectController.cs
2943	Script/CardController.cs
2089	Script/CardEffectCommons.cs
4	Script/CardEffectCommons/CanUseEffects/CanSuspend.cs
4	Script/CardEffectCommons/CanUseEffects/CanUnsuspend.cs
2	Script/CardEffectCommons/CanUseEffects/IgnoreBattle.cs
2	Script/CardEffectCommons/CanUseEffects/OnAddDigivolutionCards.cs
2	Script/CardEffectCommons/CanUseEffects/OnAttack.cs
2	Script/CardEffectCommons/CanUseEffects/OnAttackTargetSwitch.cs
2	Script/CardEffectCommons/CanUseEffects/OnCardsAddedToHand.cs
2	Script/CardEffectCommons/CanUseEffects/OnCardsReturnToHandFromTrash.cs
2	Script/CardEffectCommons/CanUseEffects/OnCardsReturnToLibraryFromTrash.cs
14	Script/CardEffectCommons/CanUseEffects/OnDeletion.cs
2	Script/CardEffectCommons/CanUseEffects/OnEndAttack.cs
2	Script/CardEffectCommons/CanUseEffects/OnFaceUpSecurityIncrease.cs
2	Script/CardEffectCommons/CanUseEffects/OnMove.cs
4	Script/CardEffectCommons/CanUseEffects/OnReturnLibraryBottomDigivolutionCards.cs
2	Script/CardEffectCommons/CanUseEffects/OnSuspend.cs
4	Script/CardEffectCommons/CanUseEffects/OnTrashBySelfDigiBurst.cs
2	Script/CardEffectCommons/CanUseEffects/OnTrashDigivolutionCard.cs
2	Script/CardEffectCommons/CanUseEffects/OnTrashHand.cs
2	Script/CardEffectCommons/CanUseEffects/OnTrashLinkCard.cs
2	Script/CardEffectCommons/CanUseEffects/OnTrashLinkedCard.cs
2	Script/CardEffectCommons/CanUseEffects/OnUnsuspend.cs
6	Script/CardEffectCommons/CanUseEffects/OptionEffect.cs
2	Script/CardEffectCommons/CanUseEffects/PermanentEnterField/OnPlay.cs
2	Script/CardEffectCommons/CanUseEffects/PermanentEnterField/PermanentEnterField.cs
2	Script/CardEffectCommons/CanUseEffects/PermanentEnterField/WhenDigivolving.cs
2	Script/CardEffectCommons/CanUseEffects/SecurityEffect.cs
2	Script/CardEffectCommons/CanUseEffects/WhenAddHand.cs
2	Script/CardEffectCommons/CanUseEffects/WhenDeleteOpponentDigimon.cs
2	Script/CardEffectCommons/CanUseEffects/WhenDeleteOpponentDigimonByBattle.cs
2	Script/CardEffectCommons/CanUseEffects/WhenDiscardLibrary.cs
2	Script/CardEffectCommons/CanUseEffects/WhenDiscardSecurity.cs
2	Script/CardEffectCommons/CanUseEffects/WhenLinked.cs
2	Script/CardEffectCommons/CanUseEffects/WhenLoseSecurity.cs
4	Script/CardEffectCommons/CanUseEffects/WhenPermanentWouldDigivolve.cs
2	Script/CardEffectCommons/CanUseEffects/WhenPermanentWouldPlay.cs
2	Script/CardEffectCommons/CanUseEffects/WhenRemoveField.cs
2	Script/CardEffectCommons/CanUseEffects/WhenUseDigiBurst.cs
2	Script/CardEffectCommons/CanUseEffects/WhenUseOption.cs
2	Script/CardEffectCommons/CanUseEffects/WhenWinBattle.cs
2	Script/CardEffectCommons/CanUseEffects/WhenWouldLink.cs
2	Script/CardEffectCommons/CanUseEffects/WhendAddSecurity.cs
2	Script/CardEffectCommons/CustomMessage.cs
375	Script/CardEffectCommons/DNADigivolveEffects.cs
4	Script/CardEffectCommons/DigiXrosEffects.cs
306	Script/CardEffectCommons/GameContextDeterminarion.cs
2	Script/CardEffectCommons/GetFromHashtable.cs
40	Script/CardEffectCommons/GiveEffect/GiveEffectToPermanent/CanNoReturnToDeck.cs
43	Script/CardEffectCommons/GiveEffect/GiveEffectToPermanent/CanNotAttack.cs
43	Script/CardEffectCommons/GiveEffect/GiveEffectToPermanent/CanNotBeAttacked.cs
45	Script/CardEffectCommons/GiveEffect/GiveEffectToPermanent/CanNotBeBlocked.cs
33	Script/CardEffectCommons/GiveEffect/GiveEffectToPermanent/CanNotBeDeletedByBattle.cs
40	Script/CardEffectCommons/GiveEffect/GiveEffectToPermanent/CanNotBeDeletedByEffect.cs
59	Script/CardEffectCommons/GiveEffect/GiveEffectToPermanent/CanNotBlock.cs
40	Script/CardEffectCommons/GiveEffect/GiveEffectToPermanent/CanNotReturnToHand.cs
77	Script/CardEffectCommons/GiveEffect/GiveEffectToPermanent/CanNotSuspend.cs
100	Script/CardEffectCommons/GiveEffect/GiveEffectToPermanent/CanNotUnsuspend.cs
27	Script/CardEffectCommons/GiveEffect/GiveEffectToPermanent/ChangeDP.cs
63	Script/CardEffectCommons/GiveEffect/GiveEffectToPermanent/ChangeLinkMax.cs
23	Script/CardEffectCommons/GiveEffect/GiveEffectToPermanent/ChangeOriginDP.cs
115	Script/CardEffectCommons/GiveEffect/GiveEffectToPermanent/ChangeSAttack.cs
8	Script/CardEffectCommons/GiveEffect/GiveEffectToPermanent/DeleteSelf.cs
40	Script/CardEffectCommons/GiveEffect/GiveEffectToPermanent/ImmuneFromDPMinus.cs
9	Script/CardEffectCommons/GiveEffect/GiveEffectToPermanent/StartOfMainAttack.cs
66	Script/CardEffectCommons/GiveEffect/GiveEffectToPermanent/TamerBecomesDigimonThatCanNotDigivolve.cs
19	Script/CardEffectCommons/GiveEffect/GiveEffectToPermanentOrPlayer.cs
43	Script/CardEffectCommons/GiveEffect/GiveEffectToPlayer/CanNoReturnToDeck.cs
64	Script/CardEffectCommons/GiveEffect/GiveEffectToPlayer/CanNotAttack.cs
47	Script/CardEffectCommons/GiveEffect/GiveEffectToPlayer/CanNotBeDeletedByBattle.cs
46	Script/CardEffectCommons/GiveEffect/GiveEffectToPlayer/CanNotBlock.cs
42	Script/CardEffectCommons/GiveEffect/GiveEffectToPlayer/CanNotReturnToHand.cs
48	Script/CardEffectCommons/GiveEffect/GiveEffectToPlayer/CanNotSuspend.cs
48	Script/CardEffectCommons/GiveEffect/GiveEffectToPlayer/CanNotUnsuspend.cs
29	Script/CardEffectCommons/GiveEffect/GiveEffectToPlayer/ChangeCardDP.cs
33	Script/CardEffectCommons/GiveEffect/GiveEffectToPlayer/ChangeDP.cs
30	Script/CardEffectCommons/GiveEffect/GiveEffectToPlayer/ChangeDigivolutionCost.cs
30	Script/CardEffectCommons/GiveEffect/GiveEffectToPlayer/ChangePlayCost.cs
59	Script/CardEffectCommons/GiveEffect/GiveEffectToPlayer/ChangeSAttack.cs
27	Script/CardEffectCommons/GiveEffect/GiveEffectToPlayer/IgnoreDigivolutionRequirement.cs
42	Script/CardEffectCommons/GiveEffect/GiveEffectToPlayer/ImmuneFromDPMinus.cs
64	Script/CardEffectCommons/HashtableSetting.cs
2	Script/CardEffectCommons/IsDigivolvedByTheEffect.cs
161	Script/CardEffectCommons/KeyWordEffects/Alliance.cs
46	Script/CardEffectCommons/KeyWordEffects/ArmorPurge.cs
18	Script/CardEffectCommons/KeyWordEffects/Ascension.cs
50	Script/CardEffectCommons/KeyWordEffects/Barrier.cs
77	Script/CardEffectCommons/KeyWordEffects/Blitz.cs
63	Script/CardEffectCommons/KeyWordEffects/Blocker.cs
19	Script/CardEffectCommons/KeyWordEffects/Collision.cs
112	Script/CardEffectCommons/KeyWordEffects/Decode.cs
28	Script/CardEffectCommons/KeyWordEffects/Decoy.cs
46	Script/CardEffectCommons/KeyWordEffects/Evade.cs
28	Script/CardEffectCommons/KeyWordEffects/Execute.cs
64	Script/CardEffectCommons/KeyWordEffects/Fortitude.cs
64	Script/CardEffectCommons/KeyWordEffects/Fragment.cs
33	Script/CardEffectCommons/KeyWordEffects/Iceclad.cs
34	Script/CardEffectCommons/KeyWordEffects/Jamming.cs
106	Script/CardEffectCommons/KeyWordEffects/MaterialSave.cs
70	Script/CardEffectCommons/KeyWordEffects/MindLink.cs
140	Script/CardEffectCommons/KeyWordEffects/Overclock.cs
157	Script/CardEffectCommons/KeyWordEffects/Partition.cs
61	Script/CardEffectCommons/KeyWordEffects/Pierce.cs
61	Script/CardEffectCommons/KeyWordEffects/Progress.cs
70	Script/CardEffectCommons/KeyWordEffects/Raid.cs
34	Script/CardEffectCommons/KeyWordEffects/Reboot.cs
120	Script/CardEffectCommons/KeyWordEffects/Retaliation.cs
63	Script/CardEffectCommons/KeyWordEffects/Rush.cs
29	Script/CardEffectCommons/KeyWordEffects/Save.cs
53	Script/CardEffectCommons/KeyWordEffects/Scapegoat.cs
24	Script/CardEffectCommons/KeyWordEffects/Training.cs
116	Script/CardEffectCommons/KeyWordEffects/Vortex.cs
54	Script/CardEffectCommons/MinMax_DP_Cost_Level/Cost/IsMaxCost.cs
36	Script/CardEffectCommons/MinMax_DP_Cost_Level/Cost/IsMinCost.cs
25	Script/CardEffectCommons/MinMax_DP_Cost_Level/DP/IsMaxDP.cs
26	Script/CardEffectCommons/MinMax_DP_Cost_Level/DP/IsMinDP.cs
24	Script/CardEffectCommons/MinMax_DP_Cost_Level/DigivolutionCards/IsMinDigivolutionCards.cs
23	Script/CardEffectCommons/MinMax_DP_Cost_Level/Level/IsMaxLevel.cs
48	Script/CardEffectCommons/MinMax_DP_Cost_Level/Level/IsMinLevel.cs
682	Script/CardEffectCommons/RevealLibrary.cs
11	Script/CardEffectCommons/ShowReducedCost.cs
108	Script/CardEffectCommons/TrashDigivolutionCards.cs
109	Script/CardEffectCommons/TrashLinkedCards.cs
673	Script/CardEffectFactory.cs
5	Script/CardEffectFactory/AddAppfusionMethod.cs
8	Script/CardEffectFactory/AddDigivolutionRequirement.cs
0	Script/CardEffectFactory/AddLinkRequirement.cs
0	Script/CardEffectFactory/CanNoReturnToDeck.cs
4	Script/CardEffectFactory/CanNotAttack.cs
2	Script/CardEffectFactory/CanNotBeAttacked.cs
2	Script/CardEffectFactory/CanNotBeBlocked.cs
0	Script/CardEffectFactory/CanNotBeDeleted.cs
0	Script/CardEffectFactory/CanNotBeDeletedByBattle.cs
0	Script/CardEffectFactory/CanNotBeDeletedByEffect.cs
0	Script/CardEffectFactory/CanNotBeRemoved.cs
0	Script/CardEffectFactory/CanNotBeTrashedByEffect.cs
4	Script/CardEffectFactory/CanNotBlock.cs
4	Script/CardEffectFactory/CanNotDigivolve.cs
0	Script/CardEffectFactory/CanNotReturnToHand.cs
0	Script/CardEffectFactory/CanNotSuspend.cs
0	Script/CardEffectFactory/CanNotUnsuspend.cs
0	Script/CardEffectFactory/ChangeCardDP.cs
4	Script/CardEffectFactory/ChangeDP.cs
0	Script/CardEffectFactory/ChangeDigivolutionCost.cs
4	Script/CardEffectFactory/ChangeLinkMax.cs
2	Script/CardEffectFactory/ChangeOriginDP.cs
0	Script/CardEffectFactory/ChangePlayCost.cs
10	Script/CardEffectFactory/ChangeSAttack.cs
0	Script/CardEffectFactory/ImmuneFromDPMinus.cs
4	Script/CardEffectFactory/KeyWordEffects/Alliance.cs
3	Script/CardEffectFactory/KeyWordEffects/ArmorPurge.cs
9	Script/CardEffectFactory/KeyWordEffects/ArtsDigivolve.cs
1	Script/CardEffectFactory/KeyWordEffects/Ascension.cs
5	Script/CardEffectFactory/KeyWordEffects/Barrier.cs
49	Script/CardEffectFactory/KeyWordEffects/BlastDNADigivolution.cs
15	Script/CardEffectFactory/KeyWordEffects/BlastDigivolution.cs
4	Script/CardEffectFactory/KeyWordEffects/Blitz.cs
2	Script/CardEffectFactory/KeyWordEffects/Blocker.cs
2	Script/CardEffectFactory/KeyWordEffects/Collision.cs
71	Script/CardEffectFactory/KeyWordEffects/Decode.cs
7	Script/CardEffectFactory/KeyWordEffects/Decoy.cs
6	Script/CardEffectFactory/KeyWordEffects/Evade.cs
3	Script/CardEffectFactory/KeyWordEffects/Execute.cs
6	Script/CardEffectFactory/KeyWordEffects/Fortitude.cs
5	Script/CardEffectFactory/KeyWordEffects/Fragment.cs
2	Script/CardEffectFactory/KeyWordEffects/Iceclad.cs
2	Script/CardEffectFactory/KeyWordEffects/Jamming.cs
17	Script/CardEffectFactory/KeyWordEffects/Link.cs
3	Script/CardEffectFactory/KeyWordEffects/MaterialSave.cs
3	Script/CardEffectFactory/KeyWordEffects/Overclock.cs
142	Script/CardEffectFactory/KeyWordEffects/Partition.cs
3	Script/CardEffectFactory/KeyWordEffects/Pierce.cs
2	Script/CardEffectFactory/KeyWordEffects/Progress.cs
7	Script/CardEffectFactory/KeyWordEffects/Raid.cs
2	Script/CardEffectFactory/KeyWordEffects/Reboot.cs
3	Script/CardEffectFactory/KeyWordEffects/Retaliation.cs
2	Script/CardEffectFactory/KeyWordEffects/Rush.cs
3	Script/CardEffectFactory/KeyWordEffects/Save.cs
9	Script/CardEffectFactory/KeyWordEffects/Scapegoat.cs
12	Script/CardEffectFactory/KeyWordEffects/Training.cs
3	Script/CardEffectFactory/KeyWordEffects/Vortex.cs
0	Script/CardEffectFactory/TreatAsDigimon.cs
4	Script/CardEffectFactory/VortexCanAttackPlayers.cs
10	Script/CardEffectInterfaces.cs
11	Script/CardEffects/ActivateClass.cs
0	Script/CardEffects/AddAppFusionConditionClass.cs
0	Script/CardEffects/AddAssemblyConditionClass.cs
0	Script/CardEffects/AddBurstDigivolutionConditionClass.cs
0	Script/CardEffects/AddDetailClass.cs
0	Script/CardEffects/AddDigiXrosConditionClass.cs
0	Script/CardEffects/AddEvolutionConditionClass.cs
0	Script/CardEffects/AddJogressConditionClass.cs
0	Script/CardEffects/AddJogressLevelsClass.cs
0	Script/CardEffects/AddLinkConditionClass.cs
0	Script/CardEffects/AddMaxTrashCountDigiXrosClass.cs
0	Script/CardEffects/AddMaxUnderTamerCountDigiXrosClass.cs
0	Script/CardEffects/AddSkillClass.cs
0	Script/CardEffects/BlockerClass.cs
0	Script/CardEffects/CanAttackTargetDefendingPermanentClass.cs
0	Script/CardEffects/CanNotAffectedClass.cs
0	Script/CardEffects/CanNotAttackTargetDefendingPermanentClass.cs
0	Script/CardEffects/CanNotBeDestroyedByBattleClass.cs
0	Script/CardEffects/CanNotBeDestroyedBySkillClass.cs
0	Script/CardEffects/CanNotBeDestroyedClass.cs
0	Script/CardEffects/CanNotBeRemovedClass.cs
0	Script/CardEffects/CanNotEvolveClass.cs
0	Script/CardEffects/CanNotMoveClass.cs
0	Script/CardEffects/CanNotPlayClass.cs
0	Script/CardEffects/CanNotPutFieldClass.cs
1	Script/CardEffects/CanNotSelectBySkillClass.cs
0	Script/CardEffects/CanNotSuspendClass.cs
0	Script/CardEffects/CanNotSwitchAttackTargetClass.cs
0	Script/CardEffects/CanNotTrashFromDigivolutionCardsClass.cs
0	Script/CardEffects/CanNotUnsuspendClass.cs
0	Script/CardEffects/CanSelectAssemblyClass.cs
0	Script/CardEffects/CanSelectDigiXrosClass.cs
0	Script/CardEffects/CanSuspendByDigisorptionClass.cs
0	Script/CardEffects/CannotAddMemoryClass.cs
0	Script/CardEffects/CannotAddSecurityClass.cs
0	Script/CardEffects/CannotBlockClass.cs
0	Script/CardEffects/CannotIgnoreDigivolutionConditionClass.cs
0	Script/CardEffects/CannotReduceCostClass.cs
0	Script/CardEffects/CannotReturnToHandClass.cs
0	Script/CardEffects/CannotReturnToLibraryClass.cs
0	Script/CardEffects/ChangeBaseCardColorClass.cs
0	Script/CardEffects/ChangeBaseCardNameClass.cs
0	Script/CardEffects/ChangeBaseDPClass.cs
0	Script/CardEffects/ChangeCardColorClass.cs
0	Script/CardEffects/ChangeCardDPClass.cs
0	Script/CardEffects/ChangeCardLevelClass .cs
0	Script/CardEffects/ChangeCardLevelForAssemblyClass.cs
0	Script/CardEffects/ChangeCardNamesClass.cs
0	Script/CardEffects/ChangeCardNamesForDigiXrosClass.cs
2	Script/CardEffects/ChangeCostClass.cs
0	Script/CardEffects/ChangeDPClass.cs
0	Script/CardEffects/ChangeDPDeleteEffectMaxDPClass.cs
0	Script/CardEffects/ChangeEndTurnMinMemoryClass.cs
0	Script/CardEffects/ChangeLinkCostClass.cs
2	Script/CardEffects/ChangeLinkMaxClass.cs
0	Script/CardEffects/ChangePermanentLevelClass.cs
2	Script/CardEffects/ChangeSAttackClass.cs
1	Script/CardEffects/ChangeTraitsClass.cs
0	Script/CardEffects/CollisionClass.cs
0	Script/CardEffects/DisableEffectClass.cs
0	Script/CardEffects/DontBattleSecurityDigimonClass.cs
0	Script/CardEffects/DontHaveDPClass.cs
0	Script/CardEffects/IcecladClass.cs
0	Script/CardEffects/IgnoreColorConditionClass.cs
0	Script/CardEffects/ImmuneFromDPMinusClass.cs
0	Script/CardEffects/ImmuneFromDeDigivolveClass.cs
0	Script/CardEffects/ImmuneFromStackTrashingClass.cs
0	Script/CardEffects/InvertSAttackClass.cs
0	Script/CardEffects/RebootClass.cs
0	Script/CardEffects/RushClass.cs
0	Script/CardEffects/ScapegoatClass.cs
0	Script/CardEffects/TreatAsDigimonClass.cs
0	Script/CardEffects/VortexCanAttackPlayersClass.cs
491	Script/CardObjectController.cs
2318	Script/CardSource.cs
2	Script/CheckEffectDisabledClass.cs
727	Script/ContinuousController.cs
30	Script/CutInProcess.cs
580	Script/DataBase.cs
719	Script/Effects.cs
303	Script/FieldPermanentCard.cs
342	Script/GManager.cs
108	Script/GameContext.cs
228	Script/ICardEffect.cs
0	Script/IEnumerableExtension.cs
17	Script/MainPhaseAction/ActivateCardAction.cs
17	Script/MainPhaseAction/ActivatePermanentAction.cs
17	Script/MainPhaseAction/AttackPermanentAction.cs
6	Script/MainPhaseAction/MainPhaseAction.cs
9	Script/MainPhaseAction/PassAction.cs
26	Script/MainPhaseAction/PlayCardAction.cs
65	Script/MemoryObject.cs
126	Script/MultipleSkills.cs
4	Script/OptionResolutionClass.cs
51	Script/OptionalSkill.cs
2299	Script/Permanent.cs
127	Script/PermanentEffectFactory.cs
66	Script/PlayLog.cs
615	Script/Player.cs
0	Script/PlayerSelection/ValueSelection.cs
62	Script/SecurityObject.cs
67	Script/SelectAppFusionEffect.cs
121	Script/SelectAssemblyClass.cs
221	Script/SelectAttackEffect.cs
105	Script/SelectBurstDigivolutionEffect.cs
681	Script/SelectCardEffect.cs
229	Script/SelectCardPanel.cs
94	Script/SelectCountEffect.cs
20	Script/SelectDNACondition.cs
194	Script/SelectDigiXrosClass.cs
553	Script/SelectHandEffect.cs
92	Script/SelectJogressEffect.cs
594	Script/SelectPermanentEffect.cs
0	Script/SkillInfo.cs
1006	Script/TurnStateMachine.cs
90	Script/UserSelectionManager.cs
0	Script/Utils.cs
