port_file	original	port	what_differs
CardController	/home/hg/git/headlessDCGO/DCGO/Assets/Scripts/Script/Player.cs:1521	/home/hg/git/headlessDCGO/src/HeadlessDCGO.Engine/Assets/Scripts/Script/CardController.cs:386	SecurityRuleGateSeam.CanReduceSecurity mirrors AS-IS Player.CanReduceSecurity verbatim (whole body)
CardController	/home/hg/git/headlessDCGO/DCGO/Assets/Scripts/Script/Player.cs:1471	/home/hg/git/headlessDCGO/src/HeadlessDCGO.Engine/Assets/Scripts/Script/CardController.cs:400	SecurityRuleGateSeam.CanAddSecurity mirrors the IsSecurityLooking guard half of AS-IS Player.CanAddSecurity (:1471-1474); the ICannotAddSecurityEffect scan half is hosted in mirror Player.CanAddSecurity (src Player.cs:494)
CardController	/home/hg/git/headlessDCGO/DCGO/Assets/Scripts/Script/AutoProcessing.cs:750	/home/hg/git/headlessDCGO/src/HeadlessDCGO.Engine/Assets/Scripts/Script/CardController.cs:5457	added private static HasAwaitingActivateEffects(AutoProcessing) helper is a verbatim copy of AutoProcessing.HasAwaitingActivateEffects
CardController	/home/hg/git/headlessDCGO/DCGO/Assets/Scripts/Script/AutoProcessing.cs:750	/home/hg/git/headlessDCGO/src/HeadlessDCGO.Engine/Assets/Scripts/Script/CardController.cs:5623	added private static HasAwaitingActivateEffects(AutoProcessing) helper is a verbatim copy of AutoProcessing.HasAwaitingActivateEffects
CardController	/home/hg/git/headlessDCGO/DCGO/Assets/Scripts/Script/AutoProcessing.cs:750	/home/hg/git/headlessDCGO/src/HeadlessDCGO.Engine/Assets/Scripts/Script/CardController.cs:5838	added private static HasAwaitingActivateEffects(AutoProcessing) helper is a verbatim copy of AutoProcessing.HasAwaitingActivateEffects
CardController	/home/hg/git/headlessDCGO/DCGO/Assets/Scripts/Script/AutoProcessing.cs:750	/home/hg/git/headlessDCGO/src/HeadlessDCGO.Engine/Assets/Scripts/Script/CardController.cs:5976	instance `autoProcessing_CutIn.HasAwaitingActivateEffects()` reimplemented as private static helper reading StackedSkillInfos (logic byte-identical to AutoProcessing.cs:750)
CardController	/home/hg/git/headlessDCGO/DCGO/Assets/Scripts/Script/AutoProcessing.cs:750	/home/hg/git/headlessDCGO/src/HeadlessDCGO.Engine/Assets/Scripts/Script/CardController.cs:6213	added private static HasAwaitingActivateEffects; original calls instance method `autoProcessing_CutIn.HasAwaitingActivateEffects()` (AutoProcessing.cs:750), port inlines an identical copy and changes call site to `HasAwaitingActivateEffects(autoProcessing_CutIn)`
CardController	/home/hg/git/headlessDCGO/DCGO/Assets/Scripts/Script/CardSource.cs:2707	/home/hg/git/headlessDCGO/src/HeadlessDCGO.Engine/Assets/Scripts/Script/CardController.cs:4536	port-only extension JogressConditionOf mirrors AS-IS CardSource.jogressCondition property (CardSource.cs:2707) verbatim, only `EffectList`→`card.EffectList`/`this`→`card`
CardController	/home/hg/git/headlessDCGO/DCGO/Assets/Scripts/Script/CardSource.cs:2987	/home/hg/git/headlessDCGO/src/HeadlessDCGO.Engine/Assets/Scripts/Script/CardController.cs:4551	port-only extension BurstDigivolutionConditionOf mirrors AS-IS CardSource.burstDigivolutionCondition property (CardSource.cs:2987) verbatim
CardController	/home/hg/git/headlessDCGO/DCGO/Assets/Scripts/Script/CardSource.cs:2959	/home/hg/git/headlessDCGO/src/HeadlessDCGO.Engine/Assets/Scripts/Script/CardController.cs:4574	port-only extension DigiXrosConditionOf mirrors AS-IS CardSource.digiXrosCondition property (CardSource.cs:2959) verbatim
CardController	/home/hg/git/headlessDCGO/DCGO/Assets/Scripts/Script/CardSource.cs:2569	/home/hg/git/headlessDCGO/src/HeadlessDCGO.Engine/Assets/Scripts/Script/CardController.cs:4597	port-only extension HasDigiXros mirrors AS-IS CardSource.HasDigiXros (CardSource.cs:2569 `digiXrosCondition != null`) as `card.DigiXrosConditionOf() != null`
CardController	/home/hg/git/headlessDCGO/DCGO/Assets/Scripts/Script/CardSource.cs:3488	/home/hg/git/headlessDCGO/src/HeadlessDCGO.Engine/Assets/Scripts/Script/CardController.cs:4601	port-only extension IsPermanent corresponds to AS-IS CardSource.IsPermanent (CardSource.cs:3488 delegating to CEntity_Base.IsPermanent = Digimon||Tamer||DigiEgg) but re-expressed as `card.IsDigimon || card.IsTamer || card.IsDigiEgg` (no _cEntity_Base on mirror; equivalent)
CardController	/home/hg/git/headlessDCGO/DCGO/Assets/Scripts/Script/CardSource.cs:757	/home/hg/git/headlessDCGO/src/HeadlessDCGO.Engine/Assets/Scripts/Script/CardController.cs:4606	port-only extension BasePlayCostFromEntity corresponds to AS-IS CardSource.BasePlayCostFromEntity (CardSource.cs:757 returns `_cEntity_Base.PlayCost`) but returns `card.GetCostItself`, which in the mirror is `Definition?.PlayCost ?? 0` (same raw printed cost, equivalent)
CardEffectCommons	DCGO/Assets/Scripts/Script/CardEffectCommons/GameContextDeterminarion.cs:303	src/HeadlessDCGO.Engine/Assets/Scripts/Script/CardEffectCommons.cs:2039	relocated CanPlayAsNewPermanent drops the `root` and `isBreedingArea` parameters entirely (never threaded through)
CardEffectCommons	DCGO/Assets/Scripts/Script/CardEffectCommons/GameContextDeterminarion.cs:303	src/HeadlessDCGO.Engine/Assets/Scripts/Script/CardEffectCommons.cs:2039	relocated CanPlayAsNewPermanent drops the SelectDigiXrosClass/SelectAssemblyClass in-flight-selection lock checks
CardEffectCommons	DCGO/Assets/Scripts/Script/CardEffectCommons/GameContextDeterminarion.cs:303	src/HeadlessDCGO.Engine/Assets/Scripts/Script/CardEffectCommons.cs:2039	relocated CanPlayAsNewPermanent replaces the per-frame `fieldCardFrames.Some(...CanPlayCardTargetFrame)` scan with a flat GetPayingCostWithBaseCost+MemoryController.CanPay check
CardEffectCommons	DCGO/Assets/Scripts/Script/CardEffectCommons/GameContextDeterminarion.cs:41	src/HeadlessDCGO.Engine/Assets/Scripts/Script/CardEffectCommons.cs:491	IsExistOnBattleAreaTrigger/IsExistOnBattleAreaActivate collapse two AS-IS functions with different caching semantics into a single alias of IsExistOnBattleArea
CardEffectCommons	DCGO/Assets/Scripts/Script/CardEffectCommons/GiveEffect/GiveEffectToPlayer/ChangeCardDP.cs:10	src/HeadlessDCGO.Engine/Assets/Scripts/Script/CardEffectCommons.cs:503	ChangeSecurityDigimonCardDPPlayerEffect relocated verbatim
CardEffectCommons	DCGO/Assets/Scripts/Script/CardEffectCommons/GiveEffect/GiveEffectToPermanent/CanNotAttack.cs:10	src/HeadlessDCGO.Engine/Assets/Scripts/Script/CardEffectCommons.cs:1499	GainCanNotAttack relocated verbatim
CardEffectCommons	DCGO/Assets/Scripts/Script/CardEffectCommons/GiveEffect/GiveEffectToPermanent/CanNotBlock.cs:10	src/HeadlessDCGO.Engine/Assets/Scripts/Script/CardEffectCommons.cs:1509	GainCanNotBlock relocated verbatim
CardEffectCommons	DCGO/Assets/Scripts/Script/CardEffectCommons/GiveEffect/GiveEffectToPlayer/ChangePlayCost.cs:11	src/HeadlessDCGO.Engine/Assets/Scripts/Script/CardEffectCommons.cs:1800	ChangePlayCostPlayerEffect relocated verbatim
CardEffectCommons	DCGO/Assets/Scripts/Script/CardEffectCommons/GiveEffect/GiveEffectToPermanent/ChangeOriginDP.cs:10	src/HeadlessDCGO.Engine/Assets/Scripts/Script/CardEffectCommons.cs:1849	ChangeBaseDigimonDP relocated verbatim
CardEffectCommons	DCGO/Assets/Scripts/Script/CardEffectCommons/GiveEffect/GiveEffectToPermanent/ChangeDP.cs:10	src/HeadlessDCGO.Engine/Assets/Scripts/Script/CardEffectCommons.cs:539	ChangeDigimonDP relocated verbatim
CardEffectCommons	DCGO/Assets/Scripts/Script/CardEffectCommons/GiveEffect/GiveEffectToPermanent/ChangeSAttack.cs:10	src/HeadlessDCGO.Engine/Assets/Scripts/Script/CardEffectCommons.cs:579	ChangeDigimonSAttack relocated verbatim
CardEffectCommons	DCGO/Assets/Scripts/Script/CardEffectCommons/TrashDigivolutionCards.cs:11	src/HeadlessDCGO.Engine/Assets/Scripts/Script/CardEffectCommons.cs:942	SelectTrashDigivolutionCards relocated verbatim
CardEffectCommons	DCGO/Assets/Scripts/Script/CardEffectCommons/IsDigivolvedByTheEffect.cs:9	src/HeadlessDCGO.Engine/Assets/Scripts/Script/CardEffectCommons.cs:2344	IsDigivolvedByTheEffect relocated but takes a CardSource `effectSourceCard` in place of the AS-IS `ICardEffect cardEffect` parameter
CardEffectCommons	DCGO/Assets/Scripts/Script/CardEffectCommons/KeyWordEffects/Blitz.cs:10	src/HeadlessDCGO.Engine/Assets/Scripts/Script/CardEffectCommons.cs:1257	CanActivateBlitz relocated verbatim
CardEffectCommons	DCGO/Assets/Scripts/Script/CardEffectCommons/KeyWordEffects/Fortitude.cs:54	src/HeadlessDCGO.Engine/Assets/Scripts/Script/CardEffectCommons.cs:1275	FortitudeProcess relocated but drops the AS-IS `Hashtable hashtable` parameter (dead in the AS-IS body anyway)
CardEffectCommons	DCGO/Assets/Scripts/Script/CardEffectCommons/RevealLibrary.cs:469	src/HeadlessDCGO.Engine/Assets/Scripts/Script/CardEffectCommons.cs:1351	ReturnRevealedCardsToLibraryBottom relocated verbatim
CardEffectCommons	DCGO/Assets/Scripts/Script/CardEffectCommons/GameContextDeterminarion.cs:12	src/HeadlessDCGO.Engine/Assets/Scripts/Script/CardEffectCommons.cs:1281	EnforceLocationCheck relocated as a no-op stub (AS-IS trigger/activate permanence cache invalidation collapses since the port has no such cache)
Permanent	Permanent.cs:3554	CardSource.cs:1306	Levels_ForJogress is not on the port Permanent; it is relocated to CardSource.JogressLevelsAgainst with identical seed (material.Level gated on jogressCard.HasLevel) + IAddJogressLevelsEffect scan over field permanents and players; material permanent resolved live via ResolvePermanentOfThisCard [CardSource.cs:1306 JogressLevelsAgainst]
Permanent	DCGO/Assets/Scripts/Script/Permanent.cs:1133	src/HeadlessDCGO.Engine/Assets/Scripts/Script/Permanent.cs:5111	AddSourcesBottomAsync is the static-helper substrate of AS-IS Permanent.AddDigivolutionCardsBottom (cardSources.Add + OnAddDigivolutionCards emit + skipEffectAndActivateSkill gate); faithful
Permanent	DCGO/Assets/Scripts/Script/Permanent.cs:1064	src/HeadlessDCGO.Engine/Assets/Scripts/Script/Permanent.cs:5173	AddSourcesTopAsync is the substrate of AS-IS Permanent.AddDigivolutionCardsTop (cardSources.Insert(1,..) prepend + always-fire OnAddDigivolutionCards, no skip flag); faithful
Permanent	DCGO/Assets/Scripts/Script/Permanent.cs:1133	src/HeadlessDCGO.Engine/Assets/Scripts/Script/Permanent.cs:5235	MoveSourcesBottom re-parents first N sources fromId->toId (AS-IS cardSources re-parent tail of AddDigivolutionCardsBottom); opens no OnAddDigivolutionCards window (caller's own AddDigivolutionCardsBottom did); faithful
Permanent	DCGO/Assets/Scripts/Script/CardController.cs:5148	src/HeadlessDCGO.Engine/Assets/Scripts/Script/Permanent.cs:5279	TrashSourcesAsync delegates to RemoveSourcesAsync(destination=Trash); substrate of AS-IS ITrashDigivolutionCards.TrashDigivolutionCards bottom-window trash; faithful
Permanent	DCGO/Assets/Scripts/Script/CardController.cs:5148	src/HeadlessDCGO.Engine/Assets/Scripts/Script/Permanent.cs:5294	TrashSpecificSourcesAsync mirrors AS-IS ITrashDigivolutionCards(permanent,selectedCards) — protection re-filter, AceOverflow before removal, token-skip AddTrashCard; faithful
Permanent	DCGO/Assets/Scripts/Script/CardController.cs:5148	src/HeadlessDCGO.Engine/Assets/Scripts/Script/Permanent.cs:5490	RemoveSourcesAsync is the core substrate of AS-IS ITrashDigivolutionCards.TrashDigivolutionCards (CardController.cs:5148-5234): position-window collect, protection filter (trash-only), OnDigivolutionCardDiscarded emit before Upsert, AceOverflow, then move; faithful
Permanent	DCGO/Assets/Scripts/Script/CardEffectCommons/KeyWordEffects/ArmorPurge.cs:40	src/HeadlessDCGO.Engine/Assets/Scripts/Script/Permanent.cs:5425	ArmorPurgeTopAsync is the substrate of AS-IS ArmorPurgeClass.ArmorPurge (top-trash + promote cardSources[0], token top removed not trashed, no rookie floor); faithful, permanent-continuity ReKey added for the transient-view identity model
Permanent	DCGO/Assets/Scripts/Script/CardController.cs:5836	src/HeadlessDCGO.Engine/Assets/Scripts/Script/Permanent.cs:5586	ApplyEffectTrashAceOverflow calls AS-IS AceOverflowClass.Overflow directly (CardController.cs:5836) guarded by host-on-field; faithful (real AS-IS class, not a substrate reimpl)
Permanent	DCGO/Assets/Scripts/Script/CardSource.cs	src/HeadlessDCGO.Engine/Assets/Scripts/Script/Permanent.cs:5617	IsSourceTrashProtected mirrors AS-IS CardSource.CanNotTrashFromDigivolutionCards (stamp OR ICanNotTrashFromDigivolutionCardsEffect field-scan) via CardEffectCommons.IsTrashProtectedSource; deletion path passes honorProtection:false as AS-IS DiscardEvoRoots; faithful
Permanent	DCGO/Assets/Scripts/Script/Permanent.cs:1119	src/HeadlessDCGO.Engine/Assets/Scripts/Script/Permanent.cs:5655	EmitAddDigivolutionCardsAsync mirrors AS-IS AddDigivolutionCardsTop/Bottom StackSkillInfos(OnAddDigivolutionCards) payload {Permanent,CardEffect,CardSources,isFromSameDigimon,isFromDigimon}, one batch emit, null-CardEffect for rule-sourced adds; faithful
Permanent	DCGO/Assets/Scripts/Script/Permanent.cs:1064	src/HeadlessDCGO.Engine/Assets/Scripts/Script/Permanent.cs:5692	ComputeAddDigivolutionFromFlags mirrors AS-IS isFromSameDigimon (added card already in this permanent's cardSources) / isFromDigimon (added card on battle area with >=1 sources) computed PRE-move; faithful
Permanent	DCGO/Assets/Scripts/Script/Permanent.cs:1045	src/HeadlessDCGO.Engine/Assets/Scripts/Script/Permanent.cs:5718	AppendSources/PrependSources/WithSources/ReadSourceIdsFrom are the substrate of AS-IS Permanent.cardSources list ops (Add / Insert(0,..) / read); faithful, re-read target to preserve intra-op appends
Permanent	DCGO/Assets/Scripts/Script/Permanent.cs:1297	src/HeadlessDCGO.Engine/Assets/Scripts/Script/Permanent.cs:5378	PlaySpecificSourceAsync mirrors AS-IS Permanent.RemoveCardSource (sourceIds drop + physical move; destination=None => detach-only for immediate re-attach); faithful
Permanent	DCGO/Assets/Scripts/Script/Permanent.cs:1045	src/HeadlessDCGO.Engine/Assets/Scripts/Script/Permanent.cs:5804	AttachTargetAsSource mirrors AS-IS Permanent.AddCardSource digivolve top-swap (new top sourceIds = [old top]+old sources+card sources, summoning-sickness inheritance via enteredThisTurn, ReKey bookkeeping); faithful
