layer,path,asis_lines,port_lines,review_status,reviewer,findings,date
mirror,Assets/Scripts/Script/CardController.cs,5988,6232,진행중,,,
mirror,Assets/Scripts/Script/Permanent.cs,4187,5890,진행중,,,
mirror,Assets/Scripts/Script/CardEffectCommons.cs,1448,3837,진행중,,,
mirror,Assets/Scripts/Script/CardSource.cs,4358,3018,,,,
mirror,Assets/Scripts/Script/CardEffectFactory.cs,1531,2370,,,,
mirror,Assets/Scripts/Script/CardEffectCommons/NewModelContinuousScan.cs,-1,1701,,,,
mirror,Assets/Scripts/Script/AutoProcessing.cs,1107,1612,,,,
mirror,Assets/Scripts/Script/ICardEffect.cs,1291,1453,,,,
mirror,Assets/Scripts/Script/SelectDigiXrosClass.cs,1048,1070,,,,
mirror,Assets/Scripts/Script/Player.cs,1675,1025,,,,
mirror,Assets/Scripts/Script/TurnStateMachine.cs,3373,1012,,,,
mirror,Assets/Scripts/Script/AttackProcess.cs,628,913,,,,
mirror,Assets/Scripts/Script/CardEffectCommons/GetFromHashtable.cs,860,868,,,,
mirror,Assets/Scripts/Script/SelectCardEffect.cs,1026,851,,,,
mirror,Assets/Scripts/Script/CardObjectController.cs,1133,764,,,,
mirror,Assets/Scripts/Script/CEntity_EffectController.cs,286,763,,,,
mirror,Assets/Scripts/Script/SelectPermanentEffect.cs,1055,747,,,,
mirror,Assets/Scripts/Script/CardEffectCommons/RevealLibrary.cs,792,738,,,,
mirror,Assets/Scripts/Script/CardEffectCommons/DNADigivolveEffects.cs,674,729,,,,
mirror,Assets/Scripts/Script/CardEffectCommons/RestrictionHelpers.cs,-1,729,,,,
mirror,Assets/Scripts/Script/CardEffectInterfaces.cs,548,700,,,,
mirror,Assets/Scripts/Script/SelectAssemblyClass.cs,358,541,,,,
mirror,Assets/Scripts/Script/SelectHandEffect.cs,942,518,,,,
mirror,Assets/Scripts/Script/SelectJogressEffect.cs,428,479,,,,
mirror,Assets/Scripts/Script/CardEffectCommons/HashtableSetting.cs,333,444,,,,
mirror,Assets/Scripts/Script/SelectBurstDigivolutionEffect.cs,345,434,,,,
mirror,Assets/Scripts/Script/CardEffectCommons/CanUseEffects/OnDeletion.cs,405,433,,,,
mirror,Assets/Scripts/Script/MultipleSkills.cs,437,419,,,,
mirror,Assets/Scripts/Script/SelectAttackEffect.cs,569,407,,,,
mirror,Assets/Scripts/Script/CardEffectFactory/KeyWordEffects/BlastDNADigivolution.cs,260,306,,,,
mirror,Assets/Scripts/Script/CardEffectFactory/ChangeSAttack.cs,272,282,,,,
mirror,Assets/Scripts/Script/SelectAppFusionEffect.cs,241,281,,,,
mirror,Assets/Scripts/Script/SelectCountEffect.cs,200,237,,,,
mirror,Assets/Scripts/Script/CheckEffectDisabledClass.cs,205,228,,,,
mirror,Assets/Scripts/Script/GManager.cs,672,224,,,,
mirror,Assets/Scripts/Script/PermanentEffectFactory.cs,163,223,,,,
mirror,Assets/Scripts/Script/CardEffectFactory/KeyWordEffects/Partition.cs,175,204,,,,
mirror,Assets/Scripts/Script/CardEffectCommons/KeyWordEffects/Alliance.cs,221,202,,,,
mirror,Assets/Scripts/Script/UserSelectionManager.cs,222,201,,,,
mirror,Assets/Scripts/Script/DataBase.cs,1019,195,,,,
mirror,Assets/Scripts/Script/CardEffectFactory/ChangePlayCost.cs,179,187,,,,
mirror,Assets/Scripts/Script/CardEffectCommons/KeyWordEffects/Retaliation.cs,168,176,,,,
mirror,Assets/Scripts/Script/CardEffectCommons/KeyWordEffects/Execute.cs,140,174,,,,
mirror,Assets/Scripts/Script/CardEffectFactory/KeyWordEffects/Link.cs,155,173,,,,
mirror,Assets/Scripts/Script/GameContext.cs,186,170,,,,
mirror,Assets/Scripts/Script/CardEffectFactory/ChangeDP.cs,146,163,,,,
mirror,Assets/Scripts/Script/CardEffectCommons/GiveEffect/GiveEffectToPermanent/CanNotUnsuspend.cs,106,163,,,,
mirror,Assets/Scripts/Script/CardEffectCommons/KeyWordEffects/Partition.cs,179,160,,,,
mirror,Assets/Scripts/Script/CardEffectFactory/KeyWordEffects/BlastDigivolution.cs,123,157,,,,
mirror,Assets/Scripts/Script/CardEffectFactory/ChangeLinkMax.cs,143,153,,,,
mirror,Assets/Scripts/Script/CardEffectFactory/KeyWordEffects/Scapegoat.cs,142,151,,,,
mirror,Assets/Scripts/Script/CardEffectCommons/KeyWordEffects/Vortex.cs,118,150,,,,
mirror,Assets/Scripts/Script/CardEffectFactory/ChangeDigivolutionCost.cs,138,144,,,,
mirror,Assets/Scripts/Script/CardEffectCommons/KeyWordEffects/Overclock.cs,145,144,,,,
mirror,Assets/Scripts/Script/CardEffectFactory/KeyWordEffects/Alliance.cs,127,140,,,,
mirror,Assets/Scripts/Script/CardEffectCommons/GiveEffect/GiveEffectToPermanentOrPlayer.cs,92,134,,,,
mirror,Assets/Scripts/Script/CardEffects/RestrictionCarriers.cs,-1,132,,,,
mirror,Assets/Scripts/Script/CardEffectCommons/CanUseEffects/WhenDeleteOpponentDigimon.cs,128,130,,,,
mirror,Assets/Scripts/Script/CardEffectCommons/KeyWordEffects/MindLink.cs,82,130,,,,
mirror,Assets/Scripts/Script/CardEffectFactory/AddDigivolutionRequirement.cs,116,129,,,,
mirror,Assets/Scripts/Script/CardEffectFactory/KeyWordEffects/Blitz.cs,118,129,,,,
mirror,Assets/Scripts/Script/CardEffectCommons/KeyWordEffects/Blitz.cs,94,129,,,,
mirror,Assets/Scripts/Script/CardEffectCommons/KeyWordEffects/Raid.cs,123,123,,,,
mirror,Assets/Scripts/Script/CardEffectFactory/CanNotBlock.cs,113,121,,,,
mirror,Assets/Scripts/Script/CardEffectFactory/CanNotDigivolve.cs,108,116,,,,
mirror,Assets/Scripts/Script/CardEffectCommons/EffectChoiceHelpers.cs,-1,113,,,,
mirror,Assets/Scripts/Script/CardEffectCommons/GiveEffect/GiveEffectToPlayer/CanNotUnsuspend.cs,69,113,,,,
mirror,Assets/Scripts/Script/CardEffectCommons/GiveEffect/GiveEffectToPermanent/CanNotSuspend.cs,72,112,,,,
mirror,Assets/Scripts/Script/CardEffectFactory/AddAppfusionMethod.cs,95,109,,,,
mirror,Assets/Scripts/Script/CardEffectCommons/CanUseEffects/WhenDeleteOpponentDigimonByBattle.cs,107,109,,,,
mirror,Assets/Scripts/Script/CardEffectFactory/CanNotAttack.cs,100,108,,,,
mirror,Assets/Scripts/Script/CardEffectCommons/GiveEffect/GiveEffectToPlayer/CanNotSuspend.cs,69,108,,,,
mirror,Assets/Scripts/Script/CardEffectCommons/GiveEffect/GiveEffectToPermanent/ChangeLinkMax.cs,121,108,,,,
mirror,Assets/Scripts/Script/IEnumerableExtension.cs,99,106,,,,
mirror,Assets/Scripts/Script/SelectDNACondition.cs,90,106,,,,
mirror,Assets/Scripts/Script/CardEffectCommons/GiveEffect/GiveEffectToPermanent/StartOfMainAttack.cs,79,106,,,,
mirror,Assets/Scripts/Script/CardEffectCommons/KeyWordEffects/Fortitude.cs,99,106,,,,
mirror,Assets/Scripts/Script/CardEffectFactory/KeyWordEffects/Decoy.cs,96,105,,,,
mirror,Assets/Scripts/Script/CardEffectCommons/GiveEffect/GiveEffectToPermanent/CanNotAttack.cs,70,104,,,,
mirror,Assets/Scripts/Script/CardEffects/ChangeCostClass.cs,97,104,,,,
mirror,Assets/Scripts/Script/CardEffectCommons/KeyWordEffects/Decode.cs,114,103,,,,
mirror,Assets/Scripts/Script/CardEffectFactory/AddLinkRequirement.cs,96,102,,,,
mirror,Assets/Scripts/Script/CardEffectFactory/VortexCanAttackPlayers.cs,92,102,,,,
mirror,Assets/Scripts/Script/CardEffectCommons/GiveEffect/GiveEffectToPermanent/CanNotBlock.cs,54,102,,,,
mirror,Assets/Scripts/Script/CardEffectCommons/KeyWordEffects/Pierce.cs,86,102,,,,
mirror,Assets/Scripts/Script/CardEffectCommons/GiveEffect/GiveEffectToPermanent/CanNotBeAttacked.cs,70,101,,,,
mirror,Assets/Scripts/Script/CardEffectFactory/ChangeOriginDP.cs,91,99,,,,
mirror,Assets/Scripts/Script/CardEffectFactory/KeyWordEffects/Decode.cs,73,99,,,,
mirror,Assets/Scripts/Script/CardEffectCommons/GiveEffect/GiveEffectToPermanent/CanNotBeBlocked.cs,70,99,,,,
mirror,Assets/Scripts/Script/CardEffectCommons/GiveEffect/GiveEffectToPermanent/CanNotBeDeletedByEffect.cs,55,99,,,,
mirror,Assets/Scripts/Script/CardEffectFactory/KeyWordEffects/Barrier.cs,88,97,,,,
mirror,Assets/Scripts/Script/CardEffectCommons/CanUseEffects/WhenWinBattle.cs,95,97,,,,
mirror,Assets/Scripts/Script/CardEffectFactory/KeyWordEffects/Fragment.cs,86,96,,,,
mirror,Assets/Scripts/Script/CardEffectFactory/KeyWordEffects/Pierce.cs,86,96,,,,
mirror,Assets/Scripts/Script/CardEffectCommons/GiveEffect/GiveEffectToPlayer/CanNotAttack.cs,72,96,,,,
mirror,Assets/Scripts/Script/CardEffectCommons/KeyWordEffects/Blocker.cs,87,96,,,,
mirror,Assets/Scripts/Script/CardEffectFactory/KeyWordEffects/Evade.cs,85,95,,,,
mirror,Assets/Scripts/Script/CardEffectCommons/CustomMessage.cs,92,95,,,,
mirror,Assets/Scripts/Script/CardEffectCommons/KeyWordEffects/MaterialSave.cs,122,95,,,,
mirror,Assets/Scripts/Script/CardEffectCommons/GiveEffect/GiveEffectToPermanent/CanNotBeDeletedByBattle.cs,56,93,,,,
mirror,Assets/Scripts/Script/CardEffectFactory/KeyWordEffects/Progress.cs,82,92,,,,
mirror,Assets/Scripts/Script/CardEffectFactory/KeyWordEffects/Raid.cs,83,92,,,,
mirror,Assets/Scripts/Script/CardEffectCommons/GiveEffect/GiveEffectToPlayer/CanNotBlock.cs,72,92,,,,
mirror,Assets/Scripts/Script/OptionalSkill.cs,146,91,,,,
mirror,Assets/Scripts/Script/CardEffectFactory/KeyWordEffects/Jamming.cs,81,91,,,,
mirror,Assets/Scripts/Script/CardEffectCommons/GiveEffect/GiveEffectToPermanent/CanNoReturnToDeck.cs,55,91,,,,
mirror,Assets/Scripts/Script/CardEffectCommons/GiveEffect/GiveEffectToPermanent/CanNotReturnToHand.cs,55,91,,,,
mirror,Assets/Scripts/Script/CardEffectCommons/KeyWordEffects/Rush.cs,87,91,,,,
mirror,Assets/Scripts/Script/CardEffectCommons/GiveEffect/GiveEffectToPermanent/ImmuneFromDPMinus.cs,55,90,,,,
mirror,Assets/Scripts/Script/CardEffectCommons/GiveEffect/GiveEffectToPlayer/CanNotBeDeletedByBattle.cs,57,89,,,,
mirror,Assets/Scripts/Script/CardEffectCommons/KeyWordEffects/Barrier.cs,107,89,,,,
mirror,Assets/Scripts/Script/CardEffectCommons/KeyWordEffects/Fragment.cs,83,89,,,,
mirror,Assets/Scripts/Script/CardEffectFactory/KeyWordEffects/Fortitude.cs,78,88,,,,
mirror,Assets/Scripts/Script/CardEffectCommons/KeyWordEffects/Iceclad.cs,87,88,,,,
mirror,Assets/Scripts/Script/CardEffectFactory/ChangeCardDP.cs,76,86,,,,
mirror,Assets/Scripts/Script/CardEffectCommons/KeyWordEffects/Evade.cs,85,86,,,,
mirror,Assets/Scripts/Script/CardEffectCommons/GiveEffect/GiveEffectToPlayer/CanNoReturnToDeck.cs,62,85,,,,
mirror,Assets/Scripts/Script/CardEffectCommons/GiveEffect/GiveEffectToPlayer/CanNotReturnToHand.cs,57,85,,,,
mirror,Assets/Scripts/Script/CardEffectCommons/GiveEffect/GiveEffectToPlayer/ImmuneFromDPMinus.cs,57,85,,,,
mirror,Assets/Scripts/Script/CardEffectFactory/KeyWordEffects/ArtsDigivolve.cs,61,84,,,,
mirror,Assets/Scripts/Script/CardEffectFactory/KeyWordEffects/Blocker.cs,75,84,,,,
mirror,Assets/Scripts/Script/CardEffectFactory/KeyWordEffects/Retaliation.cs,75,84,,,,
mirror,Assets/Scripts/Script/CardEffectCommons/GiveEffect/GiveEffectToPermanent/TamerBecomesDigimonThatCanNotDigivolve.cs,76,82,,,,
mirror,Assets/Scripts/Script/CardEffectCommons/KeyWordEffects/Progress.cs,111,82,,,,
mirror,Assets/Scripts/Script/CardEffectCommons/CanUseEffects/WhenLinked.cs,79,81,,,,
mirror,Assets/Scripts/Script/CardEffectFactory/KeyWordEffects/MaterialSave.cs,69,80,,,,
mirror,Assets/Scripts/Script/CardEffectFactory/KeyWordEffects/Overclock.cs,68,78,,,,
mirror,Assets/Scripts/Script/CardEffectFactory/KeyWordEffects/Reboot.cs,68,78,,,,
mirror,Assets/Scripts/Script/CardEffectCommons/TrashLinkedCards.cs,183,78,,,,
mirror,Assets/Scripts/Script/CardEffectFactory/KeyWordEffects/Execute.cs,67,77,,,,
mirror,Assets/Scripts/Script/CardEffectFactory/KeyWordEffects/Vortex.cs,67,77,,,,
mirror,Assets/Scripts/Script/CardEffects/ChangeLinkMaxClass.cs,72,76,,,,
mirror,Assets/Scripts/Script/CardEffects/ChangeSAttackClass.cs,72,76,,,,
mirror,Assets/Scripts/Script/CardEffectFactory/CanNotBeDeletedByEffect.cs,68,75,,,,
mirror,Assets/Scripts/Script/CardEffectFactory/KeyWordEffects/Iceclad.cs,66,75,,,,
mirror,Assets/Scripts/Script/CardEffectFactory/KeyWordEffects/Rush.cs,66,75,,,,
mirror,Assets/Scripts/Script/CardEffectFactory/KeyWordEffects/Collision.cs,64,73,,,,
mirror,Assets/Scripts/Script/CardEffectCommons/GiveEffect/GiveEffectToPlayer/ChangeCardDP.cs,42,73,,,,
mirror,Assets/Scripts/Script/CardEffectCommons/KeyWordEffects/Decoy.cs,71,73,,,,
mirror,Assets/Scripts/Script/CardEffectCommons/GiveEffect/GiveEffectToPermanent/DeleteSelf.cs,46,72,,,,
mirror,Assets/Scripts/Script/CardEffects/ChangeBaseDPClass.cs,67,72,,,,
mirror,Assets/Scripts/Script/CardEffects/ChangeDPClass.cs,66,72,,,,
mirror,Assets/Scripts/Script/CardEffectCommons/CanUseEffects/OnTrashDigivolutionCard.cs,69,71,,,,
mirror,Assets/Scripts/Script/CardEffectCommons/CanUseEffects/OnTrashLinkCard.cs,69,71,,,,
mirror,Assets/Scripts/Script/CardEffectCommons/CanUseEffects/OnTrashLinkedCard.cs,69,71,,,,
mirror,Assets/Scripts/Script/CardEffects/ChangeCardDPClass.cs,63,69,,,,
mirror,Assets/Scripts/Script/CardEffectFactory/CanNoReturnToDeck.cs,61,68,,,,
mirror,Assets/Scripts/Script/CardEffectCommons/MinMax_DP_Cost_Level/Level/IsMinLevel.cs,40,66,,,,
mirror,Assets/Scripts/Script/CardEffectCommons/KeyWordEffects/Save.cs,67,66,,,,
mirror,Assets/Scripts/Script/CardEffectFactory/CanNotBeTrashedByEffect.cs,55,62,,,,
mirror,Assets/Scripts/Script/CardEffectFactory/CanNotReturnToHand.cs,55,62,,,,
mirror,Assets/Scripts/Script/CardEffectFactory/ImmuneFromDPMinus.cs,55,62,,,,
mirror,Assets/Scripts/Script/CardEffectCommons/KeyWordEffects/ArmorPurge.cs,101,62,,,,
mirror,Assets/Scripts/Script/CardEffectCommons/CanUseEffects/PermanentEnterField/PermanentEnterField.cs,58,61,,,,
mirror,Assets/Scripts/Script/CardEffects/CanSuspendByDigisorptionClass.cs,56,61,,,,
mirror,Assets/Scripts/Script/CardEffectCommons/MinMax_DP_Cost_Level/Cost/IsMaxCost.cs,54,60,,,,
mirror,Assets/Scripts/Script/CardEffectCommons/KeyWordEffects/Ascension.cs,53,60,,,,
mirror,Assets/Scripts/Script/CardEffectFactory/CanNotBeAttacked.cs,52,59,,,,
mirror,Assets/Scripts/Script/CardEffectFactory/CanNotBeBlocked.cs,52,59,,,,
mirror,Assets/Scripts/Script/CardEffectCommons/KeyWordEffects/Training.cs,32,59,,,,
mirror,Assets/Scripts/Script/CardEffects/ChangeLinkCostClass.cs,52,59,,,,
mirror,Assets/Scripts/Script/CardEffectFactory/KeyWordEffects/Save.cs,50,58,,,,
mirror,Assets/Scripts/Script/CardEffectFactory/CanNotBeDeletedByBattle.cs,50,57,,,,
mirror,Assets/Scripts/Script/CardEffectCommons/KeyWordEffects/Scapegoat.cs,72,57,,,,
mirror,Assets/Scripts/Script/CardEffectFactory/KeyWordEffects/Training.cs,42,56,,,,
mirror,Assets/Scripts/Script/CardEffectCommons/CanUseEffects/WhenPermanentWouldDigivolve.cs,54,56,,,,
mirror,Assets/Scripts/Script/CardEffects/CanNotBeDestroyedByBattleClass.cs,51,56,,,,
mirror,Assets/Scripts/Script/OptionResolutionClass.cs,34,55,,,,
mirror,Assets/Scripts/Script/CardEffectCommons/GameContextDeterminarion.cs,881,55,,,,
mirror,Assets/Scripts/Script/CardEffectCommons/KeyWordEffects/Jamming.cs,44,55,,,,
mirror,Assets/Scripts/Script/CardEffects/CannotReduceCostClass.cs,50,55,,,,
mirror,Assets/Scripts/Script/CardEffectFactory/CanNotSuspend.cs,46,54,,,,
mirror,Assets/Scripts/Script/CardEffectCommons/CanUseEffects/WhenRemoveField.cs,52,54,,,,
mirror,Assets/Scripts/Script/CardEffectCommons/KeyWordEffects/Reboot.cs,44,54,,,,
mirror,Assets/Scripts/Script/CardEffectFactory/CanNotUnsuspend.cs,46,53,진행중,,,
mirror,Assets/Scripts/Script/CardEffects/ActivateClass.cs,30,53,,,,
mirror,Assets/Scripts/Script/CardEffectFactory/CanNotBeDeleted.cs,45,52,,,,
mirror,Assets/Scripts/Script/CardEffectFactory/CanNotBeRemoved.cs,45,52,,,,
mirror,Assets/Scripts/Script/CardEffectFactory/KeyWordEffects/ArmorPurge.cs,43,52,,,,
mirror,Assets/Scripts/Script/CardEffectCommons/GiveEffect/GiveEffectToPlayer/ChangeDigivolutionCost.cs,54,51,,,,
mirror,Assets/Scripts/Script/CardEffectFactory/TreatAsDigimon.cs,44,50,,,,
mirror,Assets/Scripts/Script/CardEffects/ImmuneFromStackTrashingClass.cs,46,50,,,,
mirror,Assets/Scripts/Script/CardEffects/InvertSAttackClass.cs,46,50,,,,
mirror,Assets/Scripts/Script/CardEffectCommons/GiveEffect/GiveEffectToPlayer/IgnoreDigivolutionRequirement.cs,40,49,,,,
mirror,Assets/Scripts/Script/CardEffectCommons/CanUseEffects/OnAddDigivolutionCards.cs,47,49,,,,
mirror,Assets/Scripts/Script/CardEffectCommons/CanUseEffects/OnAttack.cs,47,49,,,,
mirror,Assets/Scripts/Script/CardEffectCommons/CanUseEffects/WhenUseOption.cs,47,49,,,,
mirror,Assets/Scripts/Script/CardEffects/AddJogressConditionClass.cs,44,49,,,,
mirror,Assets/Scripts/Script/CardEffectFactory/KeyWordEffects/Ascension.cs,37,48,,,,
mirror,Assets/Scripts/Script/CardEffects/CannotReturnToHandClass.cs,40,46,,,,
mirror,Assets/Scripts/Script/CardEffects/CannotReturnToLibraryClass.cs,41,46,,,,
mirror,Assets/Scripts/Script/CardEffects/ImmuneFromDPMinusClass.cs,42,46,,,,
mirror,Assets/Scripts/Script/CardEffectCommons/CanUseEffects/WhenWouldLink.cs,41,44,,,,
mirror,Assets/Scripts/Script/CardEffectCommons/CanUseEffects/OnSuspend.cs,41,43,,,,
mirror,Assets/Scripts/Script/CardEffectCommons/CanUseEffects/OnTrashBySelfDigiBurst.cs,41,43,,,,
mirror,Assets/Scripts/Script/CardEffects/CannotAddMemoryClass.cs,38,43,,,,
mirror,Assets/Scripts/Script/CardEffects/CannotAddSecurityClass.cs,39,43,,,,
mirror,Assets/Scripts/Script/CardEffectCommons/DigiXrosEffects.cs,32,42,,,,
mirror,Assets/Scripts/Script/CardEffectCommons/CanUseEffects/CanSuspend.cs,41,42,,,,
mirror,Assets/Scripts/Script/CardEffectCommons/CanUseEffects/OnTrashHand.cs,40,42,,,,
mirror,Assets/Scripts/Script/CardEffects/CanSelectAssemblyClass.cs,38,42,,,,
mirror,Assets/Scripts/Script/CardEffects/CanSelectDigiXrosClass.cs,38,42,,,,
mirror,Assets/Scripts/Script/CardEffectCommons/TrashDigivolutionCards.cs,194,41,,,,
mirror,Assets/Scripts/Script/CardEffectCommons/CanUseEffects/OnReturnLibraryBottomDigivolutionCards.cs,39,41,,,,
mirror,Assets/Scripts/Script/CardEffects/AddSkillClass.cs,36,41,,,,
mirror,Assets/Scripts/Script/CardEffects/CanAttackTargetDefendingPermanentClass.cs,36,41,,,,
mirror,Assets/Scripts/Script/CardEffects/CanNotBeDestroyedBySkillClass.cs,36,41,,,,
mirror,Assets/Scripts/Script/CardEffectCommons/MinMax_DP_Cost_Level/Cost/IsMinCost.cs,34,40,,,,
mirror,Assets/Scripts/Script/CardEffectCommons/CanUseEffects/OnCardsReturnToHandFromTrash.cs,38,40,,,,
mirror,Assets/Scripts/Script/CardEffectCommons/CanUseEffects/OnCardsReturnToLibraryFromTrash.cs,38,40,,,,
mirror,Assets/Scripts/Script/CardEffectCommons/CanUseEffects/OptionEffect.cs,40,40,,,,
mirror,Assets/Scripts/Script/CardEffects/AddDetailClass.cs,34,40,,,,
mirror,Assets/Scripts/Script/CardEffects/CanNotTrashFromDigivolutionCardsClass.cs,35,40,,,,
mirror,Assets/Scripts/Script/CardEffectCommons/CanUseEffects/WhenUseDigiBurst.cs,37,39,,,,
mirror,Assets/Scripts/Script/CardEffects/BlockerClass.cs,35,39,,,,
mirror,Assets/Scripts/Script/CardEffects/CanNotEvolveClass.cs,34,39,,,,
mirror,Assets/Scripts/Script/CardEffects/IcecladClass.cs,35,39,,,,
mirror,Assets/Scripts/Script/CardEffects/RebootClass.cs,35,39,,,,
mirror,Assets/Scripts/Script/CardEffects/RushClass.cs,35,39,,,,
mirror,Assets/Scripts/Script/CardEffects/ScapegoatClass.cs,35,39,,,,
mirror,Assets/Scripts/Script/CardEffectCommons/MinMax_DP_Cost_Level/DP/IsMaxDP.cs,25,38,,,,
mirror,Assets/Scripts/Script/CardEffects/CannotIgnoreDigivolutionConditionClass.cs,32,38,,,,
mirror,Assets/Scripts/Script/CardEffects/ImmuneFromDeDigivolveClass.cs,34,38,,,,
mirror,Assets/Scripts/Script/CardEffectCommons/MinMax_DP_Cost_Level/DP/IsMinDP.cs,26,37,,,,
mirror,Assets/Scripts/Script/CardEffectCommons/MinMax_DP_Cost_Level/DigivolutionCards/IsMinDigivolutionCards.cs,24,37,,,,
mirror,Assets/Scripts/Script/CardEffectCommons/CanUseEffects/OnMove.cs,35,37,,,,
mirror,Assets/Scripts/Script/CardEffectCommons/CanUseEffects/WhenDiscardLibrary.cs,35,37,,,,
mirror,Assets/Scripts/Script/CardEffects/AddJogressLevelsClass.cs,32,37,,,,
mirror,Assets/Scripts/Script/CardEffects/CanNotBeDestroyedClass.cs,32,37,,,,
mirror,Assets/Scripts/Script/CardEffects/CanNotBeRemovedClass.cs,32,37,,,,
mirror,Assets/Scripts/Script/CardEffects/CanNotSuspendClass.cs,33,37,,,,
mirror,Assets/Scripts/Script/CardEffects/CanNotSwitchAttackTargetClass.cs,31,37,,,,
mirror,Assets/Scripts/Script/CardEffects/CanNotUnsuspendClass.cs,32,37,,,,
mirror,Assets/Scripts/Script/CardEffects/CannotBlockClass.cs,32,37,,,,
mirror,Assets/Scripts/Script/CardEffects/DontHaveDPClass.cs,32,37,,,,
mirror,Assets/Scripts/Script/CardEffects/CanNotAffectedClass.cs,31,36,,,,
mirror,Assets/Scripts/Script/CardEffects/CanNotAttackTargetDefendingPermanentClass.cs,31,36,,,,
mirror,Assets/Scripts/Script/CardEffects/CanNotMoveClass.cs,31,36,,,,
mirror,Assets/Scripts/Script/CardEffects/CanNotPutFieldClass.cs,31,36,,,,
mirror,Assets/Scripts/Script/CardEffects/CanNotSelectBySkillClass.cs,31,36,,,,
mirror,Assets/Scripts/Script/CardEffects/CollisionClass.cs,30,36,,,,
mirror,Assets/Scripts/Script/SkillInfo.cs,15,35,,,,
mirror,Assets/Scripts/Script/CardEffectCommons/CanUseEffects/OnCardsAddedToHand.cs,33,35,,,,
mirror,Assets/Scripts/Script/CardEffects/ChangePermanentLevelClass.cs,31,35,,,,
mirror,Assets/Scripts/Script/CardEffects/DontBattleSecurityDigimonClass.cs,30,35,,,,
mirror,Assets/Scripts/Script/CardEffectCommons/MinMax_DP_Cost_Level/Level/IsMaxLevel.cs,24,34,,,,
mirror,Assets/Scripts/Script/CardEffectCommons/KeyWordEffects/Collision.cs,32,34,,,,
mirror,Assets/Scripts/Script/CardEffects/AddEvolutionConditionClass.cs,28,34,,,,
mirror,Assets/Scripts/Script/CardEffects/CanNotPlayClass.cs,29,34,,,,
mirror,Assets/Scripts/Script/CardEffects/IgnoreColorConditionClass.cs,29,34,,,,
mirror,Assets/Scripts/Script/CardEffects/TreatAsDigimonClass.cs,29,34,,,,
mirror,Assets/Scripts/Script/CardEffectCommons/CanUseEffects/OnFaceUpSecurityIncrease.cs,31,33,,,,
mirror,Assets/Scripts/Script/CardEffectCommons/CanUseEffects/WhenPermanentWouldPlay.cs,31,33,,,,
mirror,Assets/Scripts/Script/CardEffects/AddAppFusionConditionClass.cs,27,33,,,,
mirror,Assets/Scripts/Script/CardEffects/AddAssemblyConditionClass.cs,28,33,,,,
mirror,Assets/Scripts/Script/CardEffects/AddBurstDigivolutionConditionClass.cs,27,33,,,,
mirror,Assets/Scripts/Script/CardEffects/AddDigiXrosConditionClass.cs,28,33,,,,
mirror,Assets/Scripts/Script/CardEffects/AddLinkConditionClass.cs,27,33,,,,
mirror,Assets/Scripts/Script/CutInProcess.cs,110,32,,,,
mirror,Assets/Scripts/Script/CardEffectCommons/CanUseEffects/WhenAddHand.cs,30,32,,,,
mirror,Assets/Scripts/Script/CardEffects/ChangeCardLevelClass .cs,28,32,,,,
mirror,Assets/Scripts/Script/CardEffects/ChangeBaseCardColorClass.cs,27,31,,,,
mirror,Assets/Scripts/Script/CardEffects/ChangeCardColorClass.cs,26,31,,,,
mirror,Assets/Scripts/Script/CardEffects/ChangeDPDeleteEffectMaxDPClass.cs,26,31,,,,
mirror,Assets/Scripts/Script/CardEffectCommons/CanUseEffects/PermanentEnterField/WhenDigivolving.cs,27,30,,,,
mirror,Assets/Scripts/Script/CardEffects/AddMaxTrashCountDigiXrosClass.cs,25,30,,,,
mirror,Assets/Scripts/Script/CardEffects/AddMaxUnderTamerCountDigiXrosClass.cs,25,30,,,,
mirror,Assets/Scripts/Script/CardEffects/ChangeTraitsClass.cs,25,30,,,,
mirror,Assets/Scripts/Script/CardEffectCommons/CanUseEffects/PermanentEnterField/OnPlay.cs,26,29,,,,
mirror,Assets/Scripts/Script/CardEffects/ChangeBaseCardNameClass.cs,24,29,,,,
mirror,Assets/Scripts/Script/CardEffects/ChangeCardLevelForAssemblyClass.cs,24,29,,,,
mirror,Assets/Scripts/Script/CardEffects/ChangeCardNamesClass.cs,24,29,,,,
mirror,Assets/Scripts/Script/CardEffects/ChangeCardNamesForDigiXrosClass.cs,24,29,,,,
mirror,Assets/Scripts/Script/CardEffects/ChangeEndTurnMinMemoryClass.cs,23,28,,,,
mirror,Assets/Scripts/Script/CardEffects/DisableEffectClass.cs,24,28,,,,
mirror,Assets/Scripts/Script/CardEffectCommons/CanUseEffects/WhenLoseSecurity.cs,25,27,,,,
mirror,Assets/Scripts/Script/MainPhaseAction/PlayCardAction.cs,101,27,,,,
mirror,Assets/Scripts/Script/CEntity_Base.cs,403,25,,,,
mirror,Assets/Scripts/Script/CardEffectCommons/IsDigivolvedByTheEffect.cs,24,24,,,,
mirror,Assets/Scripts/Script/CardEffectCommons/GiveEffect/GiveEffectToPermanent/ChangeSAttack.cs,231,24,,,,
mirror,Assets/Scripts/Script/CardEffectCommons/CanUseEffects/OnAttackTargetSwitch.cs,22,24,,,,
mirror,Assets/Scripts/Script/CardEffectCommons/CanUseEffects/OnUnsuspend.cs,22,24,,,,
mirror,Assets/Scripts/Script/CardEffectCommons/CanUseEffects/WhenDiscardSecurity.cs,22,24,,,,
mirror,Assets/Scripts/Script/CardEffects/VortexCanAttackPlayersClass.cs,19,24,,,,
mirror,Assets/Scripts/Script/MainPhaseAction/AttackPermanentAction.cs,45,22,,,,
mirror,Assets/Scripts/Script/CardEffectCommons/ShowReducedCost.cs,32,21,,,,
mirror,Assets/Scripts/Script/MainPhaseAction/ActivateCardAction.cs,45,21,,,,
mirror,Assets/Scripts/Script/MainPhaseAction/ActivatePermanentAction.cs,44,21,,,,
mirror,Assets/Scripts/Script/CardEffectCommons/GiveEffect/GiveEffectToPlayer/ChangeSAttack.cs,133,19,,,,
mirror,Assets/Scripts/Script/CardEffectCommons/GiveEffect/GiveEffectToPlayer/ChangeDP.cs,71,17,,,,
mirror,Assets/Scripts/Script/CardEffectCommons/GiveEffect/GiveEffectToPlayer/ChangePlayCost.cs,62,17,,,,
mirror,Assets/Scripts/Script/CardEffectCommons/CanUseEffects/IgnoreBattle.cs,15,17,,,,
mirror,Assets/Scripts/Script/CardEffectCommons/CanUseEffects/OnEndAttack.cs,15,17,,,,
mirror,Assets/Scripts/Script/CardEffectCommons/CanUseEffects/SecurityEffect.cs,15,17,,,,
mirror,Assets/Scripts/Script/CardEffectCommons/CanUseEffects/WhendAddSecurity.cs,15,17,,,,
mirror,Assets/Scripts/Script/MainPhaseAction/PassAction.cs,28,17,,,,
mirror,Assets/Scripts/Script/CardEffectCommons/GiveEffect/GiveEffectToPermanent/ChangeDP.cs,57,16,,,,
mirror,Assets/Scripts/Script/CardEffectCommons/GiveEffect/GiveEffectToPermanent/ChangeOriginDP.cs,55,16,,,,
mirror,Assets/Scripts/Script/CardEffectCommons/CanUseEffects/CanUnsuspend.cs,15,16,,,,
mirror,Assets/Scripts/Script/MainPhaseAction/MainPhaseAction.cs,6,14,,,,
mirror,Assets/Scripts/Script/Utils.cs,9,12,,,,
mirror,Assets/Scripts/Script/SelectCardPanel.cs,688,11,,,,
mirror,Assets/Scripts/Script/SelectDeck.cs,324,10,,,,
mirror,Assets/Scripts/Script/CEntity_Effect.cs,30,7,,,,
mirror,Assets/Scripts/Script/CardDistributionTab.cs,36,7,,,,
mirror,Assets/Scripts/Script/CardInfo.cs,162,7,,,,
mirror,Assets/Scripts/Script/CardPrefab_CreateDeck.cs,636,7,,,,
mirror,Assets/Scripts/Script/CheckCardPanel.cs,428,7,,,,
mirror,Assets/Scripts/Script/Combinations.cs,184,7,,,,
mirror,Assets/Scripts/Script/ContinuousController.cs,1843,7,,,,
mirror,Assets/Scripts/Script/ConvertBinaryNumber.cs,145,7,,,,
mirror,Assets/Scripts/Script/CreateNewDeckButton.cs,167,7,,,,
mirror,Assets/Scripts/Script/DeckBuildingRule.cs,292,7,,,,
mirror,Assets/Scripts/Script/DeckCodeUtility.cs,167,7,,,,
mirror,Assets/Scripts/Script/DeckData.cs,868,7,,,,
mirror,Assets/Scripts/Script/DeckInfoPanel.cs,343,7,,,,
mirror,Assets/Scripts/Script/DeckListPanel.cs,175,7,,,,
mirror,Assets/Scripts/Script/DetailCard_DeckEditor.cs,529,7,,,,
mirror,Assets/Scripts/Script/DigiXrosEffectObject.cs,54,7,,,,
mirror,Assets/Scripts/Script/EditDeck.cs,1355,7,,,,
mirror,Assets/Scripts/Script/Effects.cs,2307,7,,,,
mirror,Assets/Scripts/Script/FieldPermanentCard.cs,894,7,,,,
mirror,Assets/Scripts/Script/GSSReader.cs,53,7,,,,
mirror,Assets/Scripts/Script/GameRandom.cs,124,7,,,,
mirror,Assets/Scripts/Script/HandCard.cs,1025,7,,,,
mirror,Assets/Scripts/Script/JogressEffectObject.cs,30,7,,,,
mirror,Assets/Scripts/Script/JsonSerializedClass.cs,91,7,,,,
mirror,Assets/Scripts/Script/LoadCSV_CardEntity.cs,9,7,,,,
mirror,Assets/Scripts/Script/LoadJSON_CardEntity.cs,15,7,,,,
mirror,Assets/Scripts/Script/NextPhaseButton.cs,202,7,,,,
mirror,Assets/Scripts/Script/OfficialCardListUtility.cs,1328,7,,,,
mirror,Assets/Scripts/Script/PermanentDetail.cs,445,7,,,,
mirror,Assets/Scripts/Script/ShowPhaseNotificationObject.cs,56,7,,,,
mirror,Assets/Scripts/Script/ShowPhaseObject.cs,101,7,,,,
mirror,Assets/Scripts/Script/ShuffleDeckCode.cs,168,7,,,,
mirror,Assets/Scripts/Script/SpellRestoration.cs,98,7,,,,
mirror,Assets/Scripts/Script/StarterDeck.cs,57,7,,,,
mirror,Assets/Scripts/Script/StreamingAssetsUtility.cs,246,7,,,,
mirror,Assets/Scripts/Script/Networking/GamePacketFactory.cs,45,7,,,,
mirror,Assets/Scripts/Script/Networking/GamePacketRegistration.cs,15,7,,,,
mirror,Assets/Scripts/Script/Networking/IGamePacket.cs,5,7,,,,
mirror,Assets/Scripts/Script/AutomaticOrder/StartTurnTamerMemory.cs,40,7,,,,
mirror,Assets/Scripts/Script/Effect Examples/Link_Examples.cs,293,7,,,,
mirror,Assets/Scripts/Script/PlayerSelection/CardSelection.cs,9,7,,,,
mirror,Assets/Scripts/Script/PlayerSelection/IPlayerSelection.cs,6,7,,,,
mirror,Assets/Scripts/Script/PlayerSelection/PermanentSelection.cs,11,7,,,,
mirror,Assets/Scripts/Script/PlayerSelection/ValueSelection.cs,24,7,,,,
mirror,Assets/Scripts/Script/MainPhaseAction/CheatAction.cs,96,7,진행중,,,
substrate,Headless/Runtime/MetadataActionProcessor.cs,-1,1022,,,,
substrate,Headless/Runtime/DcgoMatch.cs,-1,698,,,,
substrate,Headless/Services/InMemoryZoneMover.cs,-1,668,,,,
substrate,Headless/Runtime/HeadlessActionPayloads.cs,-1,630,,,,
substrate,Headless/Runtime/HeadlessLegalActionDispatcher.cs,-1,586,,,,
substrate,Headless/Runtime/HeadlessActionFactory.cs,-1,501,,,,
substrate,Headless/Bridge/EngineContext.cs,-1,419,,,,
substrate,Headless/Runtime/HeadlessGameLoop.cs,-1,411,,,,
substrate,Headless/Runtime/TurnFlowPump.cs,-1,371,,,,
substrate,Headless/Runtime/OptionActivateAction.cs,-1,342,,,,
substrate,Headless/Runtime/TurnFlowDriver.cs,-1,324,,,,
substrate,Headless/Runtime/MatchConfig.cs,-1,316,,,,
substrate,Headless/DataLoading/CardAssetJsonLoader.cs,-1,298,,,,
substrate,Headless/Runtime/DeferredChoiceProvider.cs,-1,284,,,,
substrate,Headless/Runtime/HeadlessActionQueue.cs,-1,278,,,,
substrate,Headless/Runtime/ObservationSnapshot.cs,-1,266,,,,
substrate,Headless/State/CardInstanceState.cs,-1,262,,,,
substrate,Headless/Bridge/ContinuousContext.cs,-1,252,,,,
substrate,Headless/State/MatchState.cs,-1,240,,,,
substrate,Headless/State/GameContextStateAccessor.cs,-1,236,,,,
substrate,Headless/State/PlayerState.cs,-1,227,,,,
substrate,Headless/DataLoading/DeckListLoader.cs,-1,223,,,,
substrate,Headless/State/DigivolutionStackReader.cs,-1,216,,,,
substrate,Headless/Runtime/SessionContext.cs,-1,215,,,,
substrate,Headless/Bridge/UnityNullObjectPolicy.cs,-1,211,,,,
substrate,Headless/Runtime/HeadlessPhaseMapping.cs,-1,206,,,,
substrate,Headless/DataLoading/BanlistLoader.cs,-1,189,,,,
substrate,Headless/Choices/ChoiceResult.cs,-1,185,,,,
substrate,Headless/Runtime/MainSkillActivateAction.cs,-1,176,,,,
substrate,Headless/Runtime/InMemoryHeadlessAttackController.cs,-1,170,,,,
substrate,Headless/Runtime/LegalActionSetValidator.cs,-1,163,,,,
substrate,Headless/Runtime/CardObservation.cs,-1,152,,,,
substrate,Headless/Services/GameRandomSource.cs,-1,150,,,,
substrate,Headless/Choices/ChoiceCompletability.cs,-1,148,,,,
substrate,Headless/Diagnostics/TraceEvent.cs,-1,146,,,,
substrate,Headless/State/PermanentBookkeepingStore.cs,-1,145,,,,
substrate,Headless/State/DigivolutionStack.cs,-1,143,,,,
substrate,Headless/Services/CardRecord.cs,-1,139,,,,
substrate,Headless/Runtime/DeletionOutcomeWatcher.cs,-1,138,,,,
substrate,Headless/DataLoading/CardBaseEntityLoader.cs,-1,133,,,,
substrate,Headless/Services/HeadlessEntityRegistry.cs,-1,132,,,,
substrate,Headless/Runtime/InMemoryHeadlessChoiceController.cs,-1,131,,,,
substrate,Headless/Runtime/InMemoryHeadlessTurnController.cs,-1,131,,,,
substrate,Headless/Diagnostics/MatchEventLog.cs,-1,129,,,,
substrate,Headless/Services/StateFingerprintService.cs,-1,128,,,,
substrate,Headless/Choices/ScriptedChoiceProvider.cs,-1,101,,,,
substrate,Headless/Coroutines/CoroutineAdapter.cs,-1,100,,,,
substrate,Headless/Services/IZoneMover.cs,-1,99,,,,
substrate,Headless/Runtime/ActionProcessResult.cs,-1,99,,,,
substrate,Headless/Runtime/HeadlessActionParameterKeys.cs,-1,97,,,,
substrate,Headless/Choices/ChoiceRequest.cs,-1,96,,,,
substrate,Headless/Runtime/GameEventQueue.cs,-1,90,,,,
substrate,Headless/Coroutines/EngineWaitCondition.cs,-1,90,,,,
substrate,Headless/Runtime/SecurityFaceState.cs,-1,89,,,,
substrate,Headless/Services/InMemoryLogSink.cs,-1,88,,,,
substrate,Headless/Services/InMemoryRuleQueryService.cs,-1,88,,,,
substrate,Headless/Bridge/BareCauseEffect.cs,-1,82,,,,
substrate,Headless/Runtime/HeadlessActionTypes.cs,-1,82,,,,
substrate,Headless/Services/HeadlessPlayerId.cs,-1,76,,,,
substrate,Headless/Coroutines/EngineTaskRunner.cs,-1,73,,,,
substrate,Headless/Services/IllegalAction.cs,-1,72,,,,
substrate,Headless/Runtime/InMemoryHeadlessMemoryController.cs,-1,72,,,,
substrate,Headless/Services/ZoneMoveRequest.cs,-1,67,,,,
substrate,Headless/Runtime/GameEvent.cs,-1,66,,,,
substrate,Headless/Diagnostics/EngineTrace.cs,-1,65,,,,
substrate,Headless/Services/HeadlessEntityId.cs,-1,64,,,,
substrate,Headless/Runtime/MatchResult.cs,-1,63,,,,
substrate,Headless/DataLoading/StarterDecks.cs,-1,62,,,,
substrate,Headless/Coroutines/IEngineTask.cs,-1,62,,,,
substrate,Headless/Bridge/GManagerBridge.cs,-1,61,,,,
substrate,Headless/Services/CardInstanceRecord.cs,-1,58,,,,
substrate,Headless/Runtime/ActionMask.cs,-1,58,,,,
substrate,Headless/Bridge/AmbientMatchContext.cs,-1,57,,,,
substrate,Headless/Runtime/StepResult.cs,-1,56,,,,
substrate,Headless/Runtime/CheatActionGuard.cs,-1,53,,,,
substrate,Headless/Services/InMemoryCardRepository.cs,-1,52,,,,
substrate,Headless/Services/LegalAction.cs,-1,52,,,,
substrate,Headless/Choices/PolicyChoiceProvider.cs,-1,52,,,,
substrate,Headless/Runtime/HeadlessAction.cs,-1,52,,,,
substrate,Headless/Runtime/HeadlessChoiceState.cs,-1,52,,,,
substrate,Headless/DataLoading/CardDatabase.cs,-1,50,,,,
substrate,Headless/Runtime/InMemoryHeadlessPlayerStatusController.cs,-1,49,,,,
substrate,Headless/Runtime/HeadlessTurnState.cs,-1,46,,,,
substrate,Headless/Choices/ChoiceType.cs,-1,45,,,,
substrate,Headless/Runtime/IHeadlessAttackController.cs,-1,43,,,,
substrate,Headless/Choices/ChoiceCandidate.cs,-1,42,,,,
substrate,Headless/State/DpModifier.cs,-1,40,,,,
substrate,Headless/Choices/ChoiceOption.cs,-1,40,,,,
substrate,Headless/Runtime/PlayerTurnCounterController.cs,-1,40,,,,
substrate,Headless/Runtime/DeferredActivationController.cs,-1,39,,,,
substrate,Headless/Services/CardQuery.cs,-1,32,,,,
substrate,Headless/Services/InMemoryCardInstanceRepository.cs,-1,32,,,,
substrate,Headless/Runtime/HeadlessAttackState.cs,-1,32,,,,
substrate,Headless/Runtime/TurnStepCursor.cs,-1,32,,,,
substrate,Headless/Runtime/IActionLegality.cs,-1,29,,,,
substrate,Headless/Runtime/AttackPhase.cs,-1,28,,,,
substrate,Headless/Runtime/IHeadlessChoiceController.cs,-1,28,,,,
substrate,Headless/Runtime/NoOpActionProcessor.cs,-1,27,,,,
substrate,Headless/Runtime/GameEventType.cs,-1,23,,,,
substrate,Headless/Runtime/IHeadlessPlayerStatusController.cs,-1,20,,,,
substrate,Headless/Choices/ChoiceZone.cs,-1,19,,,,
substrate,Headless/Runtime/HeadlessEffectState.cs,-1,19,,,,
substrate,Headless/Runtime/IHeadlessMemoryController.cs,-1,19,,,,
substrate,Headless/Services/ITerminalOutcomeSink.cs,-1,18,,,,
substrate,Headless/Runtime/HeadlessPhase.cs,-1,18,,,,
substrate,Headless/Runtime/IHeadlessTurnController.cs,-1,18,,,,
substrate,Headless/Services/ZoneMoveMetadataKeys.cs,-1,17,,,,
substrate,Headless/Services/NullLogSink.cs,-1,16,,,,
substrate,Headless/Diagnostics/MatchLogLevel.cs,-1,15,,,,
substrate,Headless/Services/IStateFingerprintService.cs,-1,14,,,,
substrate,Headless/Runtime/HeadlessMemoryState.cs,-1,13,,,,
substrate,Headless/Runtime/IActionProcessor.cs,-1,13,,,,
substrate,Headless/Services/ICardRepository.cs,-1,12,,,,
substrate,Headless/Bridge/PayCostRoot.cs,-1,12,,,,
substrate,Headless/Services/IHeadlessLegalActionController.cs,-1,11,,,,
substrate,Headless/Services/IRandomSeedController.cs,-1,11,,,,
substrate,Headless/Services/IZoneStateReader.cs,-1,11,,,,
substrate,Headless/Services/ICardInstanceRepository.cs,-1,10,,,,
substrate,Headless/Services/ILogSink.cs,-1,10,,,,
substrate,Headless/Services/IRandomSource.cs,-1,10,,,,
substrate,Headless/Services/IRuleQueryService.cs,-1,9,,,,
substrate,Headless/Services/ZoneMoveResult.cs,-1,9,,,,
substrate,Headless/Diagnostics/NullTraceSink.cs,-1,8,,,,
substrate,Headless/Services/IHeadlessLegalActionSeeder.cs,-1,7,,,,
substrate,Headless/Services/IHeadlessMatchStateResettable.cs,-1,7,,,,
substrate,Headless/Services/ITerminalStateController.cs,-1,7,,,,
substrate,Headless/Diagnostics/ITraceSink.cs,-1,6,,,,
substrate,Headless/Choices/IChoiceProvider.cs,-1,6,,,,
substrate,Headless/Diagnostics/TraceOptions.cs,-1,5,,,,
