asis_symbol,freq_cards,asis_source,status,mirror_symbol,mirror_path,signature_delta,example_card,example_line,notes
ActivateClass,3613,keywords,OK,ActivateClass,src/HeadlessDCGO.Engine/Assets/Scripts/Script/CardEffectFactory.cs,,,,
IsExistOnBattleArea,2455,commons,OK,IsExistOnBattleArea,src/HeadlessDCGO.Engine/Assets/Scripts/Script/CardEffectCommons.cs,,,,
SelectPermanentEffect,2128,actions,OK,GManager.instance.GetComponent<SelectPermanentEffect>(),src/HeadlessDCGO.Engine/Assets/Scripts/Script/SelectPermanentEffect.cs,"GManager acquisition retained VERBATIM. canTargetCondition is Func<HeadlessEntityId,bool> -> keep AS-IS Func<Permanent,bool> predicate and bolt on PermanentOf(id) adapter. Mode.* / SetUp / SetUpCustomMessage / Activate() identity",BT17_026,177,id-adapter template in the guide.
HasMatchConditionPermanent,1785,commons,OK,HasMatchConditionPermanent,src/HeadlessDCGO.Engine/Assets/Scripts/Script/AutoProcessing.cs,"added LEADING `card` param (card-less overload removed): HasMatchConditionPermanent(card, Func<Permanent,bool>). Permanent-predicate overload exists (CardEffectCommons.cs:4079) - pass the predicate directly, no id-adapter",BT9_009,104,Scan family.
IsPermanentExistsOnOpponentBattleAreaDigimon,1508,commons,OK,IsPermanentExistsOnOpponentBattleAreaDigimon,src/HeadlessDCGO.Engine/Assets/Scripts/Script/CardEffectCommons.cs,,,,
MatchConditionPermanentCount,1473,commons,OK,MatchConditionPermanentCount,src/HeadlessDCGO.Engine/Assets/Scripts/Script/CardEffectCommons.cs,"added leading `card`; this one is id-only (:4333) so pass the id-adapter CanSelectPermanentById, not the Permanent predicate",BT17_026,707,Contrast HasMatchConditionPermanent (has Permanent overload).
IsOwnerTurn,1344,commons,OK,IsOwnerTurn,src/HeadlessDCGO.Engine/Assets/Scripts/Script/CardEffectCommons.cs,,,,
CanTriggerWhenDigivolving,1281,commons,OK,CardEffectCommons.CanTriggerWhenDigivolving,src/HeadlessDCGO.Engine/Assets/Scripts/Script/CardEffectFactory.cs,"gate body identity (hashtable, card) BUT the effect must be REGISTERED under EffectTiming.WhenDigivolving (mirror dialect), not AS-IS OnEnterFieldAnyone; single-key, no double-register",AD1_011,140,trigger-wiring rule 3.
AddSelfDigivolutionRequirementStaticEffect,1186,primitive,OK,CardEffectFactory.AddSelfDigivolutionRequirementStaticEffect,src/HeadlessDCGO.Engine/Assets/Scripts/CardEffect/AD1/Blue/AD1_011.cs,"identity (level, permanentCondition, digivolutionCost, ignoreDigivolutionRequirement, card, condition)",P_223,61,Highest-frequency factory primitive (~1186 cards).
CanTriggerOnPlay,1183,commons,OK,CanTriggerOnPlay,src/HeadlessDCGO.Engine/Assets/Scripts/Script/CardEffectCommons.cs,,,,
IsPermanentExistsOnOwnerBattleAreaDigimon,1132,commons,OK,IsPermanentExistsOnOwnerBattleAreaDigimon,src/HeadlessDCGO.Engine/Assets/Scripts/Script/CardEffectCommons.cs,,,,
IsExistOnBattleAreaDigimon,1061,commons,OK,IsExistOnBattleAreaDigimon,src/HeadlessDCGO.Engine/Assets/Scripts/Script/CardEffectCommons.cs,,,,
SelectHandEffect,943,actions,OK,GManager.instance.GetComponent<SelectHandEffect>(),src/HeadlessDCGO.Engine/Assets/Scripts/Script/SelectHandEffect.cs,GManager acquisition retained verbatim; Mode.Custom/Discard/PlayForFree identity,BT19_091,257,
SelectCardEffect,874,actions,OK,GManager.instance.GetComponent<SelectCardEffect>(),src/HeadlessDCGO.Engine/Assets/Scripts/Script/SelectCardEffect.cs,GManager acquisition retained verbatim; Mode.* / Root.* enums identity; customRootCardList wants .ToList() (IReadOnlyList->List),BT17_026,227,
PlayPermanentCards,792,commons,OK,CardEffectCommons.PlayPermanentCards,src/HeadlessDCGO.Engine/Assets/Scripts/Script/CardEffectCommons/ActivatedEffects.cs,"identity (cardSources, cardEffect, payCost, isTapped, root, activateETB)",EX7_014,364,
CanTriggerOnAttack,767,commons,OK,CanTriggerOnAttack,src/HeadlessDCGO.Engine/Assets/Scripts/Script/CardEffectCommons.cs,,,,
CanPlayAsNewPermanent,748,commons,OK,CardEffectCommons.CanPlayAsNewPermanent,src/HeadlessDCGO.Engine/Assets/Scripts/Script/CardController.cs,"AS-IS root: param DROPPED (substrate drop): (cardSource, payCost, cardEffect)",EX5_053,149,Contrast PlayPermanentCards which KEEPS root:.
HasMatchConditionOwnersCardInTrash,568,commons,OK,HasMatchConditionOwnersCardInTrash,src/HeadlessDCGO.Engine/Assets/Scripts/Script/CardEffectCommons.cs,,,,
CanTriggerOptionMainEffect,510,commons,OK,CanTriggerOptionMainEffect,src/HeadlessDCGO.Engine/Assets/Scripts/Script/CardEffectCommons.cs,,,,
HasMatchConditionOwnersPermanent,498,commons,OK,HasMatchConditionOwnersPermanent,src/HeadlessDCGO.Engine/Assets/Scripts/Script/CardEffectCommons.cs,,,,
ChangeDigimonDP,483,commons,OK,CardEffectCommons.ChangeDigimonDP,src/HeadlessDCGO.Engine/Assets/Scripts/CardEffect/BT1/Blue/BT1_096.cs,"identity; async bridge (targetPermanent, changeValue, EffectDuration, cardEffect)",EX11_074,189,
DrawClass,459,keywords,OK,DrawClass,src/HeadlessDCGO.Engine/Assets/Scripts/Script/CardController.cs,"ctor GAINS Context first + a cause: new DrawClass(card.Context, card.Owner, n, cause, cardEffect) (CardController.cs:186)",EX10_045,439,Primitive-audit caveat: OnDraw trigger firing was flagged (verify sink).
CardEffectHashtable,421,commons,OK,CardEffectHashtable,src/HeadlessDCGO.Engine/Assets/Scripts/Script/CardEffectCommons/HashtableSetting.cs,,,,
CanTriggerOnDeletion,381,commons,OK,CanTriggerOnDeletion,src/HeadlessDCGO.Engine/Assets/Scripts/Script/CardEffectCommons.cs,,,,
IsPermanentExistsOnOwnerBattleArea,375,commons,OK,IsPermanentExistsOnOwnerBattleArea,src/HeadlessDCGO.Engine/Assets/Scripts/Script/CardEffectCommons.cs,,,,
HasMatchConditionOwnersHand,368,commons,OK,HasMatchConditionOwnersHand,src/HeadlessDCGO.Engine/Assets/Scripts/Script/CardEffectCommons.cs,,,,
SimplifiedSelectCardConditionClass,367,keywords,OK,SimplifiedSelectCardConditionClass,src/HeadlessDCGO.Engine/Assets/Scripts/Script/CardEffectCommons/CardPortingFramework.cs,,,,
SimplifiedRevealDeckTopCardsAndSelect,362,commons,OK,CardEffectCommons.SimplifiedRevealDeckTopCardsAndSelect,src/HeadlessDCGO.Engine/Assets/Scripts/Script/CardEffectCommons/RevealLibrary.cs,identity; pairs with SimplifiedSelectCardConditionClass,LM_054,108,
ChangeSelfDPStaticEffect,329,primitive,OK,ChangeSelfDPStaticEffect,src/HeadlessDCGO.Engine/Assets/Scripts/Script/CardEffectFactory/ChangeDP.cs,,,,
PlaySelfTamerSecurityEffect,327,primitive,OK,CardEffectFactory.PlaySelfTamerSecurityEffect,src/HeadlessDCGO.Engine/Assets/Scripts/CardEffect/BT1/Blue/BT1_086.cs,identity (card),EX11_070,58,
DigivolveIntoHandOrTrashCard,312,commons,OK,CardEffectCommons.DigivolveIntoHandOrTrashCard,src/HeadlessDCGO.Engine/Assets/Scripts/CardEffect/AD1/Blue/AD1_011.cs,"identity; named-tuple params (reduceCostTuple, fixedCostTuple:(fixedCost,fixedCostCardCondition), ignoreDigivolutionRequirementFixedCost, isHand, successProcess, failedProcess, isOptional)",BT17_026,437,
SuspendPermanentsClass,300,keywords,OK,SuspendPermanentsClass,src/HeadlessDCGO.Engine/Assets/Scripts/Script/CardController.cs,"ctor: (list, cardEffect, isBlock:false).Tap() - AS-IS hashtable arg replaced by (cardEffect, isBlock)",EX11_074,168,Primitive-audit caveat: DPWhenSuspended snapshot / already-suspended refire were flagged (P0#3).
CanActivateOnDeletion,289,commons,OK,CanActivateOnDeletion,src/HeadlessDCGO.Engine/Assets/Scripts/Script/CardEffectCommons.cs,,,,
BlockerSelfStaticEffect,287,primitive,OK,BlockerSelfStaticEffect,src/HeadlessDCGO.Engine/Assets/Scripts/Script/CardEffectFactory/KeyWordEffects/Blocker.cs,,,,
CanTriggerSecurityEffect,285,commons,OK,CanTriggerSecurityEffect,src/HeadlessDCGO.Engine/Assets/Scripts/Script/CardEffectCommons.cs,,,,
IsOpponentTurn,284,commons,OK,IsOpponentTurn,src/HeadlessDCGO.Engine/Assets/Scripts/Script/CardEffectCommons.cs,,,,
DeletePeremanentAndProcessAccordingToResult,279,commons,OK,CardEffectCommons.DeletePeremanentAndProcessAccordingToResult,src/HeadlessDCGO.Engine/Assets/Scripts/Script/CardEffectCommons/ActivatedEffects.cs,identity - NOTE the AS-IS misspelling 'Pereman' is preserved verbatim in the mirror (do not 'correct' it),LM_054,191,Same for BouncePereman.../SuspendPereman.../DeckBouncePereman...
CanActivateSuspendCostEffect,257,commons,OK,CanActivateSuspendCostEffect,src/HeadlessDCGO.Engine/Assets/Scripts/Script/CardEffectCommons.cs,,,,
ChangeCostClass,229,keywords,OK,ChangeCostClass,src/HeadlessDCGO.Engine/Assets/Scripts/Script/CardEffects/ChangeCostClass.cs,"identity; SetUpChangeCostClass(changeCostFunc, cardSourceCondition, rootCondition, isUpDown, isCheckAvailability, isChangePayingCost); SetNotShowUI(true)",P_223,102,
HasMatchConditionOpponentsPermanent,225,commons,OK,HasMatchConditionOpponentsPermanent,src/HeadlessDCGO.Engine/Assets/Scripts/Script/CardEffectCommons.cs,,,,
CanTriggerOnPermanentPlay,220,commons,OK,CanTriggerOnPermanentPlay,src/HeadlessDCGO.Engine/Assets/Scripts/Script/CardEffectCommons.cs,,,,
IsPermanentExistsOnBattleArea,192,commons,OK,IsPermanentExistsOnBattleArea,src/HeadlessDCGO.Engine/Assets/Scripts/Script/CardEffectCommons.cs,,,,
AddActivateMainOptionSecurityEffect,185,commons,OK,CardEffectCommons.AddActivateMainOptionSecurityEffect,src/HeadlessDCGO.Engine/Assets/Scripts/CardEffect/BT1/Blue/BT1_101.cs,"identity; (card, ref cardEffects, effectName) - ref param retained",LM_054,255,
IsExistOnTrash,184,commons,OK,IsExistOnTrash,src/HeadlessDCGO.Engine/Assets/Scripts/Script/CardEffectCommons.cs,,,,
IsPermanentExistsOnOpponentBattleArea,150,commons,OK,IsPermanentExistsOnOpponentBattleArea,src/HeadlessDCGO.Engine/Assets/Scripts/Script/CardEffectCommons.cs,,,,
ChangeSelfSAttackStaticEffect,148,primitive,OK,ChangeSelfSAttackStaticEffect,src/HeadlessDCGO.Engine/Assets/Scripts/Script/CardEffectFactory/ChangeSAttack.cs,,,,
PlaceDelayOptionCards,148,commons,OK,CardEffectCommons.PlaceDelayOptionCards,src/HeadlessDCGO.Engine/Assets/Scripts/Script/CardEffectFactory.cs,"AS-IS (card, cardEffect) -> mirror requires EXPLICIT root: param (AS-IS default was Root.Execution): PlaceDelayOptionCards(card, cardEffect, root: SelectCardEffect.Root.Execution)",LM_047,130,
IgnoreColorConditionClass,144,keywords,OK,IgnoreColorConditionClass,src/HeadlessDCGO.Engine/Assets/Scripts/Script/CardEffects/IgnoreColorConditionClass.cs,identity; SetUpIgnoreColorConditionClass,EX8_068,46,
IsByEffect,142,commons,OK,CardEffectCommons.IsByEffect,src/HeadlessDCGO.Engine/Assets/Scripts/Script/CardEffectFactory/KeyWordEffects/Decoy.cs,identity,EX7_014,310,Paired with IsOwnerEffect/IsOpponentEffect whose ICardEffect arg -> cardEffect.EffectSourceCard.
ShowReducedCost,132,commons,OK,ShowReducedCost,src/HeadlessDCGO.Engine/Assets/Scripts/Script/CardEffectCommons/ShowReducedCost.cs,,,,
ChangeDigimonSAttack,131,commons,OK,ChangeDigimonSAttack,src/HeadlessDCGO.Engine/Assets/Scripts/Script/CardEffectCommons.cs,,,,
AddThisCardToHand,127,commons,OK,AddThisCardToHand,src/HeadlessDCGO.Engine/Assets/Scripts/Script/CardEffectCommons.cs,,,,
CanTriggerWhenRemoveField,126,commons,OK,CanTriggerWhenRemoveField,src/HeadlessDCGO.Engine/Assets/Scripts/Script/CardEffectCommons.cs,,,,
CanTriggerOnPermanentDeleted,123,commons,OK,CanTriggerOnPermanentDeleted,src/HeadlessDCGO.Engine/Assets/Scripts/Script/CardEffectCommons.cs,,,,
SelectAttackEffect,121,actions,OK,GManager.instance.GetComponent<SelectAttackEffect>(),src/HeadlessDCGO.Engine/Assets/Scripts/Script/SelectAttackEffect.cs,"GManager acquisition retained verbatim; SetUp(attacker, canAttackPlayerCondition, defenderCondition, cardEffect), SetCanNotSelectNotAttack() identity",BT19_091,183,
PierceSelfEffect,120,primitive,OK,PierceSelfEffect,src/HeadlessDCGO.Engine/Assets/Scripts/Script/CardEffectFactory/KeyWordEffects/Pierce.cs,,,,
CanDeclareOptionDelayEffect,119,commons,OK,CanDeclareOptionDelayEffect,src/HeadlessDCGO.Engine/Assets/Scripts/Script/CardEffectCommons.cs,,,,
CanTriggerOnPermanentAttack,118,commons,OK,CanTriggerOnPermanentAttack,src/HeadlessDCGO.Engine/Assets/Scripts/Script/CardEffectCommons.cs,,,,
IsOpponentPermanent,118,commons,OK,IsOpponentPermanent,src/HeadlessDCGO.Engine/Assets/Scripts/Script/CardEffectCommons.cs,,,,
CanTriggerWhenPermanentSuspends,115,commons,OK,CanTriggerWhenPermanentSuspends,src/HeadlessDCGO.Engine/Assets/Scripts/Script/CardEffectCommons.cs,,,,
DestroyPermanentsClass,99,keywords,OK,DestroyPermanentsClass,src/HeadlessDCGO.Engine/Assets/Scripts/Script/CardController.cs,"identity; new DestroyPermanentsClass(list, CardEffectCommons.CardEffectHashtable(cardEffect)).Destroy() then await",BT9_111,98,"Haiku-pilot false-STOP #3. CardController.cs:4152. Note primitive-audit caveat: CanBeDestroyedBySkill guard was a latent hole (P0#1, since remediated)."
CanTriggerWhenPermanentDigivolving,98,commons,OK,CanTriggerWhenPermanentDigivolving,src/HeadlessDCGO.Engine/Assets/Scripts/Script/CardEffectCommons.cs,,,,
IsExistOnHand,97,commons,OK,IsExistOnHand,src/HeadlessDCGO.Engine/Assets/Scripts/Script/CardEffectCommons.cs,,,,
TrashDigivolutionCardsFromTopOrBottom,97,commons,OK,TrashDigivolutionCardsFromTopOrBottom,src/HeadlessDCGO.Engine/Assets/Scripts/Script/CardEffectCommons.cs,,,,
RebootSelfStaticEffect,91,primitive,OK,RebootSelfStaticEffect,src/HeadlessDCGO.Engine/Assets/Scripts/Script/CardEffectFactory/KeyWordEffects/Reboot.cs,,,,
ActivateClassesForSharedEffects,84,primitive,OK,ActivateClassesForSharedEffects,src/HeadlessDCGO.Engine/Assets/Scripts/Script/CardEffectFactory.cs,,,,
SetMemoryTo3TamerEffect,83,primitive,OK,SetMemoryTo3TamerEffect,src/HeadlessDCGO.Engine/Assets/Scripts/Script/CardEffectFactory.cs,,,,
AddDigiXrosConditionClass,79,keywords,OK,AddDigiXrosConditionClass,src/HeadlessDCGO.Engine/Assets/Scripts/Script/CardEffects/AddDigiXrosConditionClass.cs,,,,
IsPermanentExistsOnBattleAreaDigimon,78,commons,OK,IsPermanentExistsOnBattleAreaDigimon,src/HeadlessDCGO.Engine/Assets/Scripts/Script/CardEffectCommons.cs,,,,
IsOpponentEffect,77,commons,OK,IsOpponentEffect,src/HeadlessDCGO.Engine/Assets/Scripts/Script/CardEffectCommons.cs,,,,
HasNoElement,76,commons,OK,HasNoElement,src/HeadlessDCGO.Engine/Assets/Scripts/Script/CardController.cs,,,,
BlastDigivolveEffect,75,primitive,OK,BlastDigivolveEffect,src/HeadlessDCGO.Engine/Assets/Scripts/Script/CardEffectFactory/KeyWordEffects/BlastDigivolution.cs,,,,
MatchConditionOwnersCardCountInHand,74,commons,OK,MatchConditionOwnersCardCountInHand,src/HeadlessDCGO.Engine/Assets/Scripts/Script/CardEffectCommons.cs,,,,
CanTriggerWhenLoseSecurity,73,commons,OK,CanTriggerWhenLoseSecurity,src/HeadlessDCGO.Engine/Assets/Scripts/Script/CardEffectCommons.cs,,,,
CanTriggerWhenPermanentWouldPlay,72,commons,OK,CanTriggerWhenPermanentWouldPlay,src/HeadlessDCGO.Engine/Assets/Scripts/Script/CardEffectCommons.cs,,,,
MatchConditionOwnersCardCountInTrash,72,commons,OK,MatchConditionOwnersCardCountInTrash,src/HeadlessDCGO.Engine/Assets/Scripts/Script/CardEffectCommons.cs,,,,
MatchConditionOwnersPermanentCount,71,commons,OK,MatchConditionOwnersPermanentCount,src/HeadlessDCGO.Engine/Assets/Scripts/Script/CardEffectCommons.cs,,,,
RetaliationSelfEffect,71,primitive,OK,RetaliationSelfEffect,src/HeadlessDCGO.Engine/Assets/Scripts/Script/CardEffectFactory/KeyWordEffects/Retaliation.cs,,,,
AddSelfLinkConditionStaticEffect,70,primitive,OK,AddSelfLinkConditionStaticEffect,src/HeadlessDCGO.Engine/Assets/Scripts/Script/CardEffectFactory/AddLinkRequirement.cs,,,,
CanTriggerWhenDeleteOpponentDigimonByBattle,70,commons,OK,CanTriggerWhenDeleteOpponentDigimonByBattle,src/HeadlessDCGO.Engine/Assets/Scripts/Script/CardEffectCommons.cs,,,,
JammingSelfStaticEffect,70,primitive,OK,JammingSelfStaticEffect,src/HeadlessDCGO.Engine/Assets/Scripts/Script/CardEffectFactory/KeyWordEffects/Jamming.cs,,,,
LinkEffect,70,primitive,OK,LinkEffect,src/HeadlessDCGO.Engine/Assets/Scripts/Script/CardEffectFactory/KeyWordEffects/Link.cs,,,,
GainBlocker,69,commons,OK,GainBlocker,src/HeadlessDCGO.Engine/Assets/Scripts/Script/CardEffectCommons/KeyWordEffects/Blocker.cs,,,,
AllianceSelfEffect,68,primitive,OK,AllianceSelfEffect,src/HeadlessDCGO.Engine/Assets/Scripts/Script/CardEffectFactory/KeyWordEffects/Alliance.cs,,,,
ChangeCardNamesClass,63,keywords,OK,ChangeCardNamesClass,src/HeadlessDCGO.Engine/Assets/Scripts/Script/CardEffects/ChangeCardNamesClass.cs,identity,P_223,266,
RaidSelfEffect,63,primitive,OK,RaidSelfEffect,src/HeadlessDCGO.Engine/Assets/Scripts/Script/CardEffectFactory/KeyWordEffects/Raid.cs,,,,
MatchConditionOpponentsPermanentCount,61,commons,OK,MatchConditionOpponentsPermanentCount,src/HeadlessDCGO.Engine/Assets/Scripts/Script/CardEffectCommons.cs,,,,
AddJogressConditionClass,59,keywords,OK,AddJogressConditionClass,src/HeadlessDCGO.Engine/Assets/Scripts/Script/CardEffects/AddJogressConditionClass.cs,,,,
IsOwnerPermanent,59,commons,OK,IsOwnerPermanent,src/HeadlessDCGO.Engine/Assets/Scripts/Script/CardEffectCommons.cs,,,,
CanTriggerWhenPermanentWouldDigivolve,58,commons,OK,CanTriggerWhenPermanentWouldDigivolve,src/HeadlessDCGO.Engine/Assets/Scripts/Script/CardEffectCommons.cs,,,,
CanTriggerWhenPermanentRemoveField,57,commons,OK,CanTriggerWhenPermanentRemoveField,src/HeadlessDCGO.Engine/Assets/Scripts/Script/CardEffectCommons.cs,,,,
BarrierSelfEffect,55,primitive,OK,BarrierSelfEffect,src/HeadlessDCGO.Engine/Assets/Scripts/Script/CardEffectFactory/KeyWordEffects/Barrier.cs,,,,
CanUnsuspend,55,commons,OK,CanUnsuspend,src/HeadlessDCGO.Engine/Assets/Scripts/Script/CardEffectCommons.cs,,,,
PlaceSelfDelayOptionSecurityEffect,54,primitive,OK,PlaceSelfDelayOptionSecurityEffect,src/HeadlessDCGO.Engine/Assets/Scripts/Script/CardEffectFactory.cs,,,,
DNADigivolvePermanentsIntoHandOrTrashCard,51,commons,OK,DNADigivolvePermanentsIntoHandOrTrashCard,src/HeadlessDCGO.Engine/Assets/Scripts/Script/CardEffectCommons.cs,,,,
SelectTrashDigivolutionCards,51,commons,OK,SelectTrashDigivolutionCards,src/HeadlessDCGO.Engine/Assets/Scripts/Script/CardEffectCommons.cs,,,,
CanTriggerOnAddDigivolutionCard,50,commons,OK,CanTriggerOnAddDigivolutionCard,src/HeadlessDCGO.Engine/Assets/Scripts/Script/CardEffectCommons.cs,,,,
ChangeDigivolutionCostStaticEffect,49,primitive,OK,ChangeDigivolutionCostStaticEffect,src/HeadlessDCGO.Engine/Assets/Scripts/Script/CardEffectCommons.cs,,,,
GetPermanentsFromHashtable,46,commons,OK,GetPermanentsFromHashtable,src/HeadlessDCGO.Engine/Assets/Scripts/Script/CardEffectCommons.cs,,,,
ArmorPurgeEffect,45,primitive,OK,ArmorPurgeEffect,src/HeadlessDCGO.Engine/Assets/Scripts/Script/CardEffectFactory/KeyWordEffects/ArmorPurge.cs,,,,
GainCanNotAttack,44,commons,OK,GainCanNotAttack,src/HeadlessDCGO.Engine/Assets/Scripts/Script/CardEffectCommons.cs,,,,
IsMinDP,43,commons,OK,IsMinDP,src/HeadlessDCGO.Engine/Assets/Scripts/Script/CardEffectCommons.cs,,,,
RushSelfStaticEffect,43,primitive,OK,RushSelfStaticEffect,src/HeadlessDCGO.Engine/Assets/Scripts/Script/CardEffectFactory/KeyWordEffects/Rush.cs,,,,
AddSkillClass,42,keywords,OK,AddSkillClass,src/HeadlessDCGO.Engine/Assets/Scripts/Script/CardEffects/AddSkillClass.cs,,,,
CanTriggerWhenLinked,42,commons,OK,CanTriggerWhenLinked,src/HeadlessDCGO.Engine/Assets/Scripts/Script/CardEffectCommons.cs,,,,
IsJogress,42,commons,OK,IsJogress,src/HeadlessDCGO.Engine/Assets/Scripts/Script/CardEffectCommons.cs,,,,
ChangeDPStaticEffect,41,primitive,OK,ChangeDPStaticEffect,src/HeadlessDCGO.Engine/Assets/Scripts/Script/CardEffectCommons.cs,,,,
CanNotAffectedClass,40,keywords,OK,CanNotAffectedClass,src/HeadlessDCGO.Engine/Assets/Scripts/Script/CardEffects/CanNotAffectedClass.cs,,,,
GainPierce,40,commons,OK,GainPierce,src/HeadlessDCGO.Engine/Assets/Scripts/Script/CardEffectCommons/KeyWordEffects/Pierce.cs,,,,
IsOwnerEffect,40,commons,OK,IsOwnerEffect,src/HeadlessDCGO.Engine/Assets/Scripts/Script/CardEffectCommons.cs,,,,
GainRush,39,commons,OK,GainRush,src/HeadlessDCGO.Engine/Assets/Scripts/Script/CardEffectCommons/KeyWordEffects/Rush.cs,,,,
IsExistInSecurity,39,commons,OK,IsExistInSecurity,src/HeadlessDCGO.Engine/Assets/Scripts/Script/CardEffectCommons.cs,,,,
SaveEffect,39,primitive,OK,SaveEffect,src/HeadlessDCGO.Engine/Assets/Scripts/Script/CardEffectFactory/KeyWordEffects/Save.cs,,,,
CanTriggerOnEndAttack,38,commons,OK,CanTriggerOnEndAttack,src/HeadlessDCGO.Engine/Assets/Scripts/Script/CardEffectCommons.cs,,,,
GetPermanentFromHashtable,36,commons,OK,GetPermanentFromHashtable,src/HeadlessDCGO.Engine/Assets/Scripts/Script/CardEffectCommons.cs,,,,
CanTriggerWhenLinking,35,commons,OK,CanTriggerWhenLinking,src/HeadlessDCGO.Engine/Assets/Scripts/Script/CardEffectCommons.cs,,,,
GetCardFromHashtable,35,commons,OK,GetCardFromHashtable,src/HeadlessDCGO.Engine/Assets/Scripts/Script/CardEffectCommons.cs,,,,
PlaySelfDigimonAfterBattleSecurityEffect,35,primitive,OK,PlaySelfDigimonAfterBattleSecurityEffect,src/HeadlessDCGO.Engine/Assets/Scripts/Script/CardEffectFactory.cs,,,,
IsByBattle,34,commons,OK,IsByBattle,src/HeadlessDCGO.Engine/Assets/Scripts/Script/CardEffectCommons.cs,,,,
IsMinLevel,34,commons,OK,IsMinLevel,src/HeadlessDCGO.Engine/Assets/Scripts/Script/CardEffectCommons.cs,,,,
PlayOptionCards,34,commons,OK,PlayOptionCards,src/HeadlessDCGO.Engine/Assets/Scripts/Script/CardEffectCommons/PlayCardsBridge.cs,,,,
CanNotSuspendClass,33,keywords,OK,CanNotSuspendClass,src/HeadlessDCGO.Engine/Assets/Scripts/Script/CardEffects/CanNotSuspendClass.cs,,,,
IsExistOnField,33,commons,OK,IsExistOnField,src/HeadlessDCGO.Engine/Assets/Scripts/Script/CardEffectCommons.cs,,,,
DisableEffectClass,32,keywords,OK,DisableEffectClass,src/HeadlessDCGO.Engine/Assets/Scripts/Script/CardEffects/DisableEffectClass.cs,,,,
PlayCardClass,32,keywords,OK,PlayCardClass,src/HeadlessDCGO.Engine/Assets/Scripts/Script/CardController.cs,,,,
GetPlayedPermanentsFromEnterFieldHashtable,31,commons,OK,GetPlayedPermanentsFromEnterFieldHashtable,src/HeadlessDCGO.Engine/Assets/Scripts/Script/CardEffectCommons.cs,,,,
AddEffectToPlayer,30,commons,OK,AddEffectToPlayer,src/HeadlessDCGO.Engine/Assets/Scripts/Script/CardEffectCommons/GiveEffect/GiveEffectToPermanentOrPlayer.cs,,,,
CollisionSelfStaticEffect,30,primitive,OK,CollisionSelfStaticEffect,src/HeadlessDCGO.Engine/Assets/Scripts/Script/CardEffectFactory/KeyWordEffects/Collision.cs,,,,
IsPermanentExistsOnOwnerBattleAreaTamer,30,commons,OK,IsPermanentExistsOnOwnerBattleAreaTamer,src/HeadlessDCGO.Engine/Assets/Scripts/Script/CardEffectCommons.cs,,,,
CanTriggerOnMove,29,commons,OK,CanTriggerOnMove,src/HeadlessDCGO.Engine/Assets/Scripts/Script/CardEffectCommons.cs,,,,
RevealDeckTopCardsAndProcessForAll,29,commons,OK,RevealDeckTopCardsAndProcessForAll,src/HeadlessDCGO.Engine/Assets/Scripts/Script/CardEffectCommons/RevealLibrary.cs,,,,
GetHashtablesFromHashtable,28,commons,OK,GetHashtablesFromHashtable,src/HeadlessDCGO.Engine/Assets/Scripts/Script/CardEffectCommons/GetFromHashtable.cs,,,,
CanTriggerOnTrashHand,27,commons,OK,CanTriggerOnTrashHand,src/HeadlessDCGO.Engine/Assets/Scripts/Script/CardEffectCommons.cs,,,,
CanTriggerOnTrashSelfDigivolutionCard,27,commons,OK,CanTriggerOnTrashSelfDigivolutionCard,src/HeadlessDCGO.Engine/Assets/Scripts/Script/CardEffectCommons.cs,,,,
CanTriggerWhenOwnerUseOption,27,commons,OK,CanTriggerWhenOwnerUseOption,src/HeadlessDCGO.Engine/Assets/Scripts/Script/CardEffectCommons.cs,,,,
FortitudeSelfEffect,27,primitive,OK,FortitudeSelfEffect,src/HeadlessDCGO.Engine/Assets/Scripts/Script/CardEffectFactory/KeyWordEffects/Fortitude.cs,,,,
GainCantUnsuspendUntilOpponentTurnEnd,27,commons,OK,GainCantUnsuspendUntilOpponentTurnEnd,src/HeadlessDCGO.Engine/Assets/Scripts/Script/CardEffectCommons.cs,,,,
AddAppfuseMethodByName,26,primitive,OK,AddAppfuseMethodByName,src/HeadlessDCGO.Engine/Assets/Scripts/Script/CardEffectFactory/AddAppfusionMethod.cs,,,,
AddEffectToPermanent,26,commons,OK,AddEffectToPermanent,src/HeadlessDCGO.Engine/Assets/Scripts/Script/CardEffectCommons/GiveEffect/GiveEffectToPermanentOrPlayer.cs,,,,
CanTriggerWhenPermanentUnsuspends,26,commons,OK,CanTriggerWhenPermanentUnsuspends,src/HeadlessDCGO.Engine/Assets/Scripts/Script/CardEffectCommons.cs,,,,
CanTriggerWhenSelfPermanentSuspends,25,commons,OK,CanTriggerWhenSelfPermanentSuspends,src/HeadlessDCGO.Engine/Assets/Scripts/Script/CardEffectCommons.cs,,,,
RevealDeckTopCardsAndSelect,25,commons,OK,RevealDeckTopCardsAndSelect,src/HeadlessDCGO.Engine/Assets/Scripts/Script/CardEffectCommons/RevealLibrary.cs,,,,
BlockerStaticEffect,24,primitive,OK,BlockerStaticEffect,src/HeadlessDCGO.Engine/Assets/Scripts/Script/CardEffectFactory/KeyWordEffects/Blocker.cs,,,,
ChangeDigimonDPPlayerEffect,24,commons,OK,ChangeDigimonDPPlayerEffect,src/HeadlessDCGO.Engine/Assets/Scripts/Script/CardEffectCommons.cs,,,,
ChangeSecurityDigimonCardDPStaticEffect,24,primitive,OK,ChangeSecurityDigimonCardDPStaticEffect,src/HeadlessDCGO.Engine/Assets/Scripts/Script/CardEffectFactory/ChangeCardDP.cs,,,,
SelectCardConditionClass,24,keywords,OK,SelectCardConditionClass,src/HeadlessDCGO.Engine/Assets/Scripts/Script/CardEffectCommons/CardPortingFramework.cs,,,,
DeckBottomBounceClass,23,keywords,OK,SelectPermanentEffect.Mode.PutLibraryBottom (fused select+bounce),src/HeadlessDCGO.Engine/Assets/Scripts/Script/CardEffectFactory.cs,"NO 1:1 class; AS-IS new DeckBottomBounceClass(list, hashtable).DeckBounce() -> select+bounce fused into a single SelectPermanentEffect with mode: Mode.PutLibraryBottom",BT21_030,593,Gap resolved via alternative surface. Primitive-audit: 'sink delegation'.
customPermanentMessageArray_ChangeDP,23,commons,OK,customPermanentMessageArray_ChangeDP,src/HeadlessDCGO.Engine/Assets/Scripts/Script/CardEffectCommons/CustomMessage.cs,,,,
BouncePeremanentAndProcessAccordingToResult,22,commons,OK,BouncePeremanentAndProcessAccordingToResult,src/HeadlessDCGO.Engine/Assets/Scripts/Script/CardEffectCommons.cs,,,,
CanTriggerOnPermanentAttackTargetSwitch,22,commons,OK,CanTriggerOnPermanentAttackTargetSwitch,src/HeadlessDCGO.Engine/Assets/Scripts/Script/CardEffectCommons.cs,,,,
GainJamming,21,commons,OK,GainJamming,src/HeadlessDCGO.Engine/Assets/Scripts/Script/CardEffectCommons/KeyWordEffects/Jamming.cs,,,,
IsPermanentExistsOnOwnerBreedingArea,21,commons,OK,IsPermanentExistsOnOwnerBreedingArea,src/HeadlessDCGO.Engine/Assets/Scripts/Script/CardEffectCommons.cs,,,,
CanAttackTargetDefendingPermanentClass,20,keywords,OK,CanAttackTargetDefendingPermanentClass,src/HeadlessDCGO.Engine/Assets/Scripts/Script/CardEffects/CanAttackTargetDefendingPermanentClass.cs,,,,
CanNotAttackSelfStaticEffect,20,primitive,OK,CanNotAttackSelfStaticEffect,src/HeadlessDCGO.Engine/Assets/Scripts/Script/CardEffectFactory/CanNotAttack.cs,,,,
CanTriggerWhenAddHand,20,commons,OK,CanTriggerWhenAddHand,src/HeadlessDCGO.Engine/Assets/Scripts/Script/CardEffectCommons.cs,,,,
GainCanNotBlock,20,commons,OK,GainCanNotBlock,src/HeadlessDCGO.Engine/Assets/Scripts/Script/CardEffectCommons.cs,,,,
GainReboot,20,commons,OK,GainReboot,src/HeadlessDCGO.Engine/Assets/Scripts/Script/CardEffectCommons/KeyWordEffects/Reboot.cs,,,,
IsMinCost,20,commons,OK,IsMinCost,src/HeadlessDCGO.Engine/Assets/Scripts/Script/CardEffectCommons.cs,,,,
CanTriggerOnTrashDigivolutionCard,19,commons,OK,CanTriggerOnTrashDigivolutionCard,src/HeadlessDCGO.Engine/Assets/Scripts/Script/CardEffectCommons.cs,,,,
TrainingEffect,19,primitive,OK,TrainingEffect,src/HeadlessDCGO.Engine/Assets/Scripts/Script/CardEffectFactory/KeyWordEffects/Training.cs,,,,
EvadeSelfEffect,18,primitive,OK,EvadeSelfEffect,src/HeadlessDCGO.Engine/Assets/Scripts/Script/CardEffectFactory/KeyWordEffects/Evade.cs,,,,
GainCantUnsuspendNextActivePhase,18,commons,OK,GainCantUnsuspendNextActivePhase,src/HeadlessDCGO.Engine/Assets/Scripts/Script/CardEffectCommons.cs,,,,
WhenDigivolvingCheckHashtableOfCard,18,commons,OK,WhenDigivolvingCheckHashtableOfCard,src/HeadlessDCGO.Engine/Assets/Scripts/Script/CardEffectCommons/HashtableSetting.cs,,,,
BlitzSelfEffect,17,primitive,OK,BlitzSelfEffect,src/HeadlessDCGO.Engine/Assets/Scripts/Script/CardEffectFactory/KeyWordEffects/Blitz.cs,,,,
Gain1MemoryTamerOpponentDigimonEffect,17,primitive,OK,Gain1MemoryTamerOpponentDigimonEffect,src/HeadlessDCGO.Engine/Assets/Scripts/Script/CardEffectFactory.cs,,,,
GainCanNotReturnToDeck,17,commons,OK,GainCanNotReturnToDeck,src/HeadlessDCGO.Engine/Assets/Scripts/Script/CardEffectCommons.cs,,,,
GainCanNotReturnToHand,17,commons,OK,GainCanNotReturnToHand,src/HeadlessDCGO.Engine/Assets/Scripts/Script/CardEffectCommons.cs,,,,
GainCanNotUnsuspend,17,commons,OK,GainCanNotUnsuspend,src/HeadlessDCGO.Engine/Assets/Scripts/Script/CardEffectCommons.cs,,,,
GainRaid,17,commons,OK,GainRaid,src/HeadlessDCGO.Engine/Assets/Scripts/Script/CardEffectCommons/KeyWordEffects/Raid.cs,,,,
GainRetaliation,17,commons,OK,GainRetaliation,src/HeadlessDCGO.Engine/Assets/Scripts/Script/CardEffectCommons/KeyWordEffects/Retaliation.cs,,,,
IgnoreRequirement,17,commons,OK,IgnoreRequirement,src/HeadlessDCGO.Engine/Assets/Scripts/Script/CardEffectCommons.cs,,,,
IsTopCardInTrashOnDeletion,17,commons,OK,IsTopCardInTrashOnDeletion,src/HeadlessDCGO.Engine/Assets/Scripts/Script/CardEffectCommons.cs,,,,
SaveProcess,17,commons,OK,SaveProcess,src/HeadlessDCGO.Engine/Assets/Scripts/Script/CardEffectCommons.cs,,,,
ScapegoatSelfEffect,17,primitive,OK,ScapegoatSelfEffect,src/HeadlessDCGO.Engine/Assets/Scripts/Script/CardEffectFactory/KeyWordEffects/Scapegoat.cs,,,,
GetPlayCardClassFromHashtable,16,commons,OK,GetPlayCardClassFromHashtable,src/HeadlessDCGO.Engine/Assets/Scripts/Script/CardEffectCommons/GetFromHashtable.cs,,,,
MandatorySelfPlayCostReduction,16,primitive,OK,MandatorySelfPlayCostReduction,src/HeadlessDCGO.Engine/Assets/Scripts/Script/CardEffectFactory/ChangePlayCost.cs,,,,
PlayDiaboromonToken,16,commons,OK,PlayDiaboromonToken,src/HeadlessDCGO.Engine/Assets/Scripts/Script/CardEffectCommons.cs,,,,
UseRequirements,16,primitive,OK,UseRequirements,src/HeadlessDCGO.Engine/Assets/Scripts/Script/CardEffectFactory.cs,,,,
CanActivateSave,15,commons,OK,CanActivateSave,src/HeadlessDCGO.Engine/Assets/Scripts/Script/CardEffectCommons.cs,,,,
DeckBouncePeremanentAndProcessAccordingToResult,15,commons,OK,DeckBouncePeremanentAndProcessAccordingToResult,src/HeadlessDCGO.Engine/Assets/Scripts/Script/CardEffectCommons.cs,,,,
DecodeSelfEffect,15,primitive,OK,DecodeSelfEffect,src/HeadlessDCGO.Engine/Assets/Scripts/Script/CardEffectFactory/KeyWordEffects/Decode.cs,,,,
GainCanNotUnsuspendPlayerEffect,15,commons,OK,GainCanNotUnsuspendPlayerEffect,src/HeadlessDCGO.Engine/Assets/Scripts/Script/CardEffectCommons.cs,,,,
IsExistOnExecutingArea,15,commons,OK,IsExistOnExecutingArea,src/HeadlessDCGO.Engine/Assets/Scripts/Script/CardEffectCommons.cs,,,,
AddAssemblyConditionClass,14,keywords,OK,AddAssemblyConditionClass,src/HeadlessDCGO.Engine/Assets/Scripts/Script/CardEffects/AddAssemblyConditionClass.cs,,,,
CanNotDigivolveClass,14,keywords,OK,CanNotDigivolveClass,src/HeadlessDCGO.Engine/Assets/Scripts/Script/CardEffects/CanNotEvolveClass.cs,,,,
CanTriggerWhenAddSecurity,14,commons,OK,CanTriggerWhenAddSecurity,src/HeadlessDCGO.Engine/Assets/Scripts/Script/CardEffectCommons.cs,,,,
ChangeCardColorClass,14,keywords,OK,ChangeCardColorClass,src/HeadlessDCGO.Engine/Assets/Scripts/Script/CardEffects/ChangeCardColorClass.cs,,,,
ReturnToLibraryBottomDigivolutionCardsClass,14,keywords,OK,ReturnToLibraryBottomDigivolutionCardsClass,src/HeadlessDCGO.Engine/Assets/Scripts/Script/CardController.cs,"ctor DROPS hashtable arg, GAINS (causeEffectSourceId = cardEffect.EffectSourceCard?.InstanceId, cardEffect); .ReturnToLibraryBottomDigivolutionCards() await",BT9_111,214,Haiku-pilot false-STOP #5 (ReturnToLibraryBottom). CardController.cs:1467.
CanNotDigivolveStaticSelfEffect,13,primitive,OK,CanNotDigivolveStaticSelfEffect,src/HeadlessDCGO.Engine/Assets/Scripts/Script/CardEffectFactory/CanNotDigivolve.cs,,,,
CanNotSwitchAttackTargetClass,13,keywords,OK,CanNotSwitchAttackTargetClass,src/HeadlessDCGO.Engine/Assets/Scripts/Script/CardEffects/CanNotSwitchAttackTargetClass.cs,,,,
ChangeSecurityDigimonCardDPPlayerEffect,13,commons,OK,ChangeSecurityDigimonCardDPPlayerEffect,src/HeadlessDCGO.Engine/Assets/Scripts/Script/CardEffectCommons.cs,,,,
Gain2MemoryOptionDelayEffect,13,primitive,OK,Gain2MemoryOptionDelayEffect,src/HeadlessDCGO.Engine/Assets/Scripts/Script/CardEffectFactory.cs,,,,
MaterialSaveEffect,13,primitive,OK,MaterialSaveEffect,src/HeadlessDCGO.Engine/Assets/Scripts/Script/CardEffectFactory/KeyWordEffects/MaterialSave.cs,,,,
PartitionSelfEffect,13,primitive,OK,PartitionSelfEffect,src/HeadlessDCGO.Engine/Assets/Scripts/Script/CardEffectFactory/KeyWordEffects/Partition.cs,,,,
CanTriggerOnTrashSelfSecurity,12,commons,OK,CanTriggerOnTrashSelfSecurity,src/HeadlessDCGO.Engine/Assets/Scripts/Script/CardEffectCommons.cs,,,,
ChangeBaseDPClass,12,keywords,OK,ChangeBaseDPClass,src/HeadlessDCGO.Engine/Assets/Scripts/Script/CardEffects/ChangeBaseDPClass.cs,,,,
DecoySelfEffect,12,primitive,OK,DecoySelfEffect,src/HeadlessDCGO.Engine/Assets/Scripts/Script/CardEffectFactory/KeyWordEffects/Decoy.cs,,,,
GainAlliance,12,commons,OK,GainAlliance,src/HeadlessDCGO.Engine/Assets/Scripts/Script/CardEffectCommons/KeyWordEffects/Alliance.cs,,,,
HasMatchConditionOwnersSecurity,12,commons,OK,HasMatchConditionOwnersSecurity,src/HeadlessDCGO.Engine/Assets/Scripts/Script/CardEffectCommons.cs,,,,
IcecladSelfStaticEffect,12,primitive,OK,IcecladSelfStaticEffect,src/HeadlessDCGO.Engine/Assets/Scripts/Script/CardEffectFactory/KeyWordEffects/Iceclad.cs,,,,
IsDijiXros,12,commons,OK,IsDijiXros,src/HeadlessDCGO.Engine/Assets/Scripts/Script/CardEffectCommons.cs,,,,
IsExistOnBattleAreaActivate,12,commons,OK,IsExistOnBattleAreaActivate,src/HeadlessDCGO.Engine/Assets/Scripts/Script/CardEffectCommons.cs,,,,
IsExistOnBattleAreaTrigger,12,commons,OK,IsExistOnBattleAreaTrigger,src/HeadlessDCGO.Engine/Assets/Scripts/Script/CardEffectCommons.cs,,,,
IsMaxDP,12,commons,OK,IsMaxDP,src/HeadlessDCGO.Engine/Assets/Scripts/Script/CardEffectCommons.cs,,,,
VortexSelfEffect,12,primitive,OK,VortexSelfEffect,src/HeadlessDCGO.Engine/Assets/Scripts/Script/CardEffectFactory/KeyWordEffects/Vortex.cs,,,,
CanTriggerWhenSelfDiscardLibrary,11,commons,OK,CanTriggerWhenSelfDiscardLibrary,src/HeadlessDCGO.Engine/Assets/Scripts/Script/CardEffectCommons.cs,,,,
ChangeDPDeleteEffectMaxDPClass,11,keywords,OK,ChangeDPDeleteEffectMaxDPClass,src/HeadlessDCGO.Engine/Assets/Scripts/Script/CardEffects/ChangeDPDeleteEffectMaxDPClass.cs,,,,
ChangeDigimonSAttackPlayerEffect,11,commons,OK,ChangeDigimonSAttackPlayerEffect,src/HeadlessDCGO.Engine/Assets/Scripts/Script/CardEffectCommons.cs,,,,
GainCanNotAttackPlayerEffect,11,commons,OK,GainCanNotAttackPlayerEffect,src/HeadlessDCGO.Engine/Assets/Scripts/Script/CardEffectCommons.cs,,,,
GainCanNotBeDeletedByBattle,11,commons,OK,GainCanNotBeDeletedByBattle,src/HeadlessDCGO.Engine/Assets/Scripts/Script/CardEffectCommons.cs,,,,
GainImmuneFromDPMinus,11,commons,OK,GainImmuneFromDPMinus,src/HeadlessDCGO.Engine/Assets/Scripts/Script/CardEffectCommons.cs,,,,
ImmuneFromDeDigivolveClass,11,keywords,OK,ImmuneFromDeDigivolveClass,src/HeadlessDCGO.Engine/Assets/Scripts/Script/CardEffects/ImmuneFromDeDigivolveClass.cs,,,,
IsMaxLevel,11,commons,OK,IsMaxLevel,src/HeadlessDCGO.Engine/Assets/Scripts/Script/CardEffectCommons.cs,,,,
MindLinkClass,11,keywords,OK,MindLinkClass,src/HeadlessDCGO.Engine/Assets/Scripts/Script/CardEffectCommons/KeyWordEffects/MindLink.cs,,,,
OverclockSelfEffect,11,primitive,OK,OverclockSelfEffect,src/HeadlessDCGO.Engine/Assets/Scripts/Script/CardEffectFactory/KeyWordEffects/Overclock.cs,,,,
RushStaticEffect,11,primitive,OK,RushStaticEffect,src/HeadlessDCGO.Engine/Assets/Scripts/Script/CardEffectFactory/KeyWordEffects/Rush.cs,,,,
SelectCountEffect,11,actions,OK,SelectCountEffect,src/HeadlessDCGO.Engine/Assets/Scripts/Script/SelectCountEffect.cs,,,,
TrashLinkCardsAndProcessAccordingToResult,11,commons,OK,TrashLinkCardsAndProcessAccordingToResult,src/HeadlessDCGO.Engine/Assets/Scripts/Script/CardEffectCommons.cs,,,,
CanTriggerOnTrashSelfHand,10,commons,OK,CanTriggerOnTrashSelfHand,src/HeadlessDCGO.Engine/Assets/Scripts/Script/CardEffectCommons.cs,,,,
ChangeSAttackStaticEffect,10,primitive,OK,ChangeSAttackStaticEffect,src/HeadlessDCGO.Engine/Assets/Scripts/Script/CardEffectCommons.cs,,,,
HatchDigiEggClass,10,keywords,ABSENT,,,no mirror effect-class; AS-IS delegates to a hatch sink with no ported equivalent,,,TRUE INFRA GAP. Weak model must STOP: RD-SYMMAP-HatchDigiEggClass. freq~10 cards.
IsMaxCost,10,commons,OK,IsMaxCost,src/HeadlessDCGO.Engine/Assets/Scripts/Script/CardEffectCommons.cs,,,,
OnPlayCheckHashtableOfCard,10,commons,OK,OnPlayCheckHashtableOfCard,src/HeadlessDCGO.Engine/Assets/Scripts/Script/CardEffectCommons/HashtableSetting.cs,,,,
AddMaxTrashCountDigiXrosClass,9,keywords,OK,AddMaxTrashCountDigiXrosClass,src/HeadlessDCGO.Engine/Assets/Scripts/Script/CardEffects/AddMaxTrashCountDigiXrosClass.cs,,,,
BecomeDigimonThatCantDigivolve,9,commons,OK,BecomeDigimonThatCantDigivolve,src/HeadlessDCGO.Engine/Assets/Scripts/Script/CardEffectCommons/GiveEffect/GiveEffectToPermanent/TamerBecomesDigimonThatCanNotDigivolve.cs,,,,
CanNotBeBlockedStaticSelfEffect,9,primitive,OK,CanNotBeBlockedStaticSelfEffect,src/HeadlessDCGO.Engine/Assets/Scripts/Script/CardEffectFactory/CanNotBeBlocked.cs,,,,
CanTriggerWhenDiscardLibrary,9,commons,OK,CanTriggerWhenDiscardLibrary,src/HeadlessDCGO.Engine/Assets/Scripts/Script/CardEffectCommons.cs,,,,
GetEvoRootTopsFromEnterFieldHashtable,9,commons,OK,GetEvoRootTopsFromEnterFieldHashtable,src/HeadlessDCGO.Engine/Assets/Scripts/Script/CardEffectCommons.cs,,,,
GrantedReduceLinkCostClass,9,primitive,OK,GrantedReduceLinkCostClass,src/HeadlessDCGO.Engine/Assets/Scripts/Script/CardEffectFactory/KeyWordEffects/Link.cs,,,,
IsExistLinked,9,commons,OK,IsExistLinked,src/HeadlessDCGO.Engine/Assets/Scripts/Script/CardEffectCommons.cs,,,,
IsExistOnBreedingArea,9,commons,OK,IsExistOnBreedingArea,src/HeadlessDCGO.Engine/Assets/Scripts/Script/CardEffectCommons.cs,,,,
IsFromDigimonDigivolutionCards,9,commons,OK,IsFromDigimonDigivolutionCards,src/HeadlessDCGO.Engine/Assets/Scripts/Script/CardEffectCommons.cs,,,,
IsOnly1CardPlayed,9,commons,OK,IsOnly1CardPlayed,src/HeadlessDCGO.Engine/Assets/Scripts/Script/CardEffectCommons/GetFromHashtable.cs,,,,
AddMaxUnderTamerCountDigiXrosClass,8,keywords,OK,AddMaxUnderTamerCountDigiXrosClass,src/HeadlessDCGO.Engine/Assets/Scripts/Script/CardEffects/AddMaxUnderTamerCountDigiXrosClass.cs,,,,
ChangeCardNamesForDigiXrosClass,8,keywords,OK,ChangeCardNamesForDigiXrosClass,src/HeadlessDCGO.Engine/Assets/Scripts/Script/CardEffects/ChangeCardNamesForDigiXrosClass.cs,,,,
ChangeSelfLinkMaxStaticEffect,8,primitive,OK,ChangeSelfLinkMaxStaticEffect,src/HeadlessDCGO.Engine/Assets/Scripts/Script/CardEffectFactory/ChangeLinkMax.cs,,,,
GainCanNotBeDeletedByEffect,8,commons,OK,GainCanNotBeDeletedByEffect,src/HeadlessDCGO.Engine/Assets/Scripts/Script/CardEffectCommons.cs,,,,
TrashDigivolutionCardsAndProcessAccordingToResult,8,commons,OK,TrashDigivolutionCardsAndProcessAccordingToResult,src/HeadlessDCGO.Engine/Assets/Scripts/Script/CardEffectCommons.cs,,,,
BlastDNADigivolveEffect,7,primitive,OK,BlastDNADigivolveEffect,src/HeadlessDCGO.Engine/Assets/Scripts/Script/CardEffectFactory/KeyWordEffects/BlastDNADigivolution.cs,,,,
CanNotPutFieldClass,7,keywords,OK,CanNotPutFieldClass,src/HeadlessDCGO.Engine/Assets/Scripts/Script/CardEffects/CanNotPutFieldClass.cs,,,,
CanTriggerOnTrashLinkedCard,7,commons,OK,CanTriggerOnTrashLinkedCard,src/HeadlessDCGO.Engine/Assets/Scripts/Script/CardEffectCommons.cs,,,,
CanTriggerWhenWinBattle,7,commons,OK,CanTriggerWhenWinBattle,src/HeadlessDCGO.Engine/Assets/Scripts/Script/CardEffectCommons.cs,,,,
CantUnsuspendStaticEffect,7,primitive,OK,CantUnsuspendStaticEffect,src/HeadlessDCGO.Engine/Assets/Scripts/Script/CardEffectFactory/CanNotUnsuspend.cs,,,,
ExecuteSelfEffect,7,primitive,OK,ExecuteSelfEffect,src/HeadlessDCGO.Engine/Assets/Scripts/Script/CardEffectFactory/KeyWordEffects/Execute.cs,,,,
FragmentSelfEffect,7,primitive,OK,FragmentSelfEffect,src/HeadlessDCGO.Engine/Assets/Scripts/Script/CardEffectFactory/KeyWordEffects/Fragment.cs,,,,
GainCanNotSuspendPlayerEffect,7,commons,OK,GainCanNotSuspendPlayerEffect,src/HeadlessDCGO.Engine/Assets/Scripts/Script/CardEffectCommons.cs,,,,
IsExistOnBreedingAreaDigimon,7,commons,OK,IsExistOnBreedingAreaDigimon,src/HeadlessDCGO.Engine/Assets/Scripts/Script/CardEffectCommons.cs,,,,
OptionMainCheckHashtable,7,commons,OK,OptionMainCheckHashtable,src/HeadlessDCGO.Engine/Assets/Scripts/Script/CardEffectCommons/HashtableSetting.cs,,,,
RebootStaticEffect,7,primitive,OK,RebootStaticEffect,src/HeadlessDCGO.Engine/Assets/Scripts/Script/CardEffectFactory/KeyWordEffects/Reboot.cs,,,,
ReplaceBottomSecurityWithFaceUpOptionEffect,7,primitive,OK,ReplaceBottomSecurityWithFaceUpOptionEffect,src/HeadlessDCGO.Engine/Assets/Scripts/Script/CardEffectFactory.cs,,,,
ReplaceBottomSecurityWithFaceUpOptionMainEffect,7,primitive,OK,ReplaceBottomSecurityWithFaceUpOptionMainEffect,src/HeadlessDCGO.Engine/Assets/Scripts/Script/CardEffectFactory.cs,,,,
SuspendPeremanentAndProcessAccordingToResult,7,commons,OK,SuspendPeremanentAndProcessAccordingToResult,src/HeadlessDCGO.Engine/Assets/Scripts/Script/CardEffectCommons.cs,,,,
ArtsDigivolveEffect,6,primitive,OK,ArtsDigivolveEffect,src/HeadlessDCGO.Engine/Assets/Scripts/Script/CardEffectFactory/KeyWordEffects/ArtsDigivolve.cs,,,,
CanNotAttackStaticEffect,6,primitive,OK,CanNotAttackStaticEffect,src/HeadlessDCGO.Engine/Assets/Scripts/Script/CardEffectFactory/CanNotAttack.cs,,,,
CanNotBeDestroyedBySkillStaticEffect,6,primitive,OK,CanNotBeDestroyedBySkillStaticEffect,src/HeadlessDCGO.Engine/Assets/Scripts/Script/CardEffectFactory/CanNotBeDeletedByEffect.cs,,,,
CanTriggerOnAttackTargetSwitch,6,commons,OK,CanTriggerOnAttackTargetSwitch,src/HeadlessDCGO.Engine/Assets/Scripts/Script/CardEffectCommons.cs,,,,
CanTriggerOnTrashBySelfDigiBurst,6,commons,OK,CanTriggerOnTrashBySelfDigiBurst,src/HeadlessDCGO.Engine/Assets/Scripts/Script/CardEffectCommons.cs,,,,
CanTriggerWhenPermanentWouldDigivolveOfCard,6,commons,OK,CanTriggerWhenPermanentWouldDigivolveOfCard,src/HeadlessDCGO.Engine/Assets/Scripts/Script/CardEffectCommons.cs,,,,
CannotAddMemoryClass,6,keywords,OK,CannotAddMemoryClass,src/HeadlessDCGO.Engine/Assets/Scripts/Script/CardEffects/CannotAddMemoryClass.cs,,,,
ChangePermanentLevelClass,6,keywords,OK,ChangePermanentLevelClass,src/HeadlessDCGO.Engine/Assets/Scripts/Script/CardEffects/ChangePermanentLevelClass.cs,,,,
DontHaveDPClass,6,keywords,OK,DontHaveDPClass,src/HeadlessDCGO.Engine/Assets/Scripts/Script/CardEffects/DontHaveDPClass.cs,,,,
GainCanNotBeBlocked,6,commons,OK,GainCanNotBeBlocked,src/HeadlessDCGO.Engine/Assets/Scripts/Script/CardEffectCommons.cs,,,,
HasMatchConditionOpponentsCardInTrash,6,commons,OK,HasMatchConditionOpponentsCardInTrash,src/HeadlessDCGO.Engine/Assets/Scripts/Script/CardEffectCommons.cs,,,,
IsPermanentExistsOnOpponentBattleAreaTamer,6,commons,OK,IsPermanentExistsOnOpponentBattleAreaTamer,src/HeadlessDCGO.Engine/Assets/Scripts/Script/CardEffectCommons.cs,,,,
PlacePermanentInSecurityAndProcessAccordingToResult,6,commons,OK,PlacePermanentInSecurityAndProcessAccordingToResult,src/HeadlessDCGO.Engine/Assets/Scripts/Script/CardEffectCommons.cs,,,,
ProgressSelfStaticEffect,6,primitive,OK,ProgressSelfStaticEffect,src/HeadlessDCGO.Engine/Assets/Scripts/Script/CardEffectFactory/KeyWordEffects/Progress.cs,,,,
TreatAsDigimonClass,6,keywords,OK,TreatAsDigimonClass,src/HeadlessDCGO.Engine/Assets/Scripts/Script/CardEffects/TreatAsDigimonClass.cs,,,,
AddBurstDigivolutionConditionClass,5,keywords,OK,AddBurstDigivolutionConditionClass,src/HeadlessDCGO.Engine/Assets/Scripts/Script/CardEffects/AddBurstDigivolutionConditionClass.cs,,,,
AddDetailClass,5,primitive,OK,AddDetailClass,src/HeadlessDCGO.Engine/Assets/Scripts/Script/CardEffectFactory.cs,,,,
AllianceStaticEffect,5,primitive,OK,AllianceStaticEffect,src/HeadlessDCGO.Engine/Assets/Scripts/Script/CardEffectFactory/KeyWordEffects/Alliance.cs,,,,
BlitzProcess,5,commons,OK,BlitzProcess,src/HeadlessDCGO.Engine/Assets/Scripts/Script/CardEffectCommons.cs,,,,
CanActivateBlitz,5,commons,OK,CanActivateBlitz,src/HeadlessDCGO.Engine/Assets/Scripts/Script/CardEffectCommons.cs,,,,
CanUseIgnoreBattle,5,commons,OK,CanUseIgnoreBattle,src/HeadlessDCGO.Engine/Assets/Scripts/Script/CardEffectCommons.cs,,,,
CannotReduceCostClass,5,keywords,OK,CannotReduceCostClass,src/HeadlessDCGO.Engine/Assets/Scripts/Script/CardEffects/CannotReduceCostClass.cs,,,,
DontBattleSecurityDigimonClass,5,keywords,OK,DontBattleSecurityDigimonClass,src/HeadlessDCGO.Engine/Assets/Scripts/Script/CardEffects/DontBattleSecurityDigimonClass.cs,,,,
GainCollision,5,commons,OK,GainCollision,src/HeadlessDCGO.Engine/Assets/Scripts/Script/CardEffectCommons/KeyWordEffects/Collision.cs,,,,
HasMatchConditionOwnersBreedingPermanent,5,commons,OK,HasMatchConditionOwnersBreedingPermanent,src/HeadlessDCGO.Engine/Assets/Scripts/Script/CardEffectCommons.cs,,,,
IsDPZeroDelete,5,commons,OK,IsDPZeroDelete,src/HeadlessDCGO.Engine/Assets/Scripts/Script/CardEffectCommons.cs,,,,
OptionMainEffect,5,commons,OK,OptionMainEffect,src/HeadlessDCGO.Engine/Assets/Scripts/Script/CardEffectCommons/OptionMainEffect.cs,,,,
PlayFamiliarToken,5,commons,OK,PlayFamiliarToken,src/HeadlessDCGO.Engine/Assets/Scripts/Script/CardEffectCommons.cs,,,,
ReturnRevealedCardsToLibraryBottom,5,commons,OK,ReturnRevealedCardsToLibraryBottom,src/HeadlessDCGO.Engine/Assets/Scripts/Script/CardEffectCommons.cs,,,,
TrashSecurityAndProcessAccordingToResult,5,commons,OK,TrashSecurityAndProcessAccordingToResult,src/HeadlessDCGO.Engine/Assets/Scripts/Script/CardEffectCommons.cs,,,,
AddJogressLevelsClass,4,keywords,OK,AddJogressLevelsClass,src/HeadlessDCGO.Engine/Assets/Scripts/Script/CardEffects/AddJogressLevelsClass.cs,,,,
AddSelfDeleteEffect,4,commons,OK,AddSelfDeleteEffect,src/HeadlessDCGO.Engine/Assets/Scripts/Script/CardEffectCommons.cs,,,,
CanActivateSelfOnDeletionWithContainingCardName,4,commons,OK,CanActivateSelfOnDeletionWithContainingCardName,src/HeadlessDCGO.Engine/Assets/Scripts/Script/CardEffectCommons.cs,,,,
ChangeBaseDigimonDP,4,commons,OK,ChangeBaseDigimonDP,src/HeadlessDCGO.Engine/Assets/Scripts/Script/CardEffectCommons.cs,,,,
DeleteTiming,4,commons,OK,DeleteTiming,src/HeadlessDCGO.Engine/Assets/Scripts/Script/CardEffectCommons/GiveEffect/GiveEffectToPermanent/DeleteSelf.cs,,,,
GainBlockerPlayerEffect,4,commons,OK,GainBlockerPlayerEffect,src/HeadlessDCGO.Engine/Assets/Scripts/Script/CardEffectCommons/KeyWordEffects/Blocker.cs,,,,
GetCardEffectFromHashtable,4,commons,OK,GetCardEffectFromHashtable,src/HeadlessDCGO.Engine/Assets/Scripts/Script/CardEffectCommons.cs,,,,
GetCardSourcesFromHashtable,4,commons,OK,GetCardSourcesFromHashtable,src/HeadlessDCGO.Engine/Assets/Scripts/Script/CardEffectCommons.cs,,,,
GetFaceDownFromHashtable,4,commons,OK,GetFaceDownFromHashtable,src/HeadlessDCGO.Engine/Assets/Scripts/Script/CardEffectCommons.cs,,,,
IsDigivolvedByTheEffect,4,commons,OK,IsDigivolvedByTheEffect,src/HeadlessDCGO.Engine/Assets/Scripts/Script/CardEffectCommons.cs,,,,
IsExistInAnyTrash,4,commons,OK,IsExistInAnyTrash,src/HeadlessDCGO.Engine/Assets/Scripts/Script/CardEffectCommons.cs,,,,
OwnerHas1OrLessTamers,4,commons,ABSENT,,,no mirror CardEffectCommons helper of this name and no obvious 1st-order assembly (no GetBattleAreaTamers surface found),,,TRUE INFRA GAP. Weak model must STOP: RD-SYMMAP-OwnerHas1OrLessTamers. freq~4 cards.
AceOverflowClass,3,keywords,OK,AceOverflowClass,src/HeadlessDCGO.Engine/Assets/Scripts/Script/CardController.cs,,,,
AddAppFusionConditionClass,3,keywords,OK,AddAppFusionConditionClass,src/HeadlessDCGO.Engine/Assets/Scripts/Script/CardEffects/AddAppFusionConditionClass.cs,,,,
AddDigivolutionRequirementClass,3,keywords,OK,AddDigivolutionRequirementClass,src/HeadlessDCGO.Engine/Assets/Scripts/Script/CardEffects/AddEvolutionConditionClass.cs,,,,
CanNotBeAttackedSelfStaticEffect,3,primitive,OK,CanNotBeAttackedSelfStaticEffect,src/HeadlessDCGO.Engine/Assets/Scripts/Script/CardEffectFactory/CanNotBeAttacked.cs,,,,
CanNotUnsuspendClass,3,keywords,OK,CanNotUnsuspendClass,src/HeadlessDCGO.Engine/Assets/Scripts/Script/CardEffects/CanNotUnsuspendClass.cs,,,,
CanTriggerOnReturnToLibraryBottomDigivolutionCard,3,commons,OK,CanTriggerOnReturnToLibraryBottomDigivolutionCard,src/HeadlessDCGO.Engine/Assets/Scripts/Script/CardEffectCommons.cs,,,,
ChangeBaseCardColorClass,3,keywords,OK,ChangeBaseCardColorClass,src/HeadlessDCGO.Engine/Assets/Scripts/Script/CardEffects/ChangeBaseCardColorClass.cs,,,,
DrawAndDiscardCards,3,commons,OK,DrawAndDiscardCards,src/HeadlessDCGO.Engine/Assets/Scripts/Script/CardEffectCommons.cs,,,,
Gain1MemoryTamerOwnerDigimonConditionalEffect,3,primitive,OK,Gain1MemoryTamerOwnerDigimonConditionalEffect,src/HeadlessDCGO.Engine/Assets/Scripts/Script/CardEffectFactory.cs,,,,
GainRushPlayerEffect,3,commons,OK,GainRushPlayerEffect,src/HeadlessDCGO.Engine/Assets/Scripts/Script/CardEffectCommons/KeyWordEffects/Rush.cs,,,,
GetDiscardedCardsFromHashtable,3,commons,OK,GetDiscardedCardsFromHashtable,src/HeadlessDCGO.Engine/Assets/Scripts/Script/CardEffectCommons.cs,,,,
GetJogressConditionClass,3,primitive,OK,GetJogressConditionClass,src/HeadlessDCGO.Engine/Assets/Scripts/Script/CardEffectFactory.cs,,,,
GetTopCardFromEffectHashtable,3,commons,OK,GetTopCardFromEffectHashtable,src/HeadlessDCGO.Engine/Assets/Scripts/Script/CardEffectCommons.cs,,,,
IsAlliance,3,commons,OK,IsAlliance,src/HeadlessDCGO.Engine/Assets/Scripts/Script/CardEffectCommons.cs,,,,
IsExistDigivolutionCards,3,commons,OK,IsExistDigivolutionCards,src/HeadlessDCGO.Engine/Assets/Scripts/Script/CardEffectCommons.cs,,,,
JammingStaticEffect,3,primitive,OK,JammingStaticEffect,src/HeadlessDCGO.Engine/Assets/Scripts/Script/CardEffectFactory/KeyWordEffects/Jamming.cs,,,,
MatchConditionOpponentsCardCountInTrash,3,commons,OK,MatchConditionOpponentsCardCountInTrash,src/HeadlessDCGO.Engine/Assets/Scripts/Script/CardEffectCommons.cs,,,,
OnDeletionHashtable,3,commons,OK,OnDeletionHashtable,src/HeadlessDCGO.Engine/Assets/Scripts/Script/CardEffectCommons/HashtableSetting.cs,,,,
PlayPetrificationToken,3,commons,OK,PlayPetrificationToken,src/HeadlessDCGO.Engine/Assets/Scripts/Script/CardEffectCommons.cs,,,,
PlayPipeFox,3,commons,OK,PlayPipeFox,src/HeadlessDCGO.Engine/Assets/Scripts/Script/CardEffectCommons.cs,,,,
AscensionSelfEffect,2,primitive,OK,AscensionSelfEffect,src/HeadlessDCGO.Engine/Assets/Scripts/Script/CardEffectFactory/KeyWordEffects/Ascension.cs,,,,
CanActivateSelfOnDeletionWithCardColors,2,commons,OK,CanActivateSelfOnDeletionWithCardColors,src/HeadlessDCGO.Engine/Assets/Scripts/Script/CardEffectCommons.cs,,,,
CanActivateSelfOnDeletionWithContainingTrait,2,commons,OK,CanActivateSelfOnDeletionWithContainingTrait,src/HeadlessDCGO.Engine/Assets/Scripts/Script/CardEffectCommons.cs,,,,
CanNotBeDestroyedStaticEffect,2,primitive,OK,CanNotBeDestroyedStaticEffect,src/HeadlessDCGO.Engine/Assets/Scripts/Script/CardEffectFactory/CanNotBeDeleted.cs,,,,
CanNotBeRemovedClass,2,keywords,OK,CanNotBeRemovedClass,src/HeadlessDCGO.Engine/Assets/Scripts/Script/CardEffects/CanNotBeRemovedClass.cs,,,,
CanNotBlockStaticEffect,2,primitive,OK,CanNotBlockStaticEffect,src/HeadlessDCGO.Engine/Assets/Scripts/Script/CardEffectFactory/CanNotBlock.cs,,,,
CanNotBlockStaticSelfEffect,2,primitive,OK,CanNotBlockStaticSelfEffect,src/HeadlessDCGO.Engine/Assets/Scripts/Script/CardEffectFactory/CanNotBlock.cs,,,,
CanNotDigivolveStaticEffect,2,primitive,OK,CanNotDigivolveStaticEffect,src/HeadlessDCGO.Engine/Assets/Scripts/Script/CardEffectFactory/CanNotDigivolve.cs,,,,
CanNotPlayClass,2,keywords,OK,CanNotPlayClass,src/HeadlessDCGO.Engine/Assets/Scripts/Script/CardEffects/CanNotPlayClass.cs,,,,
CanTriggerOnTrashSecurity,2,commons,OK,CanTriggerOnTrashSecurity,src/HeadlessDCGO.Engine/Assets/Scripts/Script/CardEffectCommons.cs,,,,
CanTriggerWhenCardsReturnToHandFromTrash,2,commons,OK,CanTriggerWhenCardsReturnToHandFromTrash,src/HeadlessDCGO.Engine/Assets/Scripts/Script/CardEffectCommons.cs,,,,
CanTriggerWhenSelfPermanentUnsuspends,2,commons,OK,CanTriggerWhenSelfPermanentUnsuspends,src/HeadlessDCGO.Engine/Assets/Scripts/Script/CardEffectCommons.cs,,,,
CanTriggerWhenUseOption,2,commons,OK,CanTriggerWhenUseOption,src/HeadlessDCGO.Engine/Assets/Scripts/Script/CardEffectCommons.cs,,,,
CanTriggerWhenWouldLink,2,commons,OK,CanTriggerWhenWouldLink,src/HeadlessDCGO.Engine/Assets/Scripts/Script/CardEffectCommons.cs,,,,
CannotReturnToDeckStaticEffect,2,primitive,OK,CannotReturnToDeckStaticEffect,src/HeadlessDCGO.Engine/Assets/Scripts/Script/CardEffectFactory/CanNoReturnToDeck.cs,,,,
CannotReturnToHandStaticEffect,2,primitive,OK,CannotReturnToHandStaticEffect,src/HeadlessDCGO.Engine/Assets/Scripts/Script/CardEffectFactory/CanNotReturnToHand.cs,,,,
ChangeBaseCardNameClass,2,keywords,OK,ChangeBaseCardNameClass,src/HeadlessDCGO.Engine/Assets/Scripts/Script/CardEffects/ChangeBaseCardNameClass.cs,,,,
ChangeDPClass,2,keywords,OK,ChangeDPClass,src/HeadlessDCGO.Engine/Assets/Scripts/Script/CardEffects/ChangeDPClass.cs,"identity; SetUpChangeDPClass(ChangeDP, permanentCondition, isUpDown, isMinusDP)",EX11_070,157,
ChangeEndTurnMinMemoryClass,2,keywords,OK,ChangeEndTurnMinMemoryClass,src/HeadlessDCGO.Engine/Assets/Scripts/Script/CardEffects/ChangeEndTurnMinMemoryClass.cs,,,,
ChangeLinkMaxStaticEffect,2,primitive,OK,ChangeLinkMaxStaticEffect,src/HeadlessDCGO.Engine/Assets/Scripts/Script/CardEffectFactory/ChangeLinkMax.cs,,,,
ChangePlayCostPlayerEffect,2,commons,OK,ChangePlayCostPlayerEffect,src/HeadlessDCGO.Engine/Assets/Scripts/Script/CardEffectCommons.cs,,,,
DNADigivolveWithHandOrTrashCardIntoHandOrTrash,2,commons,OK,DNADigivolveWithHandOrTrashCardIntoHandOrTrash,src/HeadlessDCGO.Engine/Assets/Scripts/Script/CardEffectCommons.cs,,,,
EoTLose3Memory,2,primitive,OK,EoTLose3Memory,src/HeadlessDCGO.Engine/Assets/Scripts/Script/CardEffectFactory.cs,,,,
GainCanNotBeDeletedPlayerEffect,2,commons,OK,GainCanNotBeDeletedPlayerEffect,src/HeadlessDCGO.Engine/Assets/Scripts/Script/CardEffectCommons.cs,,,,
GainCanNotBlockPlayerEffect,2,commons,OK,GainCanNotBlockPlayerEffect,src/HeadlessDCGO.Engine/Assets/Scripts/Script/CardEffectCommons.cs,,,,
GainCanNotReturnToDeckPlayerEffect,2,commons,OK,GainCanNotReturnToDeckPlayerEffect,src/HeadlessDCGO.Engine/Assets/Scripts/Script/CardEffectCommons.cs,,,,
GainCanNotReturnToHandPlayerEffect,2,commons,OK,GainCanNotReturnToHandPlayerEffect,src/HeadlessDCGO.Engine/Assets/Scripts/Script/CardEffectCommons.cs,,,,
GainCanNotSuspend,2,commons,OK,GainCanNotSuspend,src/HeadlessDCGO.Engine/Assets/Scripts/Script/CardEffectCommons.cs,,,,
GetAttackerFromHashtable,2,commons,OK,GetAttackerFromHashtable,src/HeadlessDCGO.Engine/Assets/Scripts/Script/CardEffectCommons.cs,,,,
GetDigivolutionRootsFromEnterFieldHashtable,2,commons,OK,GetDigivolutionRootsFromEnterFieldHashtable,src/HeadlessDCGO.Engine/Assets/Scripts/Script/CardEffectCommons.cs,,,,
GetMovedPermanentFromHashtable,2,commons,OK,GetMovedPermanentFromHashtable,src/HeadlessDCGO.Engine/Assets/Scripts/Script/CardEffectCommons.cs,,,,
ImmuneFromDPMinusStaticEffect,2,primitive,OK,ImmuneFromDPMinusStaticEffect,src/HeadlessDCGO.Engine/Assets/Scripts/Script/CardEffectFactory/ImmuneFromDPMinus.cs,,,,
ImmuneStackTrashingClass,2,keywords,OK,ImmuneStackTrashingClass,src/HeadlessDCGO.Engine/Assets/Scripts/Script/CardEffectFactory.cs,,,,
IsDigivolvedFromSameLevelFromEnterFieldHashtable,2,commons,OK,IsDigivolvedFromSameLevelFromEnterFieldHashtable,src/HeadlessDCGO.Engine/Assets/Scripts/Script/CardEffectCommons.cs,,,,
IsFromDigimon,2,commons,OK,IsFromDigimon,src/HeadlessDCGO.Engine/Assets/Scripts/Script/CardEffectCommons.cs,,,,
IsLeavingForDigiXros,2,commons,OK,IsLeavingForDigiXros,src/HeadlessDCGO.Engine/Assets/Scripts/Script/CardEffectCommons.cs,,,,
OptionSecurityEffect,2,commons,OK,(inline-assemble) OptionSecurityEffectOf = card.EffectList(SecuritySkill) filtered by EffectDiscription.Contains('[Security]'),src/HeadlessDCGO.Engine/Assets/Scripts/Script/CardSource.cs,"no mirror CardEffectCommons bridge; inline a private helper from 1st-order primitives EffectList + EffectDiscription (sanctioned assembly, not invention)",BT18_098,54,Inline-assembly precedent (same class as OptionCardColorsOf/HasOnmyoOrPluginTraits).
PlayAthoRenePorToken,2,commons,OK,PlayAthoRenePorToken,src/HeadlessDCGO.Engine/Assets/Scripts/Script/CardEffectCommons.cs,,,,
RevealLibraryClass,2,keywords,OK,RevealDeckTopCardsAndSelect | SimplifiedRevealDeckTopCardsAndSelect (RevealLibrary.cs / CardEffectFactory.cs:1320-1331),src/HeadlessDCGO.Engine/Assets/Scripts/Script/CardEffectCommons/RevealLibrary.cs,reveal folded into commons + SelectCardConditionClass predicate (really evaluated),LM_047,108,CAVEAT (primitive P0#4): IsBeingRevealed unmodeled -> WhenDiscardLibrary window may over-fire. Full-info model makes reveal itself moot but discard-window guard is a known gap.
StartOfMainAttack,2,commons,OK,StartOfMainAttack,src/HeadlessDCGO.Engine/Assets/Scripts/Script/CardEffectCommons.cs,,,,
customPermanentMessageArray_ChangeOriginDP,2,commons,OK,customPermanentMessageArray_ChangeOriginDP,src/HeadlessDCGO.Engine/Assets/Scripts/Script/CardEffectCommons/CustomMessage.cs,,,,
ActivateMainOfOptionSide,1,commons,OK,ActivateMainOfOptionSide,src/HeadlessDCGO.Engine/Assets/Scripts/Script/CardEffectCommons.cs,,,,
AddDigivolutionRequirementStaticEffect,1,primitive,OK,AddDigivolutionRequirementStaticEffect,src/HeadlessDCGO.Engine/Assets/Scripts/Script/CardEffectFactory/AddDigivolutionRequirement.cs,,,,
CanActivateFortitude,1,commons,OK,CanActivateFortitude,src/HeadlessDCGO.Engine/Assets/Scripts/Script/CardEffectCommons.cs,,,,
CanActivateSelefOnDeletionWithSaveText,1,commons,OK,CanActivateSelefOnDeletionWithSaveText,src/HeadlessDCGO.Engine/Assets/Scripts/Script/CardEffectCommons.cs,,,,
CanJogressWithHandOrTrash,1,commons,OK,CanJogressWithHandOrTrash,src/HeadlessDCGO.Engine/Assets/Scripts/Script/CardEffectCommons.cs,,,,
CanNotBeDestroyedByBattleStaticEffect,1,primitive,OK,CanNotBeDestroyedByBattleStaticEffect,src/HeadlessDCGO.Engine/Assets/Scripts/Script/CardEffectFactory/CanNotBeDeletedByBattle.cs,,,,
CanNotBeTrashedBySkillStaticEffect,1,primitive,OK,CanNotBeTrashedBySkillStaticEffect,src/HeadlessDCGO.Engine/Assets/Scripts/Script/CardEffectFactory/CanNotBeTrashedByEffect.cs,,,,
CanNotMoveClass,1,keywords,OK,CanNotMoveClass,src/HeadlessDCGO.Engine/Assets/Scripts/Script/CardEffects/CanNotMoveClass.cs,,,,
CanNotTrashFromDigivolutionCardsClass,1,keywords,OK,CanNotTrashFromDigivolutionCardsClass,src/HeadlessDCGO.Engine/Assets/Scripts/Script/CardEffects/CanNotTrashFromDigivolutionCardsClass.cs,,,,
CanSelectDigiXrosClass,1,keywords,OK,CanSelectDigiXrosClass,src/HeadlessDCGO.Engine/Assets/Scripts/Script/CardEffects/CanSelectDigiXrosClass.cs,,,,
CanSuspendByDigisorptionClass,1,keywords,OK,CanSuspendByDigisorptionClass,src/HeadlessDCGO.Engine/Assets/Scripts/Script/CardEffects/CanSuspendByDigisorptionClass.cs,,,,
CanTriggerOnFaceUpSecurityIncreases,1,commons,OK,CanTriggerOnFaceUpSecurityIncreases,src/HeadlessDCGO.Engine/Assets/Scripts/Script/CardEffectCommons.cs,,,,
CanTriggerOnHandAdded,1,commons,OK,CanTriggerOnHandAdded,src/HeadlessDCGO.Engine/Assets/Scripts/Script/CardEffectCommons.cs,,,,
CanTriggerOnPermanentLeave,1,commons,OK,CanTriggerOnPermanentLeave,src/HeadlessDCGO.Engine/Assets/Scripts/Script/CardEffectCommons.cs,,,,
CanTriggerWhenOwnerCardsReturnToLibraryFromTrash,1,commons,OK,CanTriggerWhenOwnerCardsReturnToLibraryFromTrash,src/HeadlessDCGO.Engine/Assets/Scripts/Script/CardEffectCommons.cs,,,,
CanTriggerWhenTopCardTrashed,1,commons,OK,CanTriggerWhenTopCardTrashed,src/HeadlessDCGO.Engine/Assets/Scripts/Script/CardEffectCommons.cs,,,,
CanTriggerWhenUseDigiBurst,1,commons,OK,CanTriggerWhenUseDigiBurst,src/HeadlessDCGO.Engine/Assets/Scripts/Script/CardEffectCommons.cs,,,,
CannotAddSecurityClass,1,keywords,OK,CannotAddSecurityClass,src/HeadlessDCGO.Engine/Assets/Scripts/Script/CardEffects/CannotAddSecurityClass.cs,,,,
CannotIgnoreDigivolutionConditionClass,1,keywords,OK,CannotIgnoreDigivolutionConditionClass,src/HeadlessDCGO.Engine/Assets/Scripts/Script/CardEffects/CannotIgnoreDigivolutionConditionClass.cs,,,,
CantSuspendStaticEffect,1,primitive,OK,CantSuspendStaticEffect,src/HeadlessDCGO.Engine/Assets/Scripts/Script/CardEffectFactory/CanNotSuspend.cs,,,,
ChangeBaseDPGlobalEffect,1,primitive,OK,ChangeBaseDPGlobalEffect,src/HeadlessDCGO.Engine/Assets/Scripts/Script/CardEffectFactory/ChangeOriginDP.cs,,,,
ChangeCardLevelClass,1,keywords,OK,ChangeCardLevelClass,src/HeadlessDCGO.Engine/Assets/Scripts/Script/CardEffects/ChangeCardLevelClass .cs,,,,
ChangeCardLevelForAssemblyClass,1,keywords,OK,ChangeCardLevelForAssemblyClass,src/HeadlessDCGO.Engine/Assets/Scripts/Script/CardEffects/ChangeCardLevelForAssemblyClass.cs,,,,
ChangeTraitsClass,1,keywords,OK,ChangeTraitsClass,src/HeadlessDCGO.Engine/Assets/Scripts/Script/CardEffects/ChangeTraitsClass.cs,,,,
CollisionStaticEffect,1,primitive,OK,CollisionStaticEffect,src/HeadlessDCGO.Engine/Assets/Scripts/Script/CardEffectFactory/KeyWordEffects/Collision.cs,,,,
DigiXrosEffectFromNames,1,primitive,OK,DigiXrosEffectFromNames,src/HeadlessDCGO.Engine/Assets/Scripts/Script/CardEffectFactory.cs,,,,
DigivolveIntoExcecutingAreaCard,1,commons,OK,DigivolveIntoExcecutingAreaCard,src/HeadlessDCGO.Engine/Assets/Scripts/Script/CardEffectCommons.cs,,,,
EnforceLocationCheck,1,commons,OK,EnforceLocationCheck,src/HeadlessDCGO.Engine/Assets/Scripts/Script/CardEffectCommons.cs,,,,
ExtendActivateClass,1,keywords,OK,ActivateClass (define a card-local subclass),src/HeadlessDCGO.Engine/Assets/Scripts/Script/CardEffectFactory.cs,"AS-IS EX2_057 declares a file-local `class ExtendActivateClass : ActivateClass`; not a framework symbol - define the local subclass, ActivateClass base exists",EX2_057(AS-IS),223,"Card-private helper pattern, not a shared primitive."
FortitudeProcess,1,commons,OK,FortitudeProcess,src/HeadlessDCGO.Engine/Assets/Scripts/Script/CardEffectCommons.cs,,,,
GainBarrier,1,commons,OK,GainBarrier,src/HeadlessDCGO.Engine/Assets/Scripts/Script/CardEffectCommons/KeyWordEffects/Barrier.cs,,,,
GainCanNotBeAttacked,1,commons,OK,GainCanNotBeAttacked,src/HeadlessDCGO.Engine/Assets/Scripts/Script/CardEffectCommons.cs,,,,
GainCantSuspendUntilOpponentTurnEnd,1,commons,OK,GainCantSuspendUntilOpponentTurnEnd,src/HeadlessDCGO.Engine/Assets/Scripts/Script/CardEffectCommons.cs,,,,
GainEvade,1,commons,OK,GainEvade,src/HeadlessDCGO.Engine/Assets/Scripts/Script/CardEffectCommons/KeyWordEffects/Evade.cs,,,,
GainImmuneFromDPMinusPlayerEffect,1,commons,OK,GainImmuneFromDPMinusPlayerEffect,src/HeadlessDCGO.Engine/Assets/Scripts/Script/CardEffectCommons.cs,,,,
GetNonMaxCostPermanents,1,commons,OK,GetNonMaxCostPermanents,src/HeadlessDCGO.Engine/Assets/Scripts/Script/CardEffectCommons.cs,,,,
GetTopCardFromOneHashtable,1,commons,OK,GetTopCardFromOneHashtable,src/HeadlessDCGO.Engine/Assets/Scripts/Script/CardEffectCommons.cs,,,,
GetUniqueColourCountOnOpponentsBattleArea,1,commons,OK,GetUniqueColourCountOnOpponentsBattleArea,src/HeadlessDCGO.Engine/Assets/Scripts/Script/CardEffectCommons.cs,,,,
GetUniqueColourCountOnOwnerBattleArea,1,commons,OK,GetUniqueColourCountOnOwnerBattleArea,src/HeadlessDCGO.Engine/Assets/Scripts/Script/CardEffectCommons.cs,,,,
HasMatchConditionPermanentDigivolutionCards,1,commons,OK,HasMatchConditionPermanentDigivolutionCards,src/HeadlessDCGO.Engine/Assets/Scripts/Script/CardEffectCommons.cs,,,,
InvertSAttackStaticEffect,1,primitive,OK,InvertSAttackStaticEffect,src/HeadlessDCGO.Engine/Assets/Scripts/Script/CardEffectFactory/ChangeSAttack.cs,,,,
IsBlock,1,commons,OK,IsBlock,src/HeadlessDCGO.Engine/Assets/Scripts/Script/CardEffectCommons.cs,,,,
IsFromSameDigimon,1,commons,OK,IsFromSameDigimon,src/HeadlessDCGO.Engine/Assets/Scripts/Script/CardEffectCommons.cs,,,,
IsMinDigivolutionCards,1,commons,OK,IsMinDigivolutionCards,src/HeadlessDCGO.Engine/Assets/Scripts/Script/CardEffectCommons.cs,,,,
IsMinLevelBoard,1,commons,OK,IsMinLevelBoard,src/HeadlessDCGO.Engine/Assets/Scripts/Script/CardEffectCommons.cs,,,,
IsPermanentExistsOnBreedingArea,1,commons,OK,IsPermanentExistsOnBreedingArea,src/HeadlessDCGO.Engine/Assets/Scripts/Script/CardEffectCommons.cs,,,,
IsPermanentExistsOnField,1,commons,OK,IsPermanentExistsOnField,src/HeadlessDCGO.Engine/Assets/Scripts/Script/CardEffectCommons.cs,,,,
OnDeletionClass,1,primitive,OK,OnDeletionClass,src/HeadlessDCGO.Engine/Assets/Scripts/Script/CardEffectFactory.cs,,,,
PlayAmonToken,1,commons,OK,PlayAmonToken,src/HeadlessDCGO.Engine/Assets/Scripts/Script/CardEffectCommons.cs,,,,
PlayFujitsumonToken,1,commons,OK,PlayFujitsumonToken,src/HeadlessDCGO.Engine/Assets/Scripts/Script/CardEffectCommons.cs,,,,
PlayGyuukimonToken,1,commons,OK,PlayGyuukimonToken,src/HeadlessDCGO.Engine/Assets/Scripts/Script/CardEffectCommons.cs,,,,
PlayHinukamuyToken,1,commons,OK,PlayHinukamuyToken,src/HeadlessDCGO.Engine/Assets/Scripts/Script/CardEffectCommons.cs,,,,
PlayKoHagurumonToken,1,commons,OK,PlayKoHagurumonToken,src/HeadlessDCGO.Engine/Assets/Scripts/Script/CardEffectCommons.cs,,,,
PlayMindLinkTamerFromDigivolutionCards,1,primitive,OK,PlayMindLinkTamerFromDigivolutionCards,src/HeadlessDCGO.Engine/Assets/Scripts/Script/CardEffectFactory.cs,,,,
PlayRapidmonToken,1,commons,OK,PlayRapidmonToken,src/HeadlessDCGO.Engine/Assets/Scripts/Script/CardEffectCommons.cs,,,,
PlaySelfDeleteFamiliarToken,1,commons,OK,PlaySelfDeleteFamiliarToken,src/HeadlessDCGO.Engine/Assets/Scripts/Script/CardEffectCommons.cs,,,,
PlayTaomonToken,1,commons,OK,PlayTaomonToken,src/HeadlessDCGO.Engine/Assets/Scripts/Script/CardEffectCommons.cs,,,,
PlayUkaNoMitama,1,commons,OK,PlayUkaNoMitama,src/HeadlessDCGO.Engine/Assets/Scripts/Script/CardEffectCommons.cs,,,,
PlayUmonToken,1,commons,OK,PlayUmonToken,src/HeadlessDCGO.Engine/Assets/Scripts/Script/CardEffectCommons.cs,,,,
PlayVoleeZerdrucken,1,commons,OK,PlayVoleeZerdrucken,src/HeadlessDCGO.Engine/Assets/Scripts/Script/CardEffectCommons.cs,,,,
PlayWarGrowlmonToken,1,commons,OK,PlayWarGrowlmonToken,src/HeadlessDCGO.Engine/Assets/Scripts/Script/CardEffectCommons.cs,,,,
ReplaceTopSecurityWithFaceUpOptionMainEffect,1,primitive,OK,ReplaceTopSecurityWithFaceUpOptionMainEffect,src/HeadlessDCGO.Engine/Assets/Scripts/Script/CardEffectFactory.cs,,,,
StartOfYourMainPhaseClass,1,primitive,OK,StartOfYourMainPhaseClass,src/HeadlessDCGO.Engine/Assets/Scripts/Script/CardEffectFactory.cs,,,,
StartOfYourTurnClass,1,primitive,OK,StartOfYourTurnClass,src/HeadlessDCGO.Engine/Assets/Scripts/Script/CardEffectFactory.cs,,,,
TrashHandAndProcessAccordingToResult,1,commons,OK,TrashHandAndProcessAccordingToResult,src/HeadlessDCGO.Engine/Assets/Scripts/Script/CardEffectCommons.cs,,,,
TreatAsDigimonStaticEffect,1,primitive,OK,TreatAsDigimonStaticEffect,src/HeadlessDCGO.Engine/Assets/Scripts/Script/CardEffectFactory/TreatAsDigimon.cs,,,,
VortexCanAttackPlayersStaticEffect,1,primitive,OK,VortexCanAttackPlayersStaticEffect,src/HeadlessDCGO.Engine/Assets/Scripts/Script/CardEffectFactory/VortexCanAttackPlayers.cs,,,,
WhenDigivolvingClass,1,primitive,OK,WhenDigivolvingClass,src/HeadlessDCGO.Engine/Assets/Scripts/Script/CardEffectFactory.cs,,,,
WhenMovingClass,1,primitive,OK,WhenMovingClass,src/HeadlessDCGO.Engine/Assets/Scripts/Script/CardEffectFactory.cs,,,,
customPermanentMessageArray_ChangeSAttack,1,commons,OK,customPermanentMessageArray_ChangeSAttack,src/HeadlessDCGO.Engine/Assets/Scripts/Script/CardEffectCommons/CustomMessage.cs,,,,
AddMemory,0,seed,OK,"card.Owner.AddMemory(count, cardEffect)",src/HeadlessDCGO.Engine/Assets/Scripts/Script/Player.cs,"identity name; HeadlessPlayerId EXTENSION method (Player.cs), NOT a Player-instance call - card.Owner is a PlayerId and AddMemory hangs off it directly",BT9_111,218,Haiku-pilot false-STOP #1. Exists. AddMemory/AddSecurity/AddLife all HeadlessPlayerId extensions.
CanPlayCardTargetFrame,0,seed,OK,"(reduce) owner-check + card.CanEvolve(permanent, bool)",src/HeadlessDCGO.Engine/Assets/Scripts/Script/CardSource.cs,"NO frame/slot model (RD-P6C1-2). AS-IS card.CanPlayCardTargetFrame(perm.PermanentFrame, <bool>, effect) -> permanent.TopCard.Owner == card.Owner && card.CanEvolve(permanent, <same bool>)",LM_054,154,Occupied-frame branch only; keep the bool.
CardID,0,seed,OK,InstanceId.Value,src/HeadlessDCGO.Engine/Assets/Scripts/Script/CardSource.cs,AS-IS cardSource.CardID (per-instance id) -> cardSource.InstanceId.Value,BT21_030,155,
CreateDebuffEffect,0,seed,OK,"(strip) - UI only, no mirror",src/HeadlessDCGO.Engine/Assets/Scripts/CardEffect/EX11/Green/EX11_074.cs,UI presentation - STRIP the call entirely. Keep any guard predicate on the effect's CanUse condition so validity is preserved,BT17_026,606,"Same for CreateBuffEffect, ShowCardEffect2, PlaySE/BuffSE/DebuffSE, HideDeleteEffect, WaitForSeconds, brainStorm UI. Exception: ShowReducedCost is a kept no-op bridge."
GetBattleAreaDigimons,0,seed,OK,"card.Owner.GetBattleAreaDigimons() | new Player(card.Context, card.Owner).GetBattleAreaDigimons()",src/HeadlessDCGO.Engine/Assets/Scripts/Script/Player.cs,identity name; HeadlessPlayerId extension (Player.cs:914) - callable directly on card.Owner OR on a Player wrapper; .Enemy!.GetBattleAreaDigimons() for opponent,BT18_098,117,Haiku-pilot false-STOP #4. 42 real call sites.
HasAppmonTraits,0,seed,OK,"EqualsTraits(""Appmon"")",src/HeadlessDCGO.Engine/Assets/Scripts/Script/CardSource.cs,"derived trait getter inlined to EqualsTraits(""<trait>"") body (sanctioned assembly)",EX10_029,84,"Same: HasStandardAppTraits->EqualsTraits(""Stnd.""), HasTSTraits->EqualsTraits(""TS""), HasOnmyoOrPluginTraits->EqualsTraits(""Plug-In"")||EqualsTraits(""Onmyojutsu"")."
IDegeneration,0,seed,OK,IDegeneration,src/HeadlessDCGO.Engine/Assets/Scripts/Script/CardController.cs,"ctor GAINS causeEffectSourceId: new IDegeneration(perm, n, cardEffect.EffectSourceCard?.InstanceId, cardEffect:cardEffect).Degeneration() + await",ST17_13,182,CardController.cs:831.
IDestroySecurity,0,seed,OK,IDestroySecurity,src/HeadlessDCGO.Engine/Assets/Scripts/Script/CardController.cs,"ctor GAINS Context first: new IDestroySecurity(card.Context, playerId, count, cardEffect, fromTop:true); Player.Enemy -> new Player(...).Enemy!.PlayerId",BT18_034,182,
IDiscardHand,0,seed,OK,IDiscardHand,src/HeadlessDCGO.Engine/Assets/Scripts/Script/CardController.cs,"ctor DROPS hashtable: new IDiscardHand(card).Discard(discardBatchId:null, causeEffectSourceId)",BT17_026,460,CardController.cs:121.
IRecovery,0,seed,OK,IRecovery,src/HeadlessDCGO.Engine/Assets/Scripts/Script/CardController.cs,"ctor GAINS Context first + cause: new IRecovery(card.Context, card.Owner, n, cardEffect.EffectSourceCard?.InstanceId).Recovery()",BT14_030,451,
IReduceSecurity,0,seed,OK,IReduceSecurity,src/HeadlessDCGO.Engine/Assets/Scripts/Script/CardController.cs,ctor GAINS Context first; AS-IS UI `ref skillInfos` param -> refCollector:null (dropped),BT18_042,295,
ITrashDigivolutionCards,0,seed,OK,ITrashDigivolutionCards,src/HeadlessDCGO.Engine/Assets/Scripts/Script/CardController.cs,"ctor GAINS causeEffectSourceId: new ITrashDigivolutionCards(perm, cards, cardEffect.EffectSourceCard?.InstanceId, cardEffect)",BT5_086,232,CardController.cs:1123. Same +cause on ITrashStack (CardController.cs:2184).
IUnsuspendPermanents,0,seed,OK,IUnsuspendPermanents,src/HeadlessDCGO.Engine/Assets/Scripts/Script/CardController.cs,"identity: new IUnsuspendPermanents(List<Permanent>, cardEffect).Unsuspend() (cause derived internally)",BT5_086,114,
IsLevel4,0,seed,OK,TopCard.IsLevel(4),src/HeadlessDCGO.Engine/Assets/Scripts/Script/CardSource.cs,AS-IS property IsLevel4/IsLevel6 -> method IsLevel(int); or inline HasLevel && Level==N when IsLevel absent,BT24_062,62,IsLevel6 -> HasLevel && Level==6 (BT18_034:326).
Mode.Destroy,0,seed,OK,SelectPermanentEffect.Mode.Destroy,src/HeadlessDCGO.Engine/Assets/Scripts/Script/CardEffectCommons/ActivatedEffects.cs,identity (enum value on SelectPermanentEffect.Mode),BT9_009,131,Haiku-pilot false-STOP #2. Enum value retained verbatim.
PermanentOfThisCard,0,seed,OK,ICardEffect.ResolvePermanentOfThisCard(card),src/HeadlessDCGO.Engine/Assets/Scripts/Script/ICardEffect.cs,AS-IS card.PermanentOfThisCard() (returns PermanentView) -> static ICardEffect.ResolvePermanentOfThisCard(card) (returns mutable Permanent). Needed for DigivolutionCards / willBeRemoveField / EffectList / value-equality,BT17_026,542,ICardEffect.cs:537. For identity-compare use .InstanceId / .TopInstanceId.
ResolvePermanentOfThisCard,0,seed,OK,ICardEffect.ResolvePermanentOfThisCard(card),src/HeadlessDCGO.Engine/Assets/Scripts/Script/ICardEffect.cs,"static resolver, mirror form of card.PermanentOfThisCard()",BT17_026,542,
fieldCardFrames,0,seed,OK,(remove) - no frame model,src/HeadlessDCGO.Engine/Assets/Scripts/Script/AutoProcessing.cs,NO frame/slot model (RD-P6C1-1/-2). AS-IS empty-frame capacity check `fieldCardFrames.Count(f=>f.IsEmptyFrame() && f.IsBattleAreaFrame())>=1` is REMOVED; keep the co-conjunct half; token-play bridge re-checks capacity,BT19_091,99,UI artifact - battle area has no rule-level slot limit.
