DIFF	/home/hg/git/headlessDCGO/DCGO/Assets/Scripts/Script/CardController.cs:11	/home/hg/git/headlessDCGO/src/HeadlessDCGO.Engine/Assets/Scripts/Script/CardController.cs:57	IDiscardHands ctor gains a `HeadlessEntityId? causeEffectSourceId` param and makes cardEffect optional; the id is stamped on the substrate trash move	SUBSTRATE
DIFF	/home/hg/git/headlessDCGO/DCGO/Assets/Scripts/Script/CardController.cs:25	/home/hg/git/headlessDCGO/src/HeadlessDCGO.Engine/Assets/Scripts/Script/CardController.cs:78	added early-return `if (discardHands.Count == 0) return;` not in original, guarding the discardHands[0].CardSource.Context batch access	SUBSTRATE
DIFF	/home/hg/git/headlessDCGO/DCGO/Assets/Scripts/Script/CardController.cs:29	/home/hg/git/headlessDCGO/src/HeadlessDCGO.Engine/Assets/Scripts/Script/CardController.cs:85	added `context.NextDiscardBatchId()` batch-id derivation threaded into each Discard() call, absent in original	SUBSTRATE
DIFF	/home/hg/git/headlessDCGO/DCGO/Assets/Scripts/Script/CardController.cs:29	/home/hg/git/headlessDCGO/src/HeadlessDCGO.Engine/Assets/Scripts/Script/CardController.cs:90	`yield return StartCoroutine(discardHand.Discard())` became `await discardHand.Discard(discardBatchId, _causeEffectSourceId, cancellationToken)`	IRREDUCIBLE
DIFF	/home/hg/git/headlessDCGO/DCGO/Assets/Scripts/Script/CardController.cs:86	/home/hg/git/headlessDCGO/src/HeadlessDCGO.Engine/Assets/Scripts/Script/CardController.cs:125	IDiscardHand ctor `Hashtable hashtable` param and the `hashtable` property dropped (dead in original Discard, never read)	MIRROR
DIFF	/home/hg/git/headlessDCGO/DCGO/Assets/Scripts/Script/CardController.cs:97	/home/hg/git/headlessDCGO/src/HeadlessDCGO.Engine/Assets/Scripts/Script/CardController.cs:133	Discard() gains `long? discardBatchId, HeadlessEntityId? causeEffectSourceId, CancellationToken` params for the substrate move	SUBSTRATE
DIFF	/home/hg/git/headlessDCGO/DCGO/Assets/Scripts/Script/CardController.cs:99	/home/hg/git/headlessDCGO/src/HeadlessDCGO.Engine/Assets/Scripts/Script/CardController.cs:139	`cardSource.Owner.HandCards.Contains(cardSource)` became `zones.GetCards(Owner, ChoiceZone.Hand).Contains(InstanceId)`	SUBSTRATE
DIFF	/home/hg/git/headlessDCGO/DCGO/Assets/Scripts/Script/CardController.cs:101	/home/hg/git/headlessDCGO/src/HeadlessDCGO.Engine/Assets/Scripts/Script/CardController.cs:141	`DeleteHandCardEffectCoroutine(cardSource)` call removed (UI coroutine, no headless shim)	SUBSTRATE
DIFF	/home/hg/git/headlessDCGO/DCGO/Assets/Scripts/Script/CardController.cs:103	/home/hg/git/headlessDCGO/src/HeadlessDCGO.Engine/Assets/Scripts/Script/CardController.cs:144	`CardObjectController.AddTrashCard(cardSource)` became `context.ZoneMover.TrashCardAsync(Owner, InstanceId, discardBatchId, causeEffectSourceId, ...)`	SUBSTRATE
DIFF	/home/hg/git/headlessDCGO/DCGO/Assets/Scripts/Script/CardController.cs:105	/home/hg/git/headlessDCGO/src/HeadlessDCGO.Engine/Assets/Scripts/Script/CardController.cs:148	`CardEffectCommons.IsExistOnTrash(cardSource)` (which the mirror still provides) replaced by inline `zones.GetCards(Owner, ChoiceZone.Trash).Contains(InstanceId)`	MIRROR
DIFF	/home/hg/git/headlessDCGO/DCGO/Assets/Scripts/Script/CardController.cs:146	/home/hg/git/headlessDCGO/src/HeadlessDCGO.Engine/Assets/Scripts/Script/CardController.cs:2876	SetBurst bound `card.Owner.fieldCardFrames.Count-1` became `new Player(card.Context, card.Owner).GetFieldPermanents().Count-1`, a tighter compacted-list bound (no slot array)	SUBSTRATE
DIFF	/home/hg/git/headlessDCGO/DCGO/Assets/Scripts/Script/CardController.cs:223	/home/hg/git/headlessDCGO/src/HeadlessDCGO.Engine/Assets/Scripts/Script/CardController.cs:2965	IsBurst `card.burstDigivolutionCondition` property became `card.BurstDigivolutionConditionOf()` method (re-evaluated each access)	SUBSTRATE
DIFF	/home/hg/git/headlessDCGO/DCGO/Assets/Scripts/Script/CardController.cs:243	/home/hg/git/headlessDCGO/src/HeadlessDCGO.Engine/Assets/Scripts/Script/CardController.cs:2991	BurstTamer `card.Owner.fieldCardFrames[_burstTamerFrameID].GetFramePermanent()` became compacted `GetFieldPermanents()[_burstTamerFrameID]`	SUBSTRATE
DIFF	/home/hg/git/headlessDCGO/DCGO/Assets/Scripts/Script/CardController.cs:257	/home/hg/git/headlessDCGO/src/HeadlessDCGO.Engine/Assets/Scripts/Script/CardController.cs:3010	IsAppFusion `card.appFusionCondition` property and `fieldCardFrames[i].GetFramePermanent()` became `card.AppFusionConditionOf()` method and `GetFieldPermanents()[i]`	SUBSTRATE
DIFF	/home/hg/git/headlessDCGO/DCGO/Assets/Scripts/Script/CardController.cs:283	/home/hg/git/headlessDCGO/src/HeadlessDCGO.Engine/Assets/Scripts/Script/CardController.cs:3043	LinkedCard `card.Owner.fieldCardFrames[i].GetFramePermanent()` became `new Player(...).GetFieldPermanents()[i]`	SUBSTRATE
DIFF	/home/hg/git/headlessDCGO/DCGO/Assets/Scripts/Script/CardController.cs:325	/home/hg/git/headlessDCGO/src/HeadlessDCGO.Engine/Assets/Scripts/Script/CardController.cs:3087	recurring `card.Owner.<HandCards/LibraryCards/GetFieldPermanents/SecurityCards/TrashCards/MaxMemoryCost/UntilCalculateFixedCostEffect>` wrapped as `new Player(card.Context, card.Owner).<...>` throughout PlayCard (CardSource.Owner returns HeadlessEntityId, not Player)	SUBSTRATE
DIFF	/home/hg/git/headlessDCGO/DCGO/Assets/Scripts/Script/CardController.cs:356	/home/hg/git/headlessDCGO/src/HeadlessDCGO.Engine/Assets/Scripts/Script/CardController.cs:3118	`card.IsPermanent` property became `card.IsPermanent()` method (also at filter-cards :1001-1002)	SUBSTRATE
DIFF	/home/hg/git/headlessDCGO/DCGO/Assets/Scripts/Script/CardController.cs:380	/home/hg/git/headlessDCGO/src/HeadlessDCGO.Engine/Assets/Scripts/Script/CardController.cs:3145	jogress-target loop drops `permanent.ShowingPermanentCard.SetPermanentIndexText(targetPermanents)` display loop (:378-381)	SUBSTRATE
DIFF	/home/hg/git/headlessDCGO/DCGO/Assets/Scripts/Script/CardController.cs:442	/home/hg/git/headlessDCGO/src/HeadlessDCGO.Engine/Assets/Scripts/Script/CardController.cs:3205	entire `if (card.IsPermanent && !isEvolution && PermanentOfThisCard()!=null && (Root==Digivolution||Root==Linked)) RemoveDigivolveRootEffect(...)` block removed (helper is pure DOTween/UI, no state change, confirmed Effects.cs:2162-2263)	SUBSTRATE
DIFF	/home/hg/git/headlessDCGO/DCGO/Assets/Scripts/Script/CardController.cs:510	/home/hg/git/headlessDCGO/src/HeadlessDCGO.Engine/Assets/Scripts/Script/CardController.cs:3277	SelectCost drops the `MoveToExecuteCardEffect` bool/ShowingHandCard probe and the AI (`!isYou && IsAI`) and auto-min (`isYou && autoMinDigivolutionCost`) branches that reset `costSelected=false` (:520-532); costSelected only gates the UI-stripped effect region so no game-state effect	SUBSTRATE
DIFF	/home/hg/git/headlessDCGO/DCGO/Assets/Scripts/Script/CardController.cs:569	/home/hg/git/headlessDCGO/src/HeadlessDCGO.Engine/Assets/Scripts/Script/CardController.cs:3318	`card.BasePlayCostFromEntity` property became `card.BasePlayCostFromEntity()` method	SUBSTRATE
DIFF	/home/hg/git/headlessDCGO/DCGO/Assets/Scripts/Script/CardController.cs:606	/home/hg/git/headlessDCGO/src/HeadlessDCGO.Engine/Assets/Scripts/Script/CardController.cs:3356	`cardSource.PermanentOfThisCard()` became `ICardEffect.ResolvePermanentOfThisCard(cardSource)`	SUBSTRATE
DIFF	/home/hg/git/headlessDCGO/DCGO/Assets/Scripts/Script/CardController.cs:626	/home/hg/git/headlessDCGO/src/HeadlessDCGO.Engine/Assets/Scripts/Script/CardController.cs:3376	`card.HasDigiXros` property became `card.HasDigiXros()` method (IsShowEffect and DigiXros-select :745)	SUBSTRATE
DIFF	/home/hg/git/headlessDCGO/DCGO/Assets/Scripts/Script/CardController.cs:652	/home/hg/git/headlessDCGO/src/HeadlessDCGO.Engine/Assets/Scripts/Script/CardController.cs:3400	`#region effect` bodies removed: the `noHandCard` ShowingHandCard probe + MoveToExecuteCardEffect (:652-671) and ShrinkUpUseHandCard (:677) are stripped, leaving empty if/else skeletons	SUBSTRATE
DIFF	/home/hg/git/headlessDCGO/DCGO/Assets/Scripts/Script/CardController.cs:687	/home/hg/git/headlessDCGO/src/HeadlessDCGO.Engine/Assets/Scripts/Script/CardController.cs:3418	entire `#region show expected cost` (:687-704, GetPayingCostWithBaseCost probe + ShowMemoryPredictionLine) removed	SUBSTRATE
DIFF	/home/hg/git/headlessDCGO/DCGO/Assets/Scripts/Script/CardController.cs:716	/home/hg/git/headlessDCGO/src/HeadlessDCGO.Engine/Assets/Scripts/Script/CardController.cs:3437	`if (IsShowEffect()) targetPermanent.ShowWillEvolutionEffect()` loop (:716-725) and the `HideWillEvolutionEffect()` loop (:729-735) removed	SUBSTRATE
DIFF	/home/hg/git/headlessDCGO/DCGO/Assets/Scripts/Script/CardController.cs:769	/home/hg/git/headlessDCGO/src/HeadlessDCGO.Engine/Assets/Scripts/Script/CardController.cs:3488	`GManager.instance.selectBurstDigivolutionEffect` field access became `GManager.instance.GetComponent<SelectBurstDigivolutionEffect>()` (cached in local)	SUBSTRATE
DIFF	/home/hg/git/headlessDCGO/DCGO/Assets/Scripts/Script/CardController.cs:789	/home/hg/git/headlessDCGO/src/HeadlessDCGO.Engine/Assets/Scripts/Script/CardController.cs:3515	`GManager.instance.selectAppFusionEffect` field access became `GManager.instance.GetComponent<SelectAppFusionEffect>()`	SUBSTRATE
DIFF	/home/hg/git/headlessDCGO/DCGO/Assets/Scripts/Script/CardController.cs:697	/home/hg/git/headlessDCGO/src/HeadlessDCGO.Engine/Assets/Scripts/Script/CardController.cs:3544	`card.jogressCondition` property became `card.JogressConditionOf()` method (:819/:821 and :3544/:3546)	SUBSTRATE
DIFF	/home/hg/git/headlessDCGO/DCGO/Assets/Scripts/Script/CardController.cs:865	/home/hg/git/headlessDCGO/src/HeadlessDCGO.Engine/Assets/Scripts/Script/CardController.cs:3601	`!card.CanPlayCardTargetFrame(targetPermanents[0].PermanentFrame, PayCost, CardEffect, root, fixedCost:-1)` replaced by inline `targetPermanents[0].OwnerId != card.Owner || !card.CanEvolve(targetPermanents[0], true)`, which omits the helper's `PermanentOfThisCard()!=null && this==TopCard && HasNoDigivolutionCards ⇒ false` branch (CardSource.cs:1128-1137)	MIRROR
DIFF	/home/hg/git/headlessDCGO/DCGO/Assets/Scripts/Script/CardController.cs:902	/home/hg/git/headlessDCGO/src/HeadlessDCGO.Engine/Assets/Scripts/Script/CardController.cs:3640	failed-play UI removed: PlayLog.OnAddLog (:902), FailedPlayCardEffect (:909), OffMemoryPredictionLine (:918), brainStorm CloseBrainstrorm loop (:920-926), FieldPermanentObjects OffPermanentIndexText loop (:928-937)	SUBSTRATE
DIFF	/home/hg/git/headlessDCGO/DCGO/Assets/Scripts/Script/CardController.cs:978	/home/hg/git/headlessDCGO/src/HeadlessDCGO.Engine/Assets/Scripts/Script/CardController.cs:3717	fire-and-forget `OffMemoryPredictionLine()` call removed (:978 and :918)	SUBSTRATE
DIFF	/home/hg/git/headlessDCGO/DCGO/Assets/Scripts/Script/CardController.cs:1044	/home/hg/git/headlessDCGO/src/HeadlessDCGO.Engine/Assets/Scripts/Script/CardController.cs:3784	`IEnumerator OffMemoryPredictionLine()` method (WaitForSeconds + memoryObject.OffMemoryPredictionLine) removed entirely	SUBSTRATE
DIFF	/home/hg/git/headlessDCGO/DCGO/Assets/Scripts/Script/CardController.cs:1056	/home/hg/git/headlessDCGO/src/HeadlessDCGO.Engine/Headless/Services/InMemoryZoneMover.cs:281	entire HatchDigiEggClass relocated to InMemoryZoneMover.HatchDigitamaAsync and reduced to a raw DigitamaLibrary→BreedingArea move (MoveFromZoneTop count:1)	MIRROR
DIFF	/home/hg/git/headlessDCGO/DCGO/Assets/Scripts/Script/CardController.cs:1058	/home/hg/git/headlessDCGO/src/HeadlessDCGO.Engine/Headless/Services/InMemoryZoneMover.cs:281	constructor `_hashtable` parameter/field dropped; HatchDigitamaAsync takes (playerId, cancellationToken) only	SUBSTRATE
DIFF	/home/hg/git/headlessDCGO/DCGO/Assets/Scripts/Script/CardController.cs:1069	/home/hg/git/headlessDCGO/src/HeadlessDCGO.Engine/Headless/Services/InMemoryZoneMover.cs:286	`if (_player == null) yield break;` silent skip became `ValidatePlayerId(playerId)` which throws on invalid id	MIRROR
DIFF	/home/hg/git/headlessDCGO/DCGO/Assets/Scripts/Script/CardController.cs:1070	ABSENT	`if (!_player.CanHatch) yield break;` guard absent from port's HatchDigitamaAsync (relocated to call sites BT1_089/TfxHatch)	MIRROR
DIFF	/home/hg/git/headlessDCGO/DCGO/Assets/Scripts/Script/CardController.cs:1074	ABSENT	PlayPermanentClass path (SetIsBreedingArea/SetIsHatching + PlayPermanent) dropped, so no ETB OnEnterFieldAnyone window fires on hatch	MIRROR
DIFF	/home/hg/git/headlessDCGO/DCGO/Assets/Scripts/Script/CardController.cs:1089	ABSENT	`card.PermanentOfThisCard().EnterFieldTurnCount = -1` not set on the hatched permanent (only PermanentBookkeepingStore.Reset to defaults via MoveCard)	MIRROR
DIFF	/home/hg/git/headlessDCGO/DCGO/Assets/Scripts/Script/CardController.cs:1225	/home/hg/git/headlessDCGO/src/HeadlessDCGO.Engine/Assets/Scripts/Script/CardController.cs:3873	`IEnumerator PlayPermanent()` → `async Task PlayPermanent(CancellationToken cancellationToken = default)`; all `yield return StartCoroutine(x)` → `await x`	IRREDUCIBLE
DIFF	/home/hg/git/headlessDCGO/DCGO/Assets/Scripts/Script/CardController.cs:1235	/home/hg/git/headlessDCGO/src/HeadlessDCGO.Engine/Assets/Scripts/Script/CardController.cs:3883	`card.Owner.brainStormObject.CloseBrainstrorm(card)` call removed (UI brainstorm overlay absent from substrate)	SUBSTRATE
DIFF	/home/hg/git/headlessDCGO/DCGO/Assets/Scripts/Script/CardController.cs:1242	/home/hg/git/headlessDCGO/src/HeadlessDCGO.Engine/Assets/Scripts/Script/CardController.cs:3889	`card.HasDigiXros` property became `card.HasDigiXros()` method call	SUBSTRATE
DIFF	/home/hg/git/headlessDCGO/DCGO/Assets/Scripts/Script/CardController.cs:1274	/home/hg/git/headlessDCGO/src/HeadlessDCGO.Engine/Assets/Scripts/Script/CardController.cs:3923	`card.Owner.GetFieldPermanents()` → `new Player(card.Context, card.Owner).GetFieldPermanents()` (card.Owner is an id, mirror Player must be constructed)	SUBSTRATE
DIFF	/home/hg/git/headlessDCGO/DCGO/Assets/Scripts/Script/CardController.cs:1276	/home/hg/git/headlessDCGO/src/HeadlessDCGO.Engine/Assets/Scripts/Script/CardController.cs:3926	`card.Owner.SecurityCards` → `new Player(card.Context, card.Owner).SecurityCards`	SUBSTRATE
DIFF	/home/hg/git/headlessDCGO/DCGO/Assets/Scripts/Script/CardController.cs:1278	/home/hg/git/headlessDCGO/src/HeadlessDCGO.Engine/Assets/Scripts/Script/CardController.cs:3883	second `card.Owner.brainStormObject.CloseBrainstrorm(card)` call removed	SUBSTRATE
DIFF	/home/hg/git/headlessDCGO/DCGO/Assets/Scripts/Script/CardController.cs:1287	ABSENT	`int frameId = -1;` local removed (replaced by `framePlaceable` bool)	SUBSTRATE
DIFF	/home/hg/git/headlessDCGO/DCGO/Assets/Scripts/Script/CardController.cs:1289	/home/hg/git/headlessDCGO/src/HeadlessDCGO.Engine/Assets/Scripts/Script/CardController.cs:3942	frame-targeting block rewritten: breeding `card.CanPlayCardTargetFrame(digieggFrame, false, CardEffect, isBreedingArea)` became `card.CanEnterField(CardEffect)`; PreferredFrame and target-frame FrameID resolution collapsed to `framePlaceable=true` (no FieldCardFrame model)	SUBSTRATE
DIFF	/home/hg/git/headlessDCGO/DCGO/Assets/Scripts/Script/CardController.cs:1325	/home/hg/git/headlessDCGO/src/HeadlessDCGO.Engine/Assets/Scripts/Script/CardController.cs:3962	first-empty-frame fallback scan over `card.Owner.fieldCardFrames` removed; `0<=frameId<count` gate became `if (framePlaceable)`	EXCEPTION
DIFF	/home/hg/git/headlessDCGO/DCGO/Assets/Scripts/Script/CardController.cs:1350	/home/hg/git/headlessDCGO/src/HeadlessDCGO.Engine/Assets/Scripts/Script/CardController.cs:3974	`CanPlayAsNewPermanent(..., isBreedingArea: _isBreedingArea, isPlayOption:...)` — `isBreedingArea` argument dropped (mirror CanPlayAsNewPermanent has no isBreedingArea parameter)	SUBSTRATE
DIFF	/home/hg/git/headlessDCGO/DCGO/Assets/Scripts/Script/CardController.cs:1361	/home/hg/git/headlessDCGO/src/HeadlessDCGO.Engine/Assets/Scripts/Script/CardController.cs:3985	`card.Init()` call removed (transient-view substrate no-op)	SUBSTRATE
DIFF	/home/hg/git/headlessDCGO/DCGO/Assets/Scripts/Script/CardController.cs:1374	/home/hg/git/headlessDCGO/src/HeadlessDCGO.Engine/Assets/Scripts/Script/CardController.cs:3998	`permanent.AddCardSource(card)` (void mutate) → `permanent = await permanent.AddCardSource(card, ct)` (returns rebound permanent view)	SUBSTRATE
DIFF	/home/hg/git/headlessDCGO/DCGO/Assets/Scripts/Script/CardController.cs:1383	/home/hg/git/headlessDCGO/src/HeadlessDCGO.Engine/Assets/Scripts/Script/CardController.cs:4006	`new Permanent{IsSuspended=_isTapped}` + `CreateNewPermanent(permanent, frameId)` collapsed to single `CreateNewPermanent(card, isSuspended:_isTapped, isBreedingArea:_isBreedingArea)`; frameId argument replaced by isBreedingArea	SUBSTRATE
DIFF	/home/hg/git/headlessDCGO/DCGO/Assets/Scripts/Script/CardController.cs:1389	/home/hg/git/headlessDCGO/src/HeadlessDCGO.Engine/Assets/Scripts/Script/CardController.cs:4010	DoneStartGame block (HasETB probe + CreateFieldPermanentCardEffect / DigivolveFieldPermanentCardEffect) removed; verified UI/animation-only (DOTween/Instantiate/SE, no rule mutation)	SUBSTRATE
DIFF	/home/hg/git/headlessDCGO/DCGO/Assets/Scripts/Script/CardController.cs:1438	/home/hg/git/headlessDCGO/src/HeadlessDCGO.Engine/Assets/Scripts/Script/CardController.cs:4022	jogress `card.Init()` call removed	SUBSTRATE
DIFF	/home/hg/git/headlessDCGO/DCGO/Assets/Scripts/Script/CardController.cs:1446	/home/hg/git/headlessDCGO/src/HeadlessDCGO.Engine/Assets/Scripts/Script/CardController.cs:4032	`card.Owner.fieldCardFrames[frameID].GetFramePermanent()` → `GetFieldPermanents()[frameID]` with added `0<=frameID<count` bounds check (frame IDs reinterpreted as field-permanent list indexes)	SUBSTRATE
DIFF	/home/hg/git/headlessDCGO/DCGO/Assets/Scripts/Script/CardController.cs:1460	ABSENT	`int targetFrameID = evoRootPermanents[0].PermanentFrame.FrameID;` removed (frame-less; jogress survivor field position not preserved)	SUBSTRATE
DIFF	/home/hg/git/headlessDCGO/DCGO/Assets/Scripts/Script/CardController.cs:1496	/home/hg/git/headlessDCGO/src/HeadlessDCGO.Engine/Assets/Scripts/Script/CardController.cs:4087	jogress `new Permanent{IsSuspended=false}` + `CreateNewPermanent(permanent, targetFrameID)` → `CreateNewPermanent(card, isSuspended:false)`; targetFrameID dropped	SUBSTRATE
DIFF	/home/hg/git/headlessDCGO/DCGO/Assets/Scripts/Script/CardController.cs:1520	/home/hg/git/headlessDCGO/src/HeadlessDCGO.Engine/Assets/Scripts/Script/CardController.cs:4112	`new IReduceSecurity(player, ref ContinuousController.instance.nullSkillInfos, ...)` → `new IReduceSecurity(card.Context, card.Owner, null, ...)`; `ref nullSkillInfos` collector became `null`	SUBSTRATE
DIFF	/home/hg/git/headlessDCGO/DCGO/Assets/Scripts/Script/CardController.cs:1528	/home/hg/git/headlessDCGO/src/HeadlessDCGO.Engine/Assets/Scripts/Script/CardController.cs:4128	`card.Owner.DigivolveCount_ThisTurn++` → `card.Context.PlayerTurnCounters.Increment(card.Owner, PlayerTurnCounterController.DigivolveCountKey)`	SUBSTRATE
DIFF	/home/hg/git/headlessDCGO/DCGO/Assets/Scripts/Script/CardController.cs:1529	/home/hg/git/headlessDCGO/src/HeadlessDCGO.Engine/Assets/Scripts/Script/CardController.cs:4129	`new DrawClass(card.Owner, 1, null)` → `new DrawClass(card.Context, card.Owner, 1, (ICardEffect?)null)` (ctor adds context param)	SUBSTRATE
DIFF	/home/hg/git/headlessDCGO/DCGO/Assets/Scripts/Script/CardController.cs:1537	/home/hg/git/headlessDCGO/src/HeadlessDCGO.Engine/Assets/Scripts/Script/CardController.cs:4142	`GManager.instance.selectBurstDigivolutionEffect.AddTrashTopCardAtTurnEnd(permanent)` → `GManager.instance.GetComponent<SelectBurstDigivolutionEffect>().AddTrashTopCardAtTurnEnd(permanent)` (singleton → match-scoped component)	SUBSTRATE
DIFF	/home/hg/git/headlessDCGO/DCGO/Assets/Scripts/Script/CardController.cs:1549	/home/hg/git/headlessDCGO/src/HeadlessDCGO.Engine/Assets/Scripts/Script/CardController.cs:4154	`permanent.TopCard.CardNames.Clone()` → `.ToList()`	SUBSTRATE
DIFF	/home/hg/git/headlessDCGO/DCGO/Assets/Scripts/Script/CardController.cs:1567	/home/hg/git/headlessDCGO/src/HeadlessDCGO.Engine/Assets/Scripts/Script/CardController.cs:4172	`permanent.TopCard.CardNames.Clone()` → `.ToList()`	SUBSTRATE
DIFF	/home/hg/git/headlessDCGO/DCGO/Assets/Scripts/Script/CardController.cs:1569	/home/hg/git/headlessDCGO/src/HeadlessDCGO.Engine/Assets/Scripts/Script/CardController.cs:4174	`permanent.TopCard.CardTraits.Clone()` → `.ToList()`	SUBSTRATE
DIFF	/home/hg/git/headlessDCGO/DCGO/Assets/Scripts/Script/CardController.cs:1572	/home/hg/git/headlessDCGO/src/HeadlessDCGO.Engine/Assets/Scripts/Script/CardController.cs:4177	"move permanents (hybrid)" block removed; verified UI (transform.localPosition comparisons, MovePermanent canvas repositioning)	SUBSTRATE
DIFF	ABSENT	/home/hg/git/headlessDCGO/src/HeadlessDCGO.Engine/Assets/Scripts/Script/CardController.cs:4260	added `if (isEvolution)` WhenDigivolving dispatch: double-key guard throwing NotSupportedException plus `StackSkillInfos(timing: EffectTiming.WhenDigivolving)`; AS-IS has no EffectTiming.WhenDigivolving stack (uses CanTriggerWhenDigivolving hashtable gate within OnEnterFieldAnyone members) and no such guard	INVENTED
DIFF	/home/hg/git/headlessDCGO/DCGO/Assets/Scripts/Script/CardController.cs:1730	/home/hg/git/headlessDCGO/src/HeadlessDCGO.Engine/Assets/Scripts/Script/CardController.cs:4337	`_showEffect` Effects.* coroutines (DeleteHandCardEffect/ShowUseHandCardEffect_PlayCard/MoveToExecuteCardEffect) removed	SUBSTRATE
DIFF	/home/hg/git/headlessDCGO/DCGO/Assets/Scripts/Script/CardController.cs:1737	/home/hg/git/headlessDCGO/src/HeadlessDCGO.Engine/Assets/Scripts/Script/CardController.cs:4338	PlayLog.OnAddLog Play-Option log removed (PlayLog UI absent)	SUBSTRATE
DIFF	/home/hg/git/headlessDCGO/DCGO/Assets/Scripts/Script/CardController.cs:1739	/home/hg/git/headlessDCGO/src/HeadlessDCGO.Engine/Assets/Scripts/Script/CardController.cs:4339	card.Init() call removed (CardSource transient-view has no Init state)	SUBSTRATE
DIFF	/home/hg/git/headlessDCGO/DCGO/Assets/Scripts/Script/CardController.cs:1741	/home/hg/git/headlessDCGO/src/HeadlessDCGO.Engine/Assets/Scripts/Script/CardController.cs:4339	card.SetFace() call removed (face state carried by the move stamp)	SUBSTRATE
DIFF	/home/hg/git/headlessDCGO/DCGO/Assets/Scripts/Script/CardController.cs:1750	/home/hg/git/headlessDCGO/src/HeadlessDCGO.Engine/Assets/Scripts/Script/CardController.cs:4348	card.Owner.brainStormObject.BrainStormCoroutine removed (brainStorm UI absent)	SUBSTRATE
DIFF	/home/hg/git/headlessDCGO/DCGO/Assets/Scripts/Script/CardController.cs:1788	/home/hg/git/headlessDCGO/src/HeadlessDCGO.Engine/Assets/Scripts/Script/CardController.cs:4386	`card.Owner.ExecutingCards` became `new Player(card.Context, card.Owner).ExecutingCards` at all three sites (:1788/:1836/:1888) because CardSource.Owner returns HeadlessPlayerId not Player	SUBSTRATE
DIFF	/home/hg/git/headlessDCGO/DCGO/Assets/Scripts/Script/CardController.cs:1856	/home/hg/git/headlessDCGO/src/HeadlessDCGO.Engine/Assets/Scripts/Script/CardController.cs:4465	selectCardPanel.OpenSelectCardPanel replaced by ChoiceProvider.ChooseAsync over synthesized ChoiceCandidates (index remapped via `InstanceId#i` ids)	SUBSTRATE
DIFF	/home/hg/git/headlessDCGO/DCGO/Assets/Scripts/Script/CardController.cs:1893	/home/hg/git/headlessDCGO/src/HeadlessDCGO.Engine/Assets/Scripts/Script/CardController.cs:4511	card.Owner.brainStormObject.CloseBrainstrorm removed (brainStorm UI absent)	SUBSTRATE
DIFF	/home/hg/git/headlessDCGO/DCGO/Assets/Scripts/Script/CardController.cs:1905	/home/hg/git/headlessDCGO/src/HeadlessDCGO.Engine/Assets/Scripts/Script/CardController.cs:235	ctor param `Player player` became `EngineContext context, HeadlessPlayerId playerId`	SUBSTRATE
DIFF	ABSENT	/home/hg/git/headlessDCGO/src/HeadlessDCGO.Engine/Assets/Scripts/Script/CardController.cs:244	extra second ctor overload `(EngineContext, HeadlessPlayerId, int, HeadlessEntityId? causeEffectSourceId, ICardEffect?=null)` added as the id-only carrier for MatchStateMutationSink	INVENTED
DIFF	ABSENT	/home/hg/git/headlessDCGO/src/HeadlessDCGO.Engine/Assets/Scripts/Script/CardController.cs:257	extra field `_causeEffectSourceId` (substrate cause id derived from cardEffect.EffectSourceCard.InstanceId) added	INVENTED
DIFF	/home/hg/git/headlessDCGO/DCGO/Assets/Scripts/Script/CardController.cs:1919	/home/hg/git/headlessDCGO/src/HeadlessDCGO.Engine/Assets/Scripts/Script/CardController.cs:267	`_player.LibraryCards.Count <= 0` became `zones.GetCards(_playerId, ChoiceZone.Library).Count <= 0`	SUBSTRATE
DIFF	/home/hg/git/headlessDCGO/DCGO/Assets/Scripts/Script/CardController.cs:1921	/home/hg/git/headlessDCGO/src/HeadlessDCGO.Engine/Assets/Scripts/Script/CardController.cs:272	per-card RemoveFromAllArea loop + `AddHandCards(DrawCards, true, _cardEffect)` collapsed into `ZoneMover.DrawAsync(_playerId, _drawCount, addHandBatchId, _causeEffectSourceId)`	SUBSTRATE
DIFF	/home/hg/git/headlessDCGO/DCGO/Assets/Scripts/Script/CardController.cs:1941	/home/hg/git/headlessDCGO/src/HeadlessDCGO.Engine/Assets/Scripts/Script/CardController.cs:277	PlayLog draw-count log removed	SUBSTRATE
DIFF	/home/hg/git/headlessDCGO/DCGO/Assets/Scripts/Script/CardController.cs:1954	/home/hg/git/headlessDCGO/src/HeadlessDCGO.Engine/Assets/Scripts/Script/CardController.cs:289	StackSkillInfos entry `{"Player", _player}` became `{"Player", new Player(_context, _playerId)}`	SUBSTRATE
DIFF	/home/hg/git/headlessDCGO/DCGO/Assets/Scripts/Script/CardController.cs:1973	/home/hg/git/headlessDCGO/src/HeadlessDCGO.Engine/Assets/Scripts/Script/CardController.cs:311	ctor `(int, Player player, ICardEffect)` became `(EngineContext, HeadlessPlayerId, int, ICardEffect?)`	SUBSTRATE
DIFF	ABSENT	/home/hg/git/headlessDCGO/src/HeadlessDCGO.Engine/Assets/Scripts/Script/CardController.cs:321	extra field `_causeEffectSourceId` computed in ctor but never read in AddTrashCardsFromLibraryTop (TrashDeckCards is handed `_cardEffect`, not the id) — dead field	INVENTED
DIFF	/home/hg/git/headlessDCGO/DCGO/Assets/Scripts/Script/CardController.cs:1994	/home/hg/git/headlessDCGO/src/HeadlessDCGO.Engine/Assets/Scripts/Script/CardController.cs:345	`_player.LibraryCards.Count == 0` became `zones.GetCards(_playerId, ChoiceZone.Library).Count == 0`	SUBSTRATE
DIFF	/home/hg/git/headlessDCGO/DCGO/Assets/Scripts/Script/CardController.cs:2004	/home/hg/git/headlessDCGO/src/HeadlessDCGO.Engine/Assets/Scripts/Script/CardController.cs:350	live per-iteration `_player.LibraryCards[i]` reads replaced by a single `zones.GetCards(...Library)` snapshot indexed as `library[i]` + `new CardSource(...)` construction	SUBSTRATE
DIFF	/home/hg/git/headlessDCGO/DCGO/Assets/Scripts/Script/CardController.cs:2016	/home/hg/git/headlessDCGO/src/HeadlessDCGO.Engine/Assets/Scripts/Script/CardController.cs:360	ShowCardEffect (gated by !_notShowCards) removed, leaving SetNotShowCards/_notShowCards inert	SUBSTRATE
DIFF	/home/hg/git/headlessDCGO/DCGO/Assets/Scripts/Script/CardController.cs:2026	/home/hg/git/headlessDCGO/src/HeadlessDCGO.Engine/Assets/Scripts/Script/CardController.cs:364	log string build + PlaySE/WaitForSeconds/PlayLog removed	SUBSTRATE
DIFF	/home/hg/git/headlessDCGO/DCGO/Assets/Scripts/Script/CardController.cs:2043	/home/hg/git/headlessDCGO/src/HeadlessDCGO.Engine/Assets/Scripts/Script/CardController.cs:431	ctor `(Player, int addLifeCount)` became `(EngineContext, HeadlessPlayerId, int addSecurityCount, bool faceUp=false)`	SUBSTRATE
DIFF	ABSENT	/home/hg/git/headlessDCGO/src/HeadlessDCGO.Engine/Assets/Scripts/Script/CardController.cs:444	extra `_faceUp` ctor param/field (substrate face-up recovery, mirrors the SetFace branch of AddSecurityCard)	INVENTED
DIFF	/home/hg/git/headlessDCGO/DCGO/Assets/Scripts/Script/CardController.cs:2056	/home/hg/git/headlessDCGO/src/HeadlessDCGO.Engine/Assets/Scripts/Script/CardController.cs:448	loop `CardObjectController.AddSecurityCard(LibraryCards[0], useEffect:i==0)` replaced by `ZoneMover.AddSecurityFromLibraryAsync(...)` + per-card `SecurityFaceState.Stamp` + `new IAddSecurity(cardSource).AddSecurity()`	SUBSTRATE
DIFF	/home/hg/git/headlessDCGO/DCGO/Assets/Scripts/Script/CardController.cs:2062	/home/hg/git/headlessDCGO/src/HeadlessDCGO.Engine/Assets/Scripts/Script/CardController.cs:463	`useEffect: (i == 0)` argument dropped (it gated only the CreateRecoveryEffect VFX)	SUBSTRATE
DIFF	/home/hg/git/headlessDCGO/DCGO/Assets/Scripts/Script/CardController.cs:2068	/home/hg/git/headlessDCGO/src/HeadlessDCGO.Engine/Assets/Scripts/Script/CardController.cs:466	`count` accumulator + PlayLog security-add log removed	SUBSTRATE
DIFF	/home/hg/git/headlessDCGO/DCGO/Assets/Scripts/Script/CardController.cs:2087	/home/hg/git/headlessDCGO/src/HeadlessDCGO.Engine/Assets/Scripts/Script/CardController.cs:482	ctor `(Player, int, ICardEffect cardEffect)` became `(EngineContext, HeadlessPlayerId, int, HeadlessEntityId? causeEffectSourceId)`	SUBSTRATE
DIFF	/home/hg/git/headlessDCGO/DCGO/Assets/Scripts/Script/CardController.cs:2100	/home/hg/git/headlessDCGO/src/HeadlessDCGO.Engine/Assets/Scripts/Script/CardController.cs:498	`_player.LibraryCards.Count == 0` became `zones.GetCards(_playerId, ChoiceZone.Library).Count == 0`	SUBSTRATE
DIFF	/home/hg/git/headlessDCGO/DCGO/Assets/Scripts/Script/CardController.cs:2102	/home/hg/git/headlessDCGO/src/HeadlessDCGO.Engine/Assets/Scripts/Script/CardController.cs:508	`!_player.CanAddSecurity(_cardEffect)` (Player.cs:1469-1517 = IsSecurityLooking guard AND the ICannotAddSecurityEffect restriction scan) became `!SecurityRuleGateSeam.CanAddSecurity(...)` which runs ONLY the IsSecurityLooking guard half, so the ICannotAddSecurityEffect scan (present in mirror Player.CanAddSecurity, src Player.cs:494-524) is bypassed for Recovery	MIRROR
DIFF	/home/hg/git/headlessDCGO/DCGO/Assets/Scripts/Script/CardController.cs:2106	/home/hg/git/headlessDCGO/src/HeadlessDCGO.Engine/Assets/Scripts/Script/CardController.cs:515	CreateRecoveryEffect VFX removed	SUBSTRATE
DIFF	/home/hg/git/headlessDCGO/DCGO/Assets/Scripts/Script/CardController.cs:2141	/home/hg/git/headlessDCGO/src/HeadlessDCGO.Engine/Assets/Scripts/Script/CardController.cs:682	`_permanent.ImmuneFromStackTrashing(_cardEffect)` wrapped in private `ImmuneFromStackTrashing()` that adds a `CauseEffectSourceId is null/empty -> return false` early-return before the AS-IS call (extra branch, claimed equivalent to null-cause no-match)	MIRROR
DIFF	/home/hg/git/headlessDCGO/DCGO/Assets/Scripts/Script/CardController.cs:2186	/home/hg/git/headlessDCGO/src/HeadlessDCGO.Engine/Assets/Scripts/Script/CardController.cs:619	SetUp arg `customRootCardList: _permanent.DigivolutionCards` became `_permanent.DigivolutionCards.ToList()`	SUBSTRATE
DIFF	/home/hg/git/headlessDCGO/DCGO/Assets/Scripts/Script/CardController.cs:2233	/home/hg/git/headlessDCGO/src/HeadlessDCGO.Engine/Assets/Scripts/Script/CardController.cs:663	`new ITrashDigivolutionCards(_permanent, selectedCards, _cardEffect)` gained an extra `CauseEffectSourceId` argument before `_cardEffect`	SUBSTRATE
DIFF	/home/hg/git/headlessDCGO/DCGO/Assets/Scripts/Script/CardController.cs:2244	/home/hg/git/headlessDCGO/src/HeadlessDCGO.Engine/Assets/Scripts/Script/CardController.cs:670	Digiburst add-log build + PlayLog removed	SUBSTRATE
DIFF	ABSENT	/home/hg/git/headlessDCGO/src/HeadlessDCGO.Engine/Assets/Scripts/Script/CardController.cs:676	extra private `CauseEffectSourceId` property (`_cardEffect?.EffectSourceCard?.InstanceId`) added to derive the substrate cause id	INVENTED
DIFF	/home/hg/git/headlessDCGO/DCGO/Assets/Scripts/Script/Player.cs:1521	/home/hg/git/headlessDCGO/src/HeadlessDCGO.Engine/Assets/Scripts/Script/CardController.cs:386	SecurityRuleGateSeam.CanReduceSecurity mirrors AS-IS Player.CanReduceSecurity verbatim (whole body)	RELOCATED
DIFF	/home/hg/git/headlessDCGO/DCGO/Assets/Scripts/Script/Player.cs:1471	/home/hg/git/headlessDCGO/src/HeadlessDCGO.Engine/Assets/Scripts/Script/CardController.cs:400	SecurityRuleGateSeam.CanAddSecurity mirrors the IsSecurityLooking guard half of AS-IS Player.CanAddSecurity (:1471-1474); the ICannotAddSecurityEffect scan half is hosted in mirror Player.CanAddSecurity (src Player.cs:494)	RELOCATED
DIFF	/home/hg/git/headlessDCGO/DCGO/Assets/Scripts/Script/CardController.cs:2295	/home/hg/git/headlessDCGO/src/HeadlessDCGO.Engine/Assets/Scripts/Script/CardController.cs:5338	IEnumerator DeckBounce() became async Task DeckBounce(CancellationToken) with yield return StartCoroutine(x) rewritten to await x and cancellationToken threaded into DiscardEvoRoots/RemoveField/AddLibraryBottomCards	IRREDUCIBLE
DIFF	/home/hg/git/headlessDCGO/DCGO/Assets/Scripts/Script/CardController.cs:2335	/home/hg/git/headlessDCGO/src/HeadlessDCGO.Engine/Assets/Scripts/Script/CardController.cs:5376	instance call `autoProcessing_CutIn.HasAwaitingActivateEffects()` replaced by private static helper HasAwaitingActivateEffects(autoProcessing_CutIn) because port AutoProcessing surface does not expose HasAwaitingActivateEffects	MIRROR
DIFF	/home/hg/git/headlessDCGO/DCGO/Assets/Scripts/Script/CardController.cs:2337	ABSENT	foreach loop calling permanent.ShowDeckBounceEffect() removed (Permanent.ShowDeckBounceEffect UI not present in headless)	SUBSTRATE
DIFF	/home/hg/git/headlessDCGO/DCGO/Assets/Scripts/Script/CardController.cs:2345	ABSENT	foreach loop calling permanent.HideDeckBounceEffect() removed (Permanent.HideDeckBounceEffect UI not present in headless)	SUBSTRATE
DIFF	/home/hg/git/headlessDCGO/DCGO/Assets/Scripts/Script/CardController.cs:2361	ABSENT	returnedCards Map and the !_notShowCards ShowCardEffect(returnedCards,"Deck bottom cards",true,true) show-cards block removed (Effects.ShowCardEffect UI not present)	SUBSTRATE
DIFF	/home/hg/git/headlessDCGO/DCGO/Assets/Scripts/Script/CardController.cs:2399	ABSENT	await Effects.DeckBounceEffect(permanent) call removed (Effects.DeckBounceEffect UI not present)	SUBSTRATE
DIFF	/home/hg/git/headlessDCGO/DCGO/Assets/Scripts/Script/AutoProcessing.cs:750	/home/hg/git/headlessDCGO/src/HeadlessDCGO.Engine/Assets/Scripts/Script/CardController.cs:5457	added private static HasAwaitingActivateEffects(AutoProcessing) helper is a verbatim copy of AutoProcessing.HasAwaitingActivateEffects	RELOCATED
DIFF	/home/hg/git/headlessDCGO/DCGO/Assets/Scripts/Script/CardController.cs:2461	/home/hg/git/headlessDCGO/src/HeadlessDCGO.Engine/Assets/Scripts/Script/CardController.cs:5506	IEnumerator DeckBounce() became async Task DeckBounce(CancellationToken) with yield return StartCoroutine(x) rewritten to await x and cancellationToken threaded into DiscardEvoRoots/RemoveField/AddLibraryTopCards	IRREDUCIBLE
DIFF	/home/hg/git/headlessDCGO/DCGO/Assets/Scripts/Script/CardController.cs:2501	/home/hg/git/headlessDCGO/src/HeadlessDCGO.Engine/Assets/Scripts/Script/CardController.cs:5544	instance call `autoProcessing_CutIn.HasAwaitingActivateEffects()` replaced by private static helper HasAwaitingActivateEffects(autoProcessing_CutIn) because port AutoProcessing surface does not expose HasAwaitingActivateEffects	MIRROR
DIFF	/home/hg/git/headlessDCGO/DCGO/Assets/Scripts/Script/CardController.cs:2503	ABSENT	foreach loop calling permanent.ShowDeckBounceEffect() removed (Permanent.ShowDeckBounceEffect UI not present in headless)	SUBSTRATE
DIFF	/home/hg/git/headlessDCGO/DCGO/Assets/Scripts/Script/CardController.cs:2511	ABSENT	foreach loop calling permanent.HideDeckBounceEffect() removed (Permanent.HideDeckBounceEffect UI not present in headless)	SUBSTRATE
DIFF	/home/hg/git/headlessDCGO/DCGO/Assets/Scripts/Script/CardController.cs:2527	ABSENT	returnedCards Map and the !_notShowCards ShowCardEffect(returnedCards,"Deck bottom cards",true,true) show-cards block removed (Effects.ShowCardEffect UI not present)	SUBSTRATE
DIFF	/home/hg/git/headlessDCGO/DCGO/Assets/Scripts/Script/CardController.cs:2565	ABSENT	await Effects.DeckBounceEffect(permanent) call removed (Effects.DeckBounceEffect UI not present)	SUBSTRATE
DIFF	/home/hg/git/headlessDCGO/DCGO/Assets/Scripts/Script/AutoProcessing.cs:750	/home/hg/git/headlessDCGO/src/HeadlessDCGO.Engine/Assets/Scripts/Script/CardController.cs:5623	added private static HasAwaitingActivateEffects(AutoProcessing) helper is a verbatim copy of AutoProcessing.HasAwaitingActivateEffects	RELOCATED
DIFF	/home/hg/git/headlessDCGO/DCGO/Assets/Scripts/Script/CardController.cs:2622	/home/hg/git/headlessDCGO/src/HeadlessDCGO.Engine/Assets/Scripts/Script/CardController.cs:5669	IEnumerator Bounce() became async Task Bounce(CancellationToken) with yield return StartCoroutine(x) rewritten to await x and cancellationToken threaded into DiscardEvoRoots/RemoveField/RemoveFromAllArea/AddLibraryBottomCards/AddHandCards	IRREDUCIBLE
DIFF	/home/hg/git/headlessDCGO/DCGO/Assets/Scripts/Script/CardController.cs:2662	/home/hg/git/headlessDCGO/src/HeadlessDCGO.Engine/Assets/Scripts/Script/CardController.cs:5707	instance call `autoProcessing_CutIn.HasAwaitingActivateEffects()` replaced by private static helper HasAwaitingActivateEffects(autoProcessing_CutIn) because port AutoProcessing surface does not expose HasAwaitingActivateEffects	MIRROR
DIFF	/home/hg/git/headlessDCGO/DCGO/Assets/Scripts/Script/CardController.cs:2664	ABSENT	foreach loop calling permanent.ShowHandBounceEffect() removed (Permanent.ShowHandBounceEffect UI not present in headless)	SUBSTRATE
DIFF	/home/hg/git/headlessDCGO/DCGO/Assets/Scripts/Script/CardController.cs:2670	ABSENT	await autoProcessing_CutIn.ShrinkSecurityDigimonDisplay() call removed (ShrinkSecurityDigimonDisplay UI not present in headless)	SUBSTRATE
DIFF	/home/hg/git/headlessDCGO/DCGO/Assets/Scripts/Script/CardController.cs:2675	ABSENT	foreach loop calling permanent.HideHandBounceEffect() removed (Permanent.HideHandBounceEffect UI not present in headless)	SUBSTRATE
DIFF	/home/hg/git/headlessDCGO/DCGO/Assets/Scripts/Script/CardController.cs:2744	ABSENT	add-log block building "Return to hand" text and calling PlayLog.OnAddLog?.Invoke(log) removed (PlayLog.OnAddLog stripped project-wide, not functional in headless)	SUBSTRATE
DIFF	/home/hg/git/headlessDCGO/DCGO/Assets/Scripts/Script/CardController.cs:2764	ABSENT	returnedCards Map and the !_notShowCards ShowCardEffect(returnedCards,"Cards returned to hand",true,true) show-cards block removed (Effects.ShowCardEffect UI not present)	SUBSTRATE
DIFF	/home/hg/git/headlessDCGO/DCGO/Assets/Scripts/Script/CardController.cs:2791	ABSENT	await Effects.BounceEffect(permanent, !permanent.IsReturnedToHandByBurstDigivolution) call removed (Effects.BounceEffect UI not present)	SUBSTRATE
DIFF	/home/hg/git/headlessDCGO/DCGO/Assets/Scripts/Script/AutoProcessing.cs:750	/home/hg/git/headlessDCGO/src/HeadlessDCGO.Engine/Assets/Scripts/Script/CardController.cs:5838	added private static HasAwaitingActivateEffects(AutoProcessing) helper is a verbatim copy of AutoProcessing.HasAwaitingActivateEffects	RELOCATED
DIFF	/home/hg/git/headlessDCGO/DCGO/Assets/Scripts/Script/CardController.cs:2867	/home/hg/git/headlessDCGO/src/HeadlessDCGO.Engine/Assets/Scripts/Script/CardController.cs:2274	PlacePermanentToDigivolutionCards IEnumerator→async Task, yield return StartCoroutine(X)→await X, yield break→return	IRREDUCIBLE
DIFF	/home/hg/git/headlessDCGO/DCGO/Assets/Scripts/Script/CardController.cs:2926	/home/hg/git/headlessDCGO/src/HeadlessDCGO.Engine/Assets/Scripts/Script/CardController.cs:2320	added `EngineContext context = removeFieldPermanents[0].TopCard.Context` as service root since GManager singleton is unavailable	SUBSTRATE
DIFF	/home/hg/git/headlessDCGO/DCGO/Assets/Scripts/Script/CardController.cs:2915	/home/hg/git/headlessDCGO/src/HeadlessDCGO.Engine/Assets/Scripts/Script/CardController.cs:2324	SkillInfo list/ctor `SkillInfo` → `CardEffectCommons.SkillInfo` (type relocated into CardEffectCommons)	MIRROR
DIFF	/home/hg/git/headlessDCGO/DCGO/Assets/Scripts/Script/CardController.cs:2926	/home/hg/git/headlessDCGO/src/HeadlessDCGO.Engine/Assets/Scripts/Script/CardController.cs:2333	`GManager.instance.turnStateMachine.gameContext.Players_ForTurnPlayer` → `new GameContext(context).Players_ForTurnPlayer`	SUBSTRATE
DIFF	/home/hg/git/headlessDCGO/DCGO/Assets/Scripts/Script/CardController.cs:2968	/home/hg/git/headlessDCGO/src/HeadlessDCGO.Engine/Assets/Scripts/Script/CardController.cs:2365	`GManager.instance.autoProcessing_CutIn.PutStackedSkill` → `AutoProcessing.ForCutIn(context).PutStackedSkill`	SUBSTRATE
DIFF	/home/hg/git/headlessDCGO/DCGO/Assets/Scripts/Script/CardController.cs:2971	/home/hg/git/headlessDCGO/src/HeadlessDCGO.Engine/Assets/Scripts/Script/CardController.cs:2368	showEffect() local fn and its `if(showEffect())` display block (WillRemoveFieldObject SetActive, MoveToExecuteCardEffect, BrainStormCoroutine, shrink-security) removed; TriggeredSkillProcess kept unconditional	SUBSTRATE
DIFF	/home/hg/git/headlessDCGO/DCGO/Assets/Scripts/Script/CardController.cs:3086	/home/hg/git/headlessDCGO/src/HeadlessDCGO.Engine/Assets/Scripts/Script/CardController.cs:2409	AddDigivolutionCardsTop 2nd arg `_cardEffect` → `_cardEffect?.EffectSourceCard?.InstanceId` (Permanent.AddDigivolutionCardsTop param is InstanceId not ICardEffect)	SUBSTRATE
DIFF	/home/hg/git/headlessDCGO/DCGO/Assets/Scripts/Script/CardController.cs:3090	/home/hg/git/headlessDCGO/src/HeadlessDCGO.Engine/Assets/Scripts/Script/CardController.cs:2413	AddDigivolutionCardsBottom 2nd arg `_cardEffect` → `_cardEffect?.EffectSourceCard?.InstanceId`	SUBSTRATE
DIFF	/home/hg/git/headlessDCGO/DCGO/Assets/Scripts/Script/CardController.cs:3103	/home/hg/git/headlessDCGO/src/HeadlessDCGO.Engine/Assets/Scripts/Script/CardController.cs:2426	add-log (PlayLog.OnAddLog) and hide-icon (ShowCardEffect "Digivolution Cards") blocks removed	SUBSTRATE
DIFF	/home/hg/git/headlessDCGO/DCGO/Assets/Scripts/Script/CardController.cs:3164	/home/hg/git/headlessDCGO/src/HeadlessDCGO.Engine/Assets/Scripts/Script/CardController.cs:2472	PlacePermanentToLinkCards IEnumerator→async Task, yield return StartCoroutine(X)→await X, yield break→return	IRREDUCIBLE
DIFF	/home/hg/git/headlessDCGO/DCGO/Assets/Scripts/Script/CardController.cs:3222	/home/hg/git/headlessDCGO/src/HeadlessDCGO.Engine/Assets/Scripts/Script/CardController.cs:2518	added `EngineContext context = removeFieldPermanents[0].TopCard.Context` as service root	SUBSTRATE
DIFF	/home/hg/git/headlessDCGO/DCGO/Assets/Scripts/Script/CardController.cs:3212	/home/hg/git/headlessDCGO/src/HeadlessDCGO.Engine/Assets/Scripts/Script/CardController.cs:2522	SkillInfo `SkillInfo` → `CardEffectCommons.SkillInfo` (type relocated)	MIRROR
DIFF	/home/hg/git/headlessDCGO/DCGO/Assets/Scripts/Script/CardController.cs:3222	/home/hg/git/headlessDCGO/src/HeadlessDCGO.Engine/Assets/Scripts/Script/CardController.cs:2530	`GManager.instance.turnStateMachine.gameContext.Players_ForTurnPlayer` → `new GameContext(context).Players_ForTurnPlayer`	SUBSTRATE
DIFF	/home/hg/git/headlessDCGO/DCGO/Assets/Scripts/Script/CardController.cs:3264	/home/hg/git/headlessDCGO/src/HeadlessDCGO.Engine/Assets/Scripts/Script/CardController.cs:2562	`GManager.instance.autoProcessing_CutIn.PutStackedSkill` → `AutoProcessing.ForCutIn(context).PutStackedSkill`	SUBSTRATE
DIFF	/home/hg/git/headlessDCGO/DCGO/Assets/Scripts/Script/CardController.cs:3267	/home/hg/git/headlessDCGO/src/HeadlessDCGO.Engine/Assets/Scripts/Script/CardController.cs:2565	showEffect() local fn and its `if(showEffect())` display block (WillRemoveFieldObject, MoveToExecuteCardEffect, BrainStormCoroutine, shrink-security) removed; TriggeredSkillProcess kept unconditional	SUBSTRATE
DIFF	/home/hg/git/headlessDCGO/DCGO/Assets/Scripts/Script/CardController.cs:3360	/home/hg/git/headlessDCGO/src/HeadlessDCGO.Engine/Assets/Scripts/Script/CardController.cs:2584	OnLeaveFieldAnyone `GManager.instance.autoProcessing.StackSkillInfos` → `AutoProcessing.For(context).StackSkillInfos`	SUBSTRATE
DIFF	/home/hg/git/headlessDCGO/DCGO/Assets/Scripts/Script/CardController.cs:3391	/home/hg/git/headlessDCGO/src/HeadlessDCGO.Engine/Assets/Scripts/Script/CardController.cs:2615	AddLinkCard 2nd arg `_cardEffect` → `_cardEffect?.EffectSourceCard?.InstanceId`	SUBSTRATE
DIFF	/home/hg/git/headlessDCGO/DCGO/Assets/Scripts/Script/CardController.cs:3403	/home/hg/git/headlessDCGO/src/HeadlessDCGO.Engine/Assets/Scripts/Script/CardController.cs:2627	add-log (PlayLog.OnAddLog) and hide-icon (ShowCardEffect "Link Cards") blocks removed	SUBSTRATE
DIFF	ABSENT	/home/hg/git/headlessDCGO/src/HeadlessDCGO.Engine/Assets/Scripts/Script/CardController.cs:2629	added `_ = _notShowCards;` no-op discard (suppress unused-field warning), no AS-IS counterpart	INVENTED
DIFF	/home/hg/git/headlessDCGO/DCGO/Assets/Scripts/Script/CardController.cs:3456	/home/hg/git/headlessDCGO/src/HeadlessDCGO.Engine/Assets/Scripts/Script/CardController.cs:2666	LinkCard IEnumerator→async Task, yield return StartCoroutine(X)→await X, yield break→return	IRREDUCIBLE
DIFF	/home/hg/git/headlessDCGO/DCGO/Assets/Scripts/Script/CardController.cs:3458	/home/hg/git/headlessDCGO/src/HeadlessDCGO.Engine/Assets/Scripts/Script/CardController.cs:2672	added `EngineContext context = _linkCard.Context` as service root	SUBSTRATE
DIFF	/home/hg/git/headlessDCGO/DCGO/Assets/Scripts/Script/CardController.cs:3475	/home/hg/git/headlessDCGO/src/HeadlessDCGO.Engine/Assets/Scripts/Script/CardController.cs:2687	WhenWouldLink `GManager.instance.autoProcessing_CutIn.StackSkillInfos` → `AutoProcessing.ForCutIn(context).StackSkillInfos`	SUBSTRATE
DIFF	/home/hg/git/headlessDCGO/DCGO/Assets/Scripts/Script/CardController.cs:3490	/home/hg/git/headlessDCGO/src/HeadlessDCGO.Engine/Assets/Scripts/Script/CardController.cs:2702	`_linkCard.PermanentOfThisCard()` → `ICardEffect.ResolvePermanentOfThisCard(_linkCard)` (CardSource.PermanentOfThisCard bridge)	SUBSTRATE
DIFF	/home/hg/git/headlessDCGO/DCGO/Assets/Scripts/Script/CardController.cs:3492	/home/hg/git/headlessDCGO/src/HeadlessDCGO.Engine/Assets/Scripts/Script/CardController.cs:2704	AddLinkCard 2nd arg `_cardEffect` → `_cardEffect?.EffectSourceCard?.InstanceId`	SUBSTRATE
DIFF	/home/hg/git/headlessDCGO/DCGO/Assets/Scripts/Script/CardController.cs:3496	/home/hg/git/headlessDCGO/src/HeadlessDCGO.Engine/Assets/Scripts/Script/CardController.cs:2708	`_linkCard.Owner.UntilCalculateFixedCostEffect = ...` → `new Player(context, _linkCard.Owner).UntilCalculateFixedCostEffect = ...` (Owner is id, wrapped in mirror Player)	SUBSTRATE
DIFF	/home/hg/git/headlessDCGO/DCGO/Assets/Scripts/Script/CardController.cs:3519	/home/hg/git/headlessDCGO/src/HeadlessDCGO.Engine/Assets/Scripts/Script/CardController.cs:5884	PutSecurity IEnumerator→async Task with added CancellationToken param threaded through DiscardEvoRoots/RemoveField/AddSecurityCard/AddLibraryBottomCards/AddSecurity, yield break→return	IRREDUCIBLE
DIFF	/home/hg/git/headlessDCGO/DCGO/Assets/Scripts/Script/CardController.cs:3525	/home/hg/git/headlessDCGO/src/HeadlessDCGO.Engine/Assets/Scripts/Script/CardController.cs:5890	`_permanent.TopCard.Owner.CanAddSecurity(cardEffect)` → `new Player(...Context, ...Owner).CanAddSecurity(cardEffect?.EffectSourceCard?.InstanceId)` (Owner id wrapped in Player; param InstanceId not ICardEffect)	SUBSTRATE
DIFF	/home/hg/git/headlessDCGO/DCGO/Assets/Scripts/Script/AutoProcessing.cs:750	/home/hg/git/headlessDCGO/src/HeadlessDCGO.Engine/Assets/Scripts/Script/CardController.cs:5976	instance `autoProcessing_CutIn.HasAwaitingActivateEffects()` reimplemented as private static helper reading StackedSkillInfos (logic byte-identical to AutoProcessing.cs:750)	RELOCATED
DIFF	/home/hg/git/headlessDCGO/DCGO/Assets/Scripts/Script/CardController.cs:3542	/home/hg/git/headlessDCGO/src/HeadlessDCGO.Engine/Assets/Scripts/Script/CardController.cs:5907	ShowWillRemoveFieldEffect / ShrinkSecurityDigimonDisplay / HideWillRemoveFieldEffect removed inside the HasAwaitingActivateEffects branch (TriggeredSkillProcess kept)	SUBSTRATE
DIFF	/home/hg/git/headlessDCGO/DCGO/Assets/Scripts/Script/CardController.cs:3563	/home/hg/git/headlessDCGO/src/HeadlessDCGO.Engine/Assets/Scripts/Script/CardController.cs:5923	add-log (PlayLog.OnAddLog) block removed	SUBSTRATE
DIFF	/home/hg/git/headlessDCGO/DCGO/Assets/Scripts/Script/CardController.cs:3580	/home/hg/git/headlessDCGO/src/HeadlessDCGO.Engine/Assets/Scripts/Script/CardController.cs:5927	show-cards (ShowCardEffect "Security Top/Bottom Card") block removed	SUBSTRATE
DIFF	/home/hg/git/headlessDCGO/DCGO/Assets/Scripts/Script/CardController.cs:3618	/home/hg/git/headlessDCGO/src/HeadlessDCGO.Engine/Assets/Scripts/Script/CardController.cs:5954	AS-IS `AddSecurityCard(topCard, faceUp:_isFaceup)` (toTop default true) plus the `if(!_toTop){SecurityCards.Remove;SecurityCards.Add}` demote block collapsed to single `AddSecurityCard(topCard, toTop:_toTop, faceUp:_isFaceup)`; the two-step insert-top-then-reposition dropped	MIRROR
DIFF	/home/hg/git/headlessDCGO/DCGO/Assets/Scripts/Script/CardController.cs:3620	/home/hg/git/headlessDCGO/src/HeadlessDCGO.Engine/Assets/Scripts/Script/CardController.cs:5960	`topCard.SetReverse()`/`topCard.SetFace()` face restamp → `Headless.Runtime.SecurityFaceState.Stamp(repo, InstanceId, faceUp:_isFaceup)` (CardSource.SetReverse/SetFace absent in mirror)	SUBSTRATE
DIFF	/home/hg/git/headlessDCGO/DCGO/Assets/Scripts/Script/CardController.cs:3631	/home/hg/git/headlessDCGO/src/HeadlessDCGO.Engine/Assets/Scripts/Script/CardController.cs:5962	CreateRecoveryEffect(topCard.Owner) removed	SUBSTRATE
DIFF	/home/hg/git/headlessDCGO/DCGO/Assets/Scripts/Script/CardController.cs:3667	/home/hg/git/headlessDCGO/src/HeadlessDCGO.Engine/Assets/Scripts/Script/CardController.cs:6043	Destroy converted IEnumerator to async Task with CancellationToken, `yield break`→`return`, every `StartCoroutine(x)`→`await x`, DiscardEvoRoots/RemoveField/AddTrashCard gain cancellationToken arg	IRREDUCIBLE
DIFF	/home/hg/git/headlessDCGO/DCGO/Assets/Scripts/Script/CardController.cs:3709	/home/hg/git/headlessDCGO/src/HeadlessDCGO.Engine/Assets/Scripts/Script/CardController.cs:6085	cut-in `permanent.ShowDeleteEffect()` loop, `ShrinkSecurityDigimonDisplay()`, and `HideDeleteEffect()` loop removed (no Effects/Permanent UI service)	SUBSTRATE
DIFF	/home/hg/git/headlessDCGO/DCGO/Assets/Scripts/Script/CardController.cs:3787	/home/hg/git/headlessDCGO/src/HeadlessDCGO.Engine/Assets/Scripts/Script/CardController.cs:6152	"add log" region building Delete log and calling `PlayLog.OnAddLog?.Invoke` removed (no PlayLog service)	SUBSTRATE
DIFF	/home/hg/git/headlessDCGO/DCGO/Assets/Scripts/Script/CardController.cs:3807	/home/hg/git/headlessDCGO/src/HeadlessDCGO.Engine/Assets/Scripts/Script/CardController.cs:6152	"show cards" region computing destroyedCards and calling `Effects.ShowCardEffect(...)` removed (no Effects UI service)	SUBSTRATE
DIFF	/home/hg/git/headlessDCGO/DCGO/Assets/Scripts/Script/CardController.cs:3844	/home/hg/git/headlessDCGO/src/HeadlessDCGO.Engine/Assets/Scripts/Script/CardController.cs:6180	`Effects.DestroyPermanentEffect(permanent)` call removed (no Effects UI service)	SUBSTRATE
DIFF	/home/hg/git/headlessDCGO/DCGO/Assets/Scripts/Script/AutoProcessing.cs:750	/home/hg/git/headlessDCGO/src/HeadlessDCGO.Engine/Assets/Scripts/Script/CardController.cs:6213	added private static HasAwaitingActivateEffects; original calls instance method `autoProcessing_CutIn.HasAwaitingActivateEffects()` (AutoProcessing.cs:750), port inlines an identical copy and changes call site to `HasAwaitingActivateEffects(autoProcessing_CutIn)`	RELOCATED
DIFF	/home/hg/git/headlessDCGO/DCGO/Assets/Scripts/Script/CardController.cs:3891	/home/hg/git/headlessDCGO/src/HeadlessDCGO.Engine/Assets/Scripts/Script/CardController.cs:4660	SecurityCheck converted IEnumerator to async Task with CancellationToken, `yield break`→`return`, `StartCoroutine(x)`→`await x`, local AfterSelectIndexCoroutine IEnumerator→async Task with `yield return null`→`await Task.CompletedTask`	IRREDUCIBLE
DIFF	/home/hg/git/headlessDCGO/DCGO/Assets/Scripts/Script/CardController.cs:3920	/home/hg/git/headlessDCGO/src/HeadlessDCGO.Engine/Assets/Scripts/Script/CardController.cs:4689	`turnStateMachine.isSecurityCehck = true` assignment dropped; mirror TurnStateMachine omits the field though its sibling isExecuting was mirrored (only reader is NextPhaseButton UI)	MIRROR
DIFF	/home/hg/git/headlessDCGO/DCGO/Assets/Scripts/Script/CardController.cs:4226	/home/hg/git/headlessDCGO/src/HeadlessDCGO.Engine/Assets/Scripts/Script/CardController.cs:4995	`turnStateMachine.isSecurityCehck = false` assignment dropped	MIRROR
DIFF	/home/hg/git/headlessDCGO/DCGO/Assets/Scripts/Script/CardController.cs:3961	/home/hg/git/headlessDCGO/src/HeadlessDCGO.Engine/Assets/Scripts/Script/CardController.cs:4730	`PlayLog.OnAddLog?.Invoke(Security Check ...)` removed (no PlayLog service)	SUBSTRATE
DIFF	/home/hg/git/headlessDCGO/DCGO/Assets/Scripts/Script/CardController.cs:3965	/home/hg/git/headlessDCGO/src/HeadlessDCGO.Engine/Assets/Scripts/Script/CardController.cs:4738	`attackProcess.SecurityDigimon = brokenSecurityCard` changed to `= brokenSecurityCard.InstanceId` (mirror AttackProcess.SecurityDigimon is HeadlessEntityId? not a CardSource)	SUBSTRATE
DIFF	/home/hg/git/headlessDCGO/DCGO/Assets/Scripts/Script/CardController.cs:3970	/home/hg/git/headlessDCGO/src/HeadlessDCGO.Engine/Assets/Scripts/Script/CardController.cs:4743	effect block `securityObject.securityBreakGlass.ShowBlueMatarial()`, `Effects.BreakSecurityEffect`, `WaitForSeconds(0.1f)`, `Effects.EnterSecurityCardEffect` removed (no securityObject/Effects UI service)	SUBSTRATE
DIFF	/home/hg/git/headlessDCGO/DCGO/Assets/Scripts/Script/CardController.cs:3982	/home/hg/git/headlessDCGO/src/HeadlessDCGO.Engine/Assets/Scripts/Script/CardController.cs:4754	IReduceSecurity ctor `(player: brokenSecurityCard.Owner, refSkillInfos: ref triggeredSkillInfos, null)` changed to `(brokenSecurityCard.Context, brokenSecurityCard.Owner, refCollector: triggeredSkillInfos, cardEffect: null)` (Owner is HeadlessPlayerId, ref-param becomes list refCollector, added EngineContext)	SUBSTRATE
DIFF	/home/hg/git/headlessDCGO/DCGO/Assets/Scripts/Script/CardController.cs:4014	/home/hg/git/headlessDCGO/src/HeadlessDCGO.Engine/Assets/Scripts/Script/CardController.cs:4787	inside `if(!brokenSecurityCard.IsDigimon)` the `WaitForSeconds(0.3f)` + `Effects.ShrinkUpUseHandCard(...)` removed (no Effects UI service)	SUBSTRATE
DIFF	/home/hg/git/headlessDCGO/DCGO/Assets/Scripts/Script/CardController.cs:4020	/home/hg/git/headlessDCGO/src/HeadlessDCGO.Engine/Assets/Scripts/Script/CardController.cs:4792	`Effects.MoveToExecuteCardEffect(brokenSecurityCard)` + `player.brainStormObject.BrainStormCoroutine(...)` removed (no Effects/brainStormObject UI service)	SUBSTRATE
DIFF	/home/hg/git/headlessDCGO/DCGO/Assets/Scripts/Script/CardController.cs:4064	/home/hg/git/headlessDCGO/src/HeadlessDCGO.Engine/Assets/Scripts/Script/CardController.cs:4835	SelectCardEffect.SetUp arg `selectPlayer: player` changed to `selectPlayer: player.PlayerId` (SetUp takes HeadlessPlayerId not Player)	SUBSTRATE
DIFF	/home/hg/git/headlessDCGO/DCGO/Assets/Scripts/Script/CardController.cs:4177	/home/hg/git/headlessDCGO/src/HeadlessDCGO.Engine/Assets/Scripts/Script/CardController.cs:4949	`WaitForSeconds(0.3f)` before Battle removed (no frame clock)	SUBSTRATE
DIFF	/home/hg/git/headlessDCGO/DCGO/Assets/Scripts/Script/CardController.cs:4188	/home/hg/git/headlessDCGO/src/HeadlessDCGO.Engine/Assets/Scripts/Script/CardController.cs:4960	`brokenSecurityCard.Owner.brainStormObject.CloseBrainstrorm(...)` removed (no brainStormObject UI service)	SUBSTRATE
DIFF	/home/hg/git/headlessDCGO/DCGO/Assets/Scripts/Script/CardController.cs:4190	/home/hg/git/headlessDCGO/src/HeadlessDCGO.Engine/Assets/Scripts/Script/CardController.cs:4962	`brokenSecurityCard.Owner.ExecutingCards.Contains(...)` changed to `new Player(brokenSecurityCard.Context, brokenSecurityCard.Owner).ExecutingCards.Contains(...)` (Owner is HeadlessPlayerId id, wrapped into a Player view)	SUBSTRATE
DIFF	/home/hg/git/headlessDCGO/DCGO/Assets/Scripts/Script/CardController.cs:4194	/home/hg/git/headlessDCGO/src/HeadlessDCGO.Engine/Assets/Scripts/Script/CardController.cs:4966	`if(ShowUseHandCard.gameObject.activeSelf) ShrinkUpUseHandCard(...)` removed (no Effects UI service)	SUBSTRATE
DIFF	/home/hg/git/headlessDCGO/DCGO/Assets/Scripts/Script/CardController.cs:4200	/home/hg/git/headlessDCGO/src/HeadlessDCGO.Engine/Assets/Scripts/Script/CardController.cs:4969	`Effects.ShowUseHandCard.OffDP()` removed (no Effects UI service)	SUBSTRATE
DIFF	/home/hg/git/headlessDCGO/DCGO/Assets/Scripts/Script/CardController.cs:4244	/home/hg/git/headlessDCGO/src/HeadlessDCGO.Engine/Assets/Scripts/Script/CardController.cs:718	ctor1 param `Player player` changed to `EngineContext context, HeadlessPlayerId playerId` and adds `_causeEffectSourceId = cardEffect?.EffectSourceCard?.InstanceId`	SUBSTRATE
DIFF	/home/hg/git/headlessDCGO/DCGO/Assets/Scripts/Script/CardController.cs:4252	/home/hg/git/headlessDCGO/src/HeadlessDCGO.Engine/Assets/Scripts/Script/CardController.cs:730	ctor2 param `Player player` changed to `EngineContext context, HeadlessPlayerId playerId` and adds `_causeEffectSourceId = cardEffect?.EffectSourceCard?.InstanceId`	SUBSTRATE
DIFF	ABSENT	/home/hg/git/headlessDCGO/src/HeadlessDCGO.Engine/Assets/Scripts/Script/CardController.cs:746	extra field `HeadlessEntityId? _causeEffectSourceId` assigned in both ctors but never read (port comment :813 states the cause stamp is retired and MoveAsync passes Metadata:null)	INVENTED
DIFF	/home/hg/git/headlessDCGO/DCGO/Assets/Scripts/Script/CardController.cs:4261	/home/hg/git/headlessDCGO/src/HeadlessDCGO.Engine/Assets/Scripts/Script/CardController.cs:742	field `Player _player` replaced by `EngineContext _context` + `HeadlessPlayerId _playerId`	SUBSTRATE
DIFF	/home/hg/git/headlessDCGO/DCGO/Assets/Scripts/Script/CardController.cs:4263	/home/hg/git/headlessDCGO/src/HeadlessDCGO.Engine/Assets/Scripts/Script/CardController.cs:749	`public List<CardSource> DestroyedSecurity = new()` public field changed to get-only auto-property	MIRROR
DIFF	/home/hg/git/headlessDCGO/DCGO/Assets/Scripts/Script/CardController.cs:4268	/home/hg/git/headlessDCGO/src/HeadlessDCGO.Engine/Assets/Scripts/Script/CardController.cs:751	IsDestroyed `DestroyedSecurity.Contains(cardSource)` changed to `DestroyedSecurity.Any(d => d.InstanceId == cardSource.InstanceId)` (CardSource is a value wrapper recreated per access, no reference identity)	SUBSTRATE
DIFF	/home/hg/git/headlessDCGO/DCGO/Assets/Scripts/Script/CardController.cs:4273	/home/hg/git/headlessDCGO/src/HeadlessDCGO.Engine/Assets/Scripts/Script/CardController.cs:754	DestroySecurity converted IEnumerator to async Task with CancellationToken, `StartCoroutine(x)`→`await x`	IRREDUCIBLE
DIFF	/home/hg/git/headlessDCGO/DCGO/Assets/Scripts/Script/CardController.cs:4277	/home/hg/git/headlessDCGO/src/HeadlessDCGO.Engine/Assets/Scripts/Script/CardController.cs:760	StopDestroySecurity `_player.SecurityCards.Count == 0` changed to `zones.GetCards(_playerId, ChoiceZone.Security).Count == 0` via IZoneStateReader (no Player.SecurityCards)	SUBSTRATE
DIFF	/home/hg/git/headlessDCGO/DCGO/Assets/Scripts/Script/CardController.cs:4282	/home/hg/git/headlessDCGO/src/HeadlessDCGO.Engine/Assets/Scripts/Script/CardController.cs:765	`!_player.CanReduceSecurity()` changed to `!SecurityRuleGateSeam.CanReduceSecurity(_context, _playerId)` (rule relocated to substrate seam)	MIRROR
DIFF	/home/hg/git/headlessDCGO/DCGO/Assets/Scripts/Script/CardController.cs:4290	/home/hg/git/headlessDCGO/src/HeadlessDCGO.Engine/Assets/Scripts/Script/CardController.cs:773	outer guard `_player.SecurityCards.Count >= 1` changed to `zones.GetCards(_playerId, ChoiceZone.Security).Count >= 1`	SUBSTRATE
DIFF	ABSENT	/home/hg/git/headlessDCGO/src/HeadlessDCGO.Engine/Assets/Scripts/Script/CardController.cs:777	extra local `long securityLossBatchId = _context.NextSecurityLossBatchId()` computed but never consumed (MoveAsync passes Metadata:null; port comment :813 says the batch id is retired)	INVENTED
DIFF	/home/hg/git/headlessDCGO/DCGO/Assets/Scripts/Script/CardController.cs:4308	/home/hg/git/headlessDCGO/src/HeadlessDCGO.Engine/Assets/Scripts/Script/CardController.cs:791	inner guard and switch read `zones.GetCards(_playerId, Security)` and build `new CardSource(_context, security[i], _playerId, _playerId)` instead of indexing `_player.SecurityCards[i]`	SUBSTRATE
DIFF	/home/hg/git/headlessDCGO/DCGO/Assets/Scripts/Script/CardController.cs:4336	/home/hg/git/headlessDCGO/src/HeadlessDCGO.Engine/Assets/Scripts/Script/CardController.cs:811	effect block ShowBlueMatarial/BreakSecurityEffect/WaitForSeconds/EnterSecurityCardEffect/WaitForSeconds/DestroySecurityEffect removed (no securityObject/Effects UI service)	SUBSTRATE
DIFF	/home/hg/git/headlessDCGO/DCGO/Assets/Scripts/Script/CardController.cs:4350	/home/hg/git/headlessDCGO/src/HeadlessDCGO.Engine/Assets/Scripts/Script/CardController.cs:817	`CardObjectController.AddTrashCard(destroyedSecurityCard)` replaced by `_context.ZoneMover.MoveAsync(new ZoneMoveRequest(_playerId, card.InstanceId, ChoiceZone.Security, ChoiceZone.Trash, Metadata: null))` which hardcodes source zone Security whereas AddTrashCard derived it	SUBSTRATE
DIFF	/home/hg/git/headlessDCGO/DCGO/Assets/Scripts/Script/CardController.cs:4356	/home/hg/git/headlessDCGO/src/HeadlessDCGO.Engine/Assets/Scripts/Script/CardController.cs:825	`Effects.ShowCardEffect(discardedCards, "Discarded Cards", true, true)` removed (no Effects UI service)	SUBSTRATE
DIFF	/home/hg/git/headlessDCGO/DCGO/Assets/Scripts/Script/CardController.cs:4360	/home/hg/git/headlessDCGO/src/HeadlessDCGO.Engine/Assets/Scripts/Script/CardController.cs:832	IReduceSecurity ctor `(player: _player, refSkillInfos: ref ContinuousController.instance.nullSkillInfos, cardEffect: _cardEffect)` changed to `(_context, _playerId, refCollector: null, _cardEffect)` (Player→id, ref-nullSkillInfos sentinel becomes null collector)	SUBSTRATE
DIFF	/home/hg/git/headlessDCGO/DCGO/Assets/Scripts/Script/CardController.cs:4382	/home/hg/git/headlessDCGO/src/HeadlessDCGO.Engine/Assets/Scripts/Script/CardController.cs:847	"add log" region (modeString switch + `PlayLog.OnAddLog?.Invoke`) removed (no PlayLog service)	SUBSTRATE
DIFF	/home/hg/git/headlessDCGO/DCGO/Assets/Scripts/Script/CardSource.cs:2707	/home/hg/git/headlessDCGO/src/HeadlessDCGO.Engine/Assets/Scripts/Script/CardController.cs:4536	port-only extension JogressConditionOf mirrors AS-IS CardSource.jogressCondition property (CardSource.cs:2707) verbatim, only `EffectList`→`card.EffectList`/`this`→`card`	RELOCATED
DIFF	/home/hg/git/headlessDCGO/DCGO/Assets/Scripts/Script/CardSource.cs:2987	/home/hg/git/headlessDCGO/src/HeadlessDCGO.Engine/Assets/Scripts/Script/CardController.cs:4551	port-only extension BurstDigivolutionConditionOf mirrors AS-IS CardSource.burstDigivolutionCondition property (CardSource.cs:2987) verbatim	RELOCATED
DIFF	/home/hg/git/headlessDCGO/DCGO/Assets/Scripts/Script/CardSource.cs:2959	/home/hg/git/headlessDCGO/src/HeadlessDCGO.Engine/Assets/Scripts/Script/CardController.cs:4574	port-only extension DigiXrosConditionOf mirrors AS-IS CardSource.digiXrosCondition property (CardSource.cs:2959) verbatim	RELOCATED
DIFF	/home/hg/git/headlessDCGO/DCGO/Assets/Scripts/Script/CardSource.cs:2569	/home/hg/git/headlessDCGO/src/HeadlessDCGO.Engine/Assets/Scripts/Script/CardController.cs:4597	port-only extension HasDigiXros mirrors AS-IS CardSource.HasDigiXros (CardSource.cs:2569 `digiXrosCondition != null`) as `card.DigiXrosConditionOf() != null`	RELOCATED
DIFF	/home/hg/git/headlessDCGO/DCGO/Assets/Scripts/Script/CardSource.cs:3488	/home/hg/git/headlessDCGO/src/HeadlessDCGO.Engine/Assets/Scripts/Script/CardController.cs:4601	port-only extension IsPermanent corresponds to AS-IS CardSource.IsPermanent (CardSource.cs:3488 delegating to CEntity_Base.IsPermanent = Digimon||Tamer||DigiEgg) but re-expressed as `card.IsDigimon || card.IsTamer || card.IsDigiEgg` (no _cEntity_Base on mirror; equivalent)	RELOCATED
DIFF	/home/hg/git/headlessDCGO/DCGO/Assets/Scripts/Script/CardSource.cs:757	/home/hg/git/headlessDCGO/src/HeadlessDCGO.Engine/Assets/Scripts/Script/CardController.cs:4606	port-only extension BasePlayCostFromEntity corresponds to AS-IS CardSource.BasePlayCostFromEntity (CardSource.cs:757 returns `_cEntity_Base.PlayCost`) but returns `card.GetCostItself`, which in the mirror is `Definition?.PlayCost ?? 0` (same raw printed cost, equivalent)	RELOCATED
DIFF	/home/hg/git/headlessDCGO/DCGO/Assets/Scripts/Script/CardController.cs:4469	/home/hg/git/headlessDCGO/src/HeadlessDCGO.Engine/Assets/Scripts/Script/CardController.cs:5046	`Mathf.Clamp(statCheck,-1,1)` changed to `Math.Clamp(...)` (UnityEngine Mathf unavailable, identical int semantics)	IRREDUCIBLE
DIFF	/home/hg/git/headlessDCGO/DCGO/Assets/Scripts/Script/CardController.cs:4503	/home/hg/git/headlessDCGO/src/HeadlessDCGO.Engine/Assets/Scripts/Script/CardController.cs:5102	four `AttackingPermanent.battle=this`/`DefendingPermanent.battle=this` writes (and the =null resets at AS-IS:4763-4771) omitted; mirror Permanent lacks the `battle` auto-property present at AS-IS Permanent.cs:3182	SUBSTRATE
DIFF	/home/hg/git/headlessDCGO/DCGO/Assets/Scripts/Script/CardController.cs:4518	/home/hg/git/headlessDCGO/src/HeadlessDCGO.Engine/Assets/Scripts/Script/CardController.cs:5110	PlayLog log-string build and `PlayLog.OnAddLog?.Invoke(log)` (4518-4530) removed as UI logging	SUBSTRATE
DIFF	/home/hg/git/headlessDCGO/DCGO/Assets/Scripts/Script/CardController.cs:4541	/home/hg/git/headlessDCGO/src/HeadlessDCGO.Engine/Assets/Scripts/Script/CardController.cs:5121	snapshot constructor `new Permanent(permanent.cardSources)` changed to `new Permanent(context, InstanceId, OwnerId)` at all four snapshot sites (4541/4549/4682/4690); mirror Permanent has no cardSources ctor	SUBSTRATE
DIFF	/home/hg/git/headlessDCGO/DCGO/Assets/Scripts/Script/CardController.cs:4561	/home/hg/git/headlessDCGO/src/HeadlessDCGO.Engine/Assets/Scripts/Script/CardController.cs:5137	`ShowEffect()` local function plus BrainStorm/MoveToExecuteCardEffect display block (4561-4595) removed as UI	SUBSTRATE
DIFF	/home/hg/git/headlessDCGO/DCGO/Assets/Scripts/Script/CardController.cs:4703	/home/hg/git/headlessDCGO/src/HeadlessDCGO.Engine/Assets/Scripts/Script/CardController.cs:5246	`Effects.BattleEffect(WinnerPermanents,LoserPermanents,LoserCard)` coroutine call removed as UI	SUBSTRATE
DIFF	/home/hg/git/headlessDCGO/DCGO/Assets/Scripts/Script/CardController.cs:4722	/home/hg/git/headlessDCGO/src/HeadlessDCGO.Engine/Assets/Scripts/Script/CardController.cs:5263	move-up region `if(ShowEffect()) ShrinkSecurityDigimonDisplay()` (4720-4727) removed as UI	SUBSTRATE
DIFF	/home/hg/git/headlessDCGO/DCGO/Assets/Scripts/Script/CardController.cs:4731	/home/hg/git/headlessDCGO/src/HeadlessDCGO.Engine/Assets/Scripts/Script/CardController.cs:5269	Pierce filter `.Filter(predicate)` changed to `.Where(predicate).ToList()`; AS-IS Filter extension (IEnumerableExtension.cs:44) not used, functionally equivalent	MIRROR
DIFF	/home/hg/git/headlessDCGO/DCGO/Assets/Scripts/Script/CardController.cs:4788	/home/hg/git/headlessDCGO/src/HeadlessDCGO.Engine/Assets/Scripts/Script/CardController.cs:874	constructor adds `HeadlessEntityId? causeEffectSourceId` param and `_causeEffectSourceId` field and makes cardEffect an optional trailing param; cause identity threaded as an id instead of via _cardEffect	SUBSTRATE
DIFF	/home/hg/git/headlessDCGO/DCGO/Assets/Scripts/Script/CardController.cs:4803	/home/hg/git/headlessDCGO/src/HeadlessDCGO.Engine/Assets/Scripts/Script/CardController.cs:894	two guards `_cardEffect==null`/`_cardEffect.EffectSourceCard==null` (4803-4804) collapsed into id-presence guard `_causeEffectSourceId is not { IsEmpty:false }`	SUBSTRATE
DIFF	/home/hg/git/headlessDCGO/DCGO/Assets/Scripts/Script/CardController.cs:4807	/home/hg/git/headlessDCGO/src/HeadlessDCGO.Engine/Assets/Scripts/Script/CardController.cs:900	`_permanent.ImmuneFromDeDigivolve()` (pure continuous-effect scan at Permanent.cs:826) rehomed to static `ImmuneFromDeDigivolve(context,id)` which still calls the instance scan but ORs an extra check ahead of it	SUBSTRATE
DIFF	ABSENT	/home/hg/git/headlessDCGO/src/HeadlessDCGO.Engine/Assets/Scripts/Script/CardController.cs:987	extra `record.Metadata[CannotBeDeDigivolvedKey] is true` static-stamp OR-branch inside ImmuneFromDeDigivolve; AS-IS Permanent.ImmuneFromDeDigivolve is the live scan only, no static stamp exists in DCGO (grep CannotBeDeDigivolve = 0 hits)	INVENTED
DIFF	/home/hg/git/headlessDCGO/DCGO/Assets/Scripts/Script/CardController.cs:4813	/home/hg/git/headlessDCGO/src/HeadlessDCGO.Engine/Assets/Scripts/Script/CardController.cs:913	SelectCountEffect interactive count-choice block (4813-4835, sets `_degenerationCount=count`) replaced by no-op stub `if(_degenerationCountRuling is null){ _=maxCount; }` (design item MIG3-DEGEN-COUNTSELECT)	MIRROR
DIFF	/home/hg/git/headlessDCGO/DCGO/Assets/Scripts/Script/CardController.cs:4852	/home/hg/git/headlessDCGO/src/HeadlessDCGO.Engine/Assets/Scripts/Script/CardController.cs:939	StopCondition Level==3 branch drops inner `_permanent.TopCard != null` null-guard: nested `if(Level==3){if(TopCard!=null){if(TopCard.HasLevel)}}` flattened to `Level==3 && current.TopCard.HasLevel`	MIRROR
DIFF	/home/hg/git/headlessDCGO/DCGO/Assets/Scripts/Script/CardController.cs:4843	/home/hg/git/headlessDCGO/src/HeadlessDCGO.Engine/Assets/Scripts/Script/CardController.cs:933	loop reads live `_permanent.TopCard` each iteration; port pins a `new Permanent(context,currentTopId,OwnerId)` view and walks currentTopId via NextPromotedSourceId + ArmorPurgeTopAsync return; mirror Permanent is an id-pinned view not a live mutating object	SUBSTRATE
DIFF	/home/hg/git/headlessDCGO/DCGO/Assets/Scripts/Script/CardController.cs:4876	/home/hg/git/headlessDCGO/src/HeadlessDCGO.Engine/Assets/Scripts/Script/CardController.cs:942	first-iteration `if(count==0) Effects.CreateDebuffEffect(_permanent)` removed as UI	SUBSTRATE
DIFF	/home/hg/git/headlessDCGO/DCGO/Assets/Scripts/Script/CardController.cs:4887	/home/hg/git/headlessDCGO/src/HeadlessDCGO.Engine/Assets/Scripts/Script/CardController.cs:954	`RemoveFromAllArea(cardSource)` + `if(!IsToken) AddTrashCard(cardSource)` (4887-4892) replaced by single `Permanent.ArmorPurgeTopAsync(...)` ZoneMover call; isToken guard preserved inside (Permanent.cs:5459 isToken?None:Trash)	SUBSTRATE
DIFF	/home/hg/git/headlessDCGO/DCGO/Assets/Scripts/Script/CardController.cs:4894	/home/hg/git/headlessDCGO/src/HeadlessDCGO.Engine/Assets/Scripts/Script/CardController.cs:960	`_permanent.ShowingPermanentCard.ShowPermanentData(true)` removed as UI	SUBSTRATE
DIFF	/home/hg/git/headlessDCGO/DCGO/Assets/Scripts/Script/CardController.cs:4895	/home/hg/git/headlessDCGO/src/HeadlessDCGO.Engine/Assets/Scripts/Script/CardController.cs:960	`Effects.RemoveDigivolveRootEffect(cardSource,_permanent)` removed; body (Effects.cs:2162) is DOTween/transform animation only, UI	SUBSTRATE
DIFF	/home/hg/git/headlessDCGO/DCGO/Assets/Scripts/Script/CardController.cs:4897	/home/hg/git/headlessDCGO/src/HeadlessDCGO.Engine/Assets/Scripts/Script/CardController.cs:960	`_permanent.TopCard.SetChangedLocationTime()` (timestamp for continuous-effect start) not ported (design item MIG3-LOCATIONTIME)	MIRROR
DIFF	/home/hg/git/headlessDCGO/DCGO/Assets/Scripts/Script/CardController.cs:4919	/home/hg/git/headlessDCGO/src/HeadlessDCGO.Engine/Assets/Scripts/Script/CardController.cs:979	De-Digivolve add-log region (4919-4940) removed as UI	SUBSTRATE
DIFF	ABSENT	/home/hg/git/headlessDCGO/src/HeadlessDCGO.Engine/Assets/Scripts/Script/CardController.cs:994	extra static helper `NextPromotedSourceId(context,topId)` returning current top's DigivolutionCards[0].InstanceId as the promotion target for the pinned-view walk; no counterpart in DCGO (grep NextPromotedSourceId = 0 hits), AS-IS promotes implicitly via the live object	INVENTED
DIFF	/home/hg/git/headlessDCGO/DCGO/Assets/Scripts/Script/CardController.cs:4955	/home/hg/git/headlessDCGO/src/HeadlessDCGO.Engine/Assets/Scripts/Script/CardController.cs:1016	ctor gains `HeadlessEntityId? causeEffectSourceId` param (cause identified by source-entity id) alongside the retained `_cardEffect`	SUBSTRATE
DIFF	/home/hg/git/headlessDCGO/DCGO/Assets/Scripts/Script/CardController.cs:4970	/home/hg/git/headlessDCGO/src/HeadlessDCGO.Engine/Assets/Scripts/Script/CardController.cs:1037	two guards `_cardEffect==null` + `_cardEffect.EffectSourceCard==null` collapsed into one `_causeEffectSourceId is not {IsEmpty:false}` check	SUBSTRATE
DIFF	/home/hg/git/headlessDCGO/DCGO/Assets/Scripts/Script/CardController.cs:4968	/home/hg/git/headlessDCGO/src/HeadlessDCGO.Engine/Assets/Scripts/Script/CardController.cs:1041	added EngineContext extraction from first non-null permanent (with early return if all null)	SUBSTRATE
DIFF	/home/hg/git/headlessDCGO/DCGO/Assets/Scripts/Script/CardController.cs:4977	/home/hg/git/headlessDCGO/src/HeadlessDCGO.Engine/Assets/Scripts/Script/CardController.cs:1116	ValidTarget immune check wraps `permanent.ImmuneFromDeDigivolve()` in a static helper that first ORs an extra `Permanent.CannotBeDeDigivolvedKey` metadata pre-check absent from original	SUBSTRATE
DIFF	/home/hg/git/headlessDCGO/DCGO/Assets/Scripts/Script/CardController.cs:5064	/home/hg/git/headlessDCGO/src/HeadlessDCGO.Engine/Assets/Scripts/Script/CardController.cs:1077	loop rebuilds `new Permanent(context, currentTopId, ownerId)` each iteration via NextPromotedSourceId walk instead of re-reading `_permanent.TopCard`	SUBSTRATE
DIFF	/home/hg/git/headlessDCGO/DCGO/Assets/Scripts/Script/CardController.cs:5064	/home/hg/git/headlessDCGO/src/HeadlessDCGO.Engine/Assets/Scripts/Script/CardController.cs:1090	`RemoveFromAllArea(cardSource)` + `if(!IsToken) AddTrashCard(cardSource)` replaced by single `Permanent.ArmorPurgeTopAsync(...)`	SUBSTRATE
DIFF	/home/hg/git/headlessDCGO/DCGO/Assets/Scripts/Script/CardController.cs:5074	/home/hg/git/headlessDCGO/src/HeadlessDCGO.Engine/Assets/Scripts/Script/CardController.cs:1096	`_permanent.TopCard.SetChangedLocationTime()` dropped (design item MIG3-LOCATIONTIME, no headless timestamp facility)	SUBSTRATE
DIFF	/home/hg/git/headlessDCGO/DCGO/Assets/Scripts/Script/CardController.cs:5129	/home/hg/git/headlessDCGO/src/HeadlessDCGO.Engine/Assets/Scripts/Script/CardController.cs:1146	ctor gains `causeEffectSourceId`; `_cardEffect==null` guard becomes an id gate	SUBSTRATE
DIFF	/home/hg/git/headlessDCGO/DCGO/Assets/Scripts/Script/CardController.cs:5140	/home/hg/git/headlessDCGO/src/HeadlessDCGO.Engine/Assets/Scripts/Script/CardController.cs:1154	IsTrashed `TrashedCards.Contains(cardSource)` becomes `.Any(t=>t.InstanceId==cardSource.InstanceId)`	SUBSTRATE
DIFF	/home/hg/git/headlessDCGO/DCGO/Assets/Scripts/Script/CardController.cs:5151	/home/hg/git/headlessDCGO/src/HeadlessDCGO.Engine/Assets/Scripts/Script/CardController.cs:1167	guard `_cardEffect==null` replaced by `_causeEffectSourceId is not {IsEmpty:false} causeId`	SUBSTRATE
DIFF	/home/hg/git/headlessDCGO/DCGO/Assets/Scripts/Script/CardController.cs:5160	/home/hg/git/headlessDCGO/src/HeadlessDCGO.Engine/Assets/Scripts/Script/CardController.cs:1289	`cardSource.CanNotTrashFromDigivolutionCards(_cardEffect)` wrapped in static helper that first ORs an extra `CardEffectCommons.TrashProtectedKey` metadata pre-check absent from original	SUBSTRATE
DIFF	/home/hg/git/headlessDCGO/DCGO/Assets/Scripts/Script/CardController.cs:5164	/home/hg/git/headlessDCGO/src/HeadlessDCGO.Engine/Assets/Scripts/Script/CardController.cs:1301	`source.willBeRemoveSources = true` instance flag becomes metadata write via SetWillBeRemoveSources/ReadWillBeRemoveSources	SUBSTRATE
DIFF	/home/hg/git/headlessDCGO/DCGO/Assets/Scripts/Script/CardController.cs:5183	/home/hg/git/headlessDCGO/src/HeadlessDCGO.Engine/Assets/Scripts/Script/CardController.cs:1210	cut-in uses `AutoProcessing.ForCutIn(context)` instead of shared `GManager.instance.autoProcessing_CutIn`; `ShrinkSecurityDigimonDisplay()` call dropped	SUBSTRATE
DIFF	/home/hg/git/headlessDCGO/DCGO/Assets/Scripts/Script/CardController.cs:5232	/home/hg/git/headlessDCGO/src/HeadlessDCGO.Engine/Assets/Scripts/Script/CardController.cs:1256	willBeRemoveSources clear moved from AFTER removal (:5232) to BEFORE the removal helper	SUBSTRATE
DIFF	/home/hg/git/headlessDCGO/DCGO/Assets/Scripts/Script/CardController.cs:5219	/home/hg/git/headlessDCGO/src/HeadlessDCGO.Engine/Assets/Scripts/Script/CardController.cs:1264	AceOverflow + RemoveFromAllArea + AddTrashCard(IsToken) loop replaced by `Permanent.TrashSpecificSourcesAsync`, which applies overflow over the FIXED list rather than the ORIG unfixed `_trashTargetCards`	MIRROR
DIFF	/home/hg/git/headlessDCGO/DCGO/Assets/Scripts/Script/CardController.cs:5244	/home/hg/git/headlessDCGO/src/HeadlessDCGO.Engine/Assets/Scripts/Script/CardController.cs:1347	ctor gains `causeEffectSourceId`; `.Clone()` becomes null-guarded copy	SUBSTRATE
DIFF	/home/hg/git/headlessDCGO/DCGO/Assets/Scripts/Script/CardController.cs:5255	/home/hg/git/headlessDCGO/src/HeadlessDCGO.Engine/Assets/Scripts/Script/CardController.cs:1357	IsTrashed `TrashedLinkCards.Contains` becomes `.Any(InstanceId==)`	SUBSTRATE
DIFF	/home/hg/git/headlessDCGO/DCGO/Assets/Scripts/Script/CardController.cs:5268	/home/hg/git/headlessDCGO/src/HeadlessDCGO.Engine/Assets/Scripts/Script/CardController.cs:1377	guard `_cardEffect != null && ...` becomes `_causeEffectSourceId is {} causeId && !causeId.IsEmpty && ...`	SUBSTRATE
DIFF	/home/hg/git/headlessDCGO/DCGO/Assets/Scripts/Script/CardController.cs:5276	/home/hg/git/headlessDCGO/src/HeadlessDCGO.Engine/Assets/Scripts/Script/CardController.cs:1460	`willBeRemoveSources` flag becomes metadata via WillBeRemoveSourcesKey/Set/ReadWillBeRemoveSources	SUBSTRATE
DIFF	/home/hg/git/headlessDCGO/DCGO/Assets/Scripts/Script/CardController.cs:5295	ABSENT	live `if(autoProcessing_CutIn.HasAwaitingActivateEffects()){...TriggeredSkillProcess(false,HasExecutedSameEffect)}` drain block (executable in original, only the StackSkillInfos push is commented out) dropped entirely, reduced to a comment	MIRROR
DIFF	/home/hg/git/headlessDCGO/DCGO/Assets/Scripts/Script/CardController.cs:5354	/home/hg/git/headlessDCGO/src/HeadlessDCGO.Engine/Assets/Scripts/Script/CardController.cs:1505	ctor `Hashtable hashtable` replaced by `causeEffectSourceId` + `cardEffect`; the run-time `GetCardEffectFromHashtable(_hashtable)` (:5377) indirection dropped	SUBSTRATE
DIFF	/home/hg/git/headlessDCGO/DCGO/Assets/Scripts/Script/CardController.cs:5379	/home/hg/git/headlessDCGO/src/HeadlessDCGO.Engine/Assets/Scripts/Script/CardController.cs:1536	CanNotBeAffected gate `CardEffect != null && ...` becomes `_causeEffectSourceId is {IsEmpty:false} && ...`	SUBSTRATE
DIFF	/home/hg/git/headlessDCGO/DCGO/Assets/Scripts/Script/CardController.cs:5404	/home/hg/git/headlessDCGO/src/HeadlessDCGO.Engine/Assets/Scripts/Script/CardController.cs:1562	`AddLibraryBottomCards(_cardSources)` batch call becomes per-card loop of `Permanent.PlaySpecificSourceAsync(..., ChoiceZone.Library, ...)`	SUBSTRATE
DIFF	/home/hg/git/headlessDCGO/DCGO/Assets/Scripts/Script/CardController.cs:5414	/home/hg/git/headlessDCGO/src/HeadlessDCGO.Engine/Assets/Scripts/Script/CardController.cs:1596	ctor `(Player, ref List<SkillInfo>, ICardEffect)` becomes `(EngineContext, HeadlessPlayerId, List<SkillInfo>?, ICardEffect?)` — `ref` and `Player` substituted	SUBSTRATE
DIFF	/home/hg/git/headlessDCGO/DCGO/Assets/Scripts/Script/CardController.cs:5435	/home/hg/git/headlessDCGO/src/HeadlessDCGO.Engine/Assets/Scripts/Script/CardController.cs:1617	hashtable "Player" value built via `new Player(_context, _playerId)` instead of the passed Player	SUBSTRATE
DIFF	/home/hg/git/headlessDCGO/DCGO/Assets/Scripts/Script/CardController.cs:5466	/home/hg/git/headlessDCGO/src/HeadlessDCGO.Engine/Assets/Scripts/Script/CardController.cs:1669	`_player` field type `Player` becomes `HeadlessPlayerId` (from source.Owner)	SUBSTRATE
DIFF	/home/hg/git/headlessDCGO/DCGO/Assets/Scripts/Script/CardController.cs:5494	/home/hg/git/headlessDCGO/src/HeadlessDCGO.Engine/Assets/Scripts/Script/CardController.cs:1690	face-up test `!_cardSource.IsFlipped` becomes `SecurityFaceState.IsFaceUpInSecurity(context, InstanceId)`	SUBSTRATE
DIFF	/home/hg/git/headlessDCGO/DCGO/Assets/Scripts/Script/CardController.cs:5529	/home/hg/git/headlessDCGO/src/HeadlessDCGO.Engine/Assets/Scripts/Script/CardController.cs:1740	entry guard `!_player.SecurityCards.Contains(_cardSource) || !_cardSource.IsFlipped` becomes `!zones.GetCards(_player,Security).Contains(InstanceId) || IsFaceUpInSecurity(...)`	SUBSTRATE
DIFF	/home/hg/git/headlessDCGO/DCGO/Assets/Scripts/Script/CardController.cs:5532	/home/hg/git/headlessDCGO/src/HeadlessDCGO.Engine/Assets/Scripts/Script/CardController.cs:1747	`_cardSource.SetFace()` becomes `SecurityFaceState.Stamp(repo, InstanceId, faceUp:true)`	SUBSTRATE
DIFF	/home/hg/git/headlessDCGO/DCGO/Assets/Scripts/Script/CardController.cs:5560	/home/hg/git/headlessDCGO/src/HeadlessDCGO.Engine/Assets/Scripts/Script/CardController.cs:1794	ctor `Hashtable hashtable` replaced by `(ICardEffect? cardEffect, bool isBlock)`; the `IsAttack` extraction (read at :5583, never used) is dropped	SUBSTRATE
DIFF	/home/hg/git/headlessDCGO/DCGO/Assets/Scripts/Script/CardController.cs:5568	/home/hg/git/headlessDCGO/src/HeadlessDCGO.Engine/Assets/Scripts/Script/CardController.cs:1805	IsSuspended `SuspendedPermanents.Contains` becomes `.Any(InstanceId==)`	SUBSTRATE
DIFF	/home/hg/git/headlessDCGO/DCGO/Assets/Scripts/Script/CardController.cs:5603	/home/hg/git/headlessDCGO/src/HeadlessDCGO.Engine/Assets/Scripts/Script/CardController.cs:1833	PermanentCondition gate `CardEffect != null` becomes `_causeEffectSourceId is {IsEmpty:false}`	SUBSTRATE
DIFF	/home/hg/git/headlessDCGO/DCGO/Assets/Scripts/Script/CardController.cs:5618	/home/hg/git/headlessDCGO/src/HeadlessDCGO.Engine/Assets/Scripts/Script/CardController.cs:1854	`permanent.IsSuspended = true` property set becomes SetIsSuspended metadata write (Permanent.IsSuspendedKey)	SUBSTRATE
DIFF	/home/hg/git/headlessDCGO/DCGO/Assets/Scripts/Script/CardController.cs:5620	/home/hg/git/headlessDCGO/src/HeadlessDCGO.Engine/Assets/Scripts/Script/CardController.cs:1857	`permanent.DPWhenSuspended = permanent.DP` becomes SetDpWhenSuspended metadata write under new DpWhenSuspendedKey	SUBSTRATE
DIFF	/home/hg/git/headlessDCGO/DCGO/Assets/Scripts/Script/CardController.cs:5616	/home/hg/git/headlessDCGO/src/HeadlessDCGO.Engine/Assets/Scripts/Script/CardController.cs:1851	added defensive `if (permanent == null) continue;` in suspend loop (original would NPE)	MIRROR
DIFF	/home/hg/git/headlessDCGO/DCGO/Assets/Scripts/Script/CardController.cs:5663	/home/hg/git/headlessDCGO/src/HeadlessDCGO.Engine/Assets/Scripts/Script/CardController.cs:1929	ctor derives `_causeEffectSourceId = cardEffect?.EffectSourceCard?.InstanceId`; permanents null-guarded	SUBSTRATE
DIFF	/home/hg/git/headlessDCGO/DCGO/Assets/Scripts/Script/CardController.cs:5679	/home/hg/git/headlessDCGO/src/HeadlessDCGO.Engine/Assets/Scripts/Script/CardController.cs:1958	`permanent.CanUnsuspend` property becomes `CardEffectCommons.CanUnsuspend(permanent)`	SUBSTRATE
DIFF	/home/hg/git/headlessDCGO/DCGO/Assets/Scripts/Script/CardController.cs:5680	/home/hg/git/headlessDCGO/src/HeadlessDCGO.Engine/Assets/Scripts/Script/CardController.cs:1960	CanNotBeAffected gate `_cardEffect == null || ...` becomes `_causeEffectSourceId is not {IsEmpty:false} || ...`	SUBSTRATE
DIFF	/home/hg/git/headlessDCGO/DCGO/Assets/Scripts/Script/CardController.cs:5700	/home/hg/git/headlessDCGO/src/HeadlessDCGO.Engine/Assets/Scripts/Script/CardController.cs:1988	cut-in push/drain uses `AutoProcessing.ForCutIn(context)` instead of shared `autoProcessing_CutIn`	SUBSTRATE
DIFF	/home/hg/git/headlessDCGO/DCGO/Assets/Scripts/Script/CardController.cs:5734	/home/hg/git/headlessDCGO/src/HeadlessDCGO.Engine/Assets/Scripts/Script/CardController.cs:2005	`permanent.IsSuspended = false` property set becomes SetIsSuspended metadata write	SUBSTRATE
DIFF	/home/hg/git/headlessDCGO/DCGO/Assets/Scripts/Script/CardController.cs:5769	/home/hg/git/headlessDCGO/src/HeadlessDCGO.Engine/Assets/Scripts/Script/CardController.cs:2064	ctor derives `_causeEffectSourceId` from cardEffect	SUBSTRATE
DIFF	/home/hg/git/headlessDCGO/DCGO/Assets/Scripts/Script/CardController.cs:5790	/home/hg/git/headlessDCGO/src/HeadlessDCGO.Engine/Assets/Scripts/Script/CardController.cs:2078	`cardSource.Owner.LibraryCards.Contains(cardSource)` becomes `zones.GetCards(Owner,Library).Contains(InstanceId)`	SUBSTRATE
DIFF	/home/hg/git/headlessDCGO/DCGO/Assets/Scripts/Script/CardController.cs:5800	/home/hg/git/headlessDCGO/src/HeadlessDCGO.Engine/Assets/Scripts/Script/CardController.cs:2094	`AddTrashCard(cardSource)` becomes `ZoneMover.TrashCardAsync(Owner, InstanceId, discardBatchId, causeId)` with a shared NextDiscardBatchId	SUBSTRATE
DIFF	/home/hg/git/headlessDCGO/DCGO/Assets/Scripts/Script/CardController.cs:5839	/home/hg/git/headlessDCGO/src/HeadlessDCGO.Engine/Assets/Scripts/Script/CardController.cs:2157	filter first clause `cardSource.IsACE && !cardSource.IsFlipped` becomes `OverflowFor(context,cardSource) > 0`, excluding a battle-area ACE with OverflowMemory 0 that the original includes	MIRROR
DIFF	/home/hg/git/headlessDCGO/DCGO/Assets/Scripts/Script/CardController.cs:5847	/home/hg/git/headlessDCGO/src/HeadlessDCGO.Engine/Assets/Scripts/Script/CardController.cs:2197	OverflowFor applies `Math.Max(0, OverflowMemory)` clamp; original reads `cardSource.OverflowMemory` unclamped	MIRROR
DIFF	/home/hg/git/headlessDCGO/DCGO/Assets/Scripts/Script/CardController.cs:5845	/home/hg/git/headlessDCGO/src/HeadlessDCGO.Engine/Assets/Scripts/Script/CardController.cs:2167	`cardSource.Owner.AddMemory(-cardSource.OverflowMemory, null)` becomes `context.MemoryController.Add(MemoryDelta(overflow, owner, turnPlayer))` deriving a turn-player-relative sign (single-signed gauge)	SUBSTRATE
DIFF	/home/hg/git/headlessDCGO/DCGO/Assets/Scripts/Script/CardController.cs:5845	/home/hg/git/headlessDCGO/src/HeadlessDCGO.Engine/Assets/Scripts/Script/CardController.cs:2165	memory adjustment now guarded by `if (overflow > 0)`; original calls AddMemory unconditionally for every filtered card	MIRROR
DIFF	/home/hg/git/headlessDCGO/DCGO/Assets/Scripts/Script/CardController.cs:5837	/home/hg/git/headlessDCGO/src/HeadlessDCGO.Engine/Assets/Scripts/Script/CardController.cs:2145	added `if (_cardSources.Count == 0) return;` early-out (needed for `_cardSources[0].Context`)	SUBSTRATE
DIFF	/home/hg/git/headlessDCGO/DCGO/Assets/Scripts/Script/CardController.cs:5839	/home/hg/git/headlessDCGO/src/HeadlessDCGO.Engine/Assets/Scripts/Script/CardController.cs:2178	`IsACE`/`OverflowMemory`/`IsFlipped` properties become metadata reads via IsAceKey/OverflowMemoryKey/IsFlippedKey (ReadBool/ReadInt)	SUBSTRATE
DIFF	/home/hg/git/headlessDCGO/DCGO/Assets/Scripts/Script/CardController.cs:5840	/home/hg/git/headlessDCGO/src/HeadlessDCGO.Engine/Assets/Scripts/Script/CardController.cs:2159	OrderBy turn-player key adds `turnPlayer is {} tp && ...` null-fallback (all-equal ordering) absent from original which always has a TurnPlayer	SUBSTRATE
DIFF	/home/hg/git/headlessDCGO/DCGO/Assets/Scripts/Script/CardController.cs:5867	/home/hg/git/headlessDCGO/src/HeadlessDCGO.Engine/Assets/Scripts/Script/CardController.cs:2732	ctor gains `causeEffectSourceId`; `_cardEffect` demoted to optional	SUBSTRATE
DIFF	/home/hg/git/headlessDCGO/DCGO/Assets/Scripts/Script/CardController.cs:5882	/home/hg/git/headlessDCGO/src/HeadlessDCGO.Engine/Assets/Scripts/Script/CardController.cs:2753	two guards `_cardEffect==null` + `_cardEffect.EffectSourceCard==null` collapsed into one `_causeEffectSourceId is not {IsEmpty:false}`	SUBSTRATE
DIFF	/home/hg/git/headlessDCGO/DCGO/Assets/Scripts/Script/CardController.cs:5889	/home/hg/git/headlessDCGO/src/HeadlessDCGO.Engine/Assets/Scripts/Script/CardController.cs:2766	`_permanent.StackCards.Count` becomes `_permanent.DigivolutionCards.Count + 1` (no StackCards property on mirror Permanent)	SUBSTRATE
DIFF	/home/hg/git/headlessDCGO/DCGO/Assets/Scripts/Script/CardController.cs:5930	/home/hg/git/headlessDCGO/src/HeadlessDCGO.Engine/Assets/Scripts/Script/CardController.cs:2777	loop rebuilds `new Permanent(...)` each iteration; `RemoveFromAllArea`+`AddTrashCard(IsToken)` replaced by `ArmorPurgeTopAsync`	SUBSTRATE
DIFF	/home/hg/git/headlessDCGO/DCGO/Assets/Scripts/Script/CardController.cs:5940	/home/hg/git/headlessDCGO/src/HeadlessDCGO.Engine/Assets/Scripts/Script/CardController.cs:2798	`_permanent.TopCard.SetChangedLocationTime()` dropped (design item MIG3-LOCATIONTIME)	SUBSTRATE
