DIFF	/home/hg/git/headlessDCGO/DCGO/Assets/Scripts/Script/CardEffectFactory.cs:1-5	/home/hg/git/headlessDCGO/src/HeadlessDCGO.Engine/Assets/Scripts/Script/CardEffectFactory.cs:1-12	AS-IS has no namespace and uses `using System; System.Collections; System.Collections.Generic; System.Linq; UnityEngine;`; TO-BE wraps the file in `namespace HeadlessDCGO.Engine.Assets.Scripts.Script.CardEffectCommons;` and replaces the UnityEngine using with headless-only usings (HeadlessDCGO.Engine.Headless.Bridge/Choices/Runtime/Services/State) plus two using-aliases (SelectPermanentEffect, PartitionCondition)	SUBSTRATE
DIFF	/home/hg/git/headlessDCGO/DCGO/Assets/Scripts/Script/CardEffectFactory.cs:7	/home/hg/git/headlessDCGO/src/HeadlessDCGO.Engine/Assets/Scripts/Script/CardEffectFactory.cs:15	`public partial class CardEffectFactory` becomes `public static partial class CardEffectFactory` (static added)	MIRROR
DIFF	ABSENT	/home/hg/git/headlessDCGO/src/HeadlessDCGO.Engine/Assets/Scripts/Script/CardEffectFactory.cs:47-50 (LinkedGate)	new `internal static Func<bool>? LinkedGate(CardSource card, bool isLinkedEffect, Func<bool>? condition)` helper; grep -a for LinkedGate across DCGO/Assets/Scripts returns zero hits	INVENTED
DIFF	ABSENT	/home/hg/git/headlessDCGO/src/HeadlessDCGO.Engine/Assets/Scripts/Script/CardEffectFactory.cs:52-53 (ScopePred)	new `internal static Func<CardSource, bool>? ScopePred(Func<Permanent, bool>? permanentCondition)` helper; grep -a for ScopePred across DCGO/Assets/Scripts returns zero hits	INVENTED
DIFF	/home/hg/git/headlessDCGO/DCGO/Assets/Scripts/Script/CardEffectFactory.cs:39 (SetMemoryTo3TamerEffect.CanActivateCondition)	/home/hg/git/headlessDCGO/src/HeadlessDCGO.Engine/Assets/Scripts/Script/CardEffectFactory.cs:946 (SetMemoryTo3TamerEffect.CanActivateCondition)	`card.Owner.MemoryForPlayer <= 2` becomes `new Player(card.Context, card.Owner).MemoryForPlayer <= 2`; AS-IS CardSource.Owner is type Player (CardSource.cs:25), TO-BE CardSource.Owner is HeadlessPlayerId (CardSource.cs:41) which has no MemoryForPlayer member (only on Player, Player.cs:648)	SUBSTRATE
DIFF	/home/hg/git/headlessDCGO/DCGO/Assets/Scripts/Script/CardEffectFactory.cs:51-54 (SetMemoryTo3TamerEffect.ActivateCoroutine)	/home/hg/git/headlessDCGO/src/HeadlessDCGO.Engine/Assets/Scripts/Script/CardEffectFactory.cs:958-961 (SetMemoryTo3TamerEffect.ActivateCoroutine)	`IEnumerator ActivateCoroutine(Hashtable _hashtable){ yield return ContinuousController.instance.StartCoroutine(card.Owner.SetFixedMemory(3, activateClass)); }` becomes `async Task ActivateCoroutine(Hashtable _hashtable){ await card.Owner.SetFixedMemory(3, activateClass); }`	IRREDUCIBLE
DIFF	/home/hg/git/headlessDCGO/DCGO/Assets/Scripts/Script/CardEffectFactory.cs:91 (Gain1MemoryTamerOpponentDigimonEffect.CanActivateCondition)	/home/hg/git/headlessDCGO/src/HeadlessDCGO.Engine/Assets/Scripts/Script/CardEffectFactory.cs:86 (Gain1MemoryTamerOpponentDigimonEffect.CanActivateCondition)	`card.Owner.Enemy.GetBattleAreaDigimons().Count >= 1` becomes `(new Player(card.Context, card.Owner).Enemy?.GetBattleAreaDigimons().Count ?? 0) >= 1`; Enemy only exists on Player (Player.cs:72), not on HeadlessPlayerId, forcing the Player wrap	SUBSTRATE
DIFF	/home/hg/git/headlessDCGO/DCGO/Assets/Scripts/Script/CardEffectFactory.cs:91 (Gain1MemoryTamerOpponentDigimonEffect.CanActivateCondition)	/home/hg/git/headlessDCGO/src/HeadlessDCGO.Engine/Assets/Scripts/Script/CardEffectFactory.cs:86 (Gain1MemoryTamerOpponentDigimonEffect.CanActivateCondition)	same line additionally adds a null-conditional `Enemy?` and `?? 0` fallback not present in AS-IS, which unconditionally dereferences card.Owner.Enemy	MIRROR
DIFF	/home/hg/git/headlessDCGO/DCGO/Assets/Scripts/Script/CardEffectFactory.cs:103-106 (Gain1MemoryTamerOpponentDigimonEffect.ActivateCoroutine)	/home/hg/git/headlessDCGO/src/HeadlessDCGO.Engine/Assets/Scripts/Script/CardEffectFactory.cs:98-101 (Gain1MemoryTamerOpponentDigimonEffect.ActivateCoroutine)	IEnumerator/yield return becomes async Task/await	IRREDUCIBLE
DIFF	/home/hg/git/headlessDCGO/DCGO/Assets/Scripts/Script/CardEffectFactory.cs:115 (Gain1MemoryTamerOwnerDigimonConditionalEffect signature)	/home/hg/git/headlessDCGO/src/HeadlessDCGO.Engine/Assets/Scripts/Script/CardEffectFactory.cs:413 (Gain1MemoryTamerOwnerDigimonConditionalEffect signature)	`Func<Permanent, bool> permamentCondition, Func<bool> condition` (non-nullable, field-name typo permamentCondition) becomes `Func<Permanent, bool>? permanentCondition, Func<bool>? condition` (nullable, typo corrected)	MIRROR
DIFF	/home/hg/git/headlessDCGO/DCGO/Assets/Scripts/Script/CardEffectFactory.cs:121 (Gain1MemoryTamerOwnerDigimonConditionalEffect.EffectDiscription)	/home/hg/git/headlessDCGO/src/HeadlessDCGO.Engine/Assets/Scripts/Script/CardEffectFactory.cs:419-420 (Gain1MemoryTamerOwnerDigimonConditionalEffect.EffectDiscription)	`string EffectDiscription() => effectDescription;` becomes `string EffectDiscription() => string.IsNullOrWhiteSpace(effectDescription) ? "[Start of Your Main Phase] Gain 1 memory." : effectDescription;`, adding a default text AS-IS never had	MIRROR
DIFF	/home/hg/git/headlessDCGO/DCGO/Assets/Scripts/Script/CardEffectFactory.cs:132-133 (Gain1MemoryTamerOwnerDigimonConditionalEffect.CanActivateCondition)	/home/hg/git/headlessDCGO/src/HeadlessDCGO.Engine/Assets/Scripts/Script/CardEffectFactory.cs:431-432 (Gain1MemoryTamerOwnerDigimonConditionalEffect.CanActivateCondition)	`&& condition() && card.Owner.GetBattleAreaDigimons().Any(permamentCondition);` (unconditional calls) becomes `&& (condition is null || condition()) && (permanentCondition is null || card.Owner.GetBattleAreaDigimons().Any(permanentCondition));` (null-guarded)	MIRROR
DIFF	/home/hg/git/headlessDCGO/DCGO/Assets/Scripts/Script/CardEffectFactory.cs:136-138 (Gain1MemoryTamerOwnerDigimonConditionalEffect.ActivateCoroutine)	/home/hg/git/headlessDCGO/src/HeadlessDCGO.Engine/Assets/Scripts/Script/CardEffectFactory.cs:435-437 (Gain1MemoryTamerOwnerDigimonConditionalEffect.ActivateCoroutine)	IEnumerator/yield return becomes async Task/await	IRREDUCIBLE
DIFF	/home/hg/git/headlessDCGO/DCGO/Assets/Scripts/Script/CardEffectFactory.cs:167 (PlaySelfTamerSecurityEffect.CanActivateCondition)	/home/hg/git/headlessDCGO/src/HeadlessDCGO.Engine/Assets/Scripts/Script/CardEffectFactory.cs:989 (PlaySelfTamerSecurityEffect.CanActivateCondition)	`if (card.Owner.ExecutingCards.Contains(card))` becomes `if (CardEffectCommons.IsExistOnExecutingArea(card))`; ExecutingCards only exists on Player (Player.cs:203), not on HeadlessPlayerId	SUBSTRATE
DIFF	/home/hg/git/headlessDCGO/DCGO/Assets/Scripts/Script/CardEffectFactory.cs:178-188 (PlaySelfTamerSecurityEffect.ActivateCoroutine)	/home/hg/git/headlessDCGO/src/HeadlessDCGO.Engine/Assets/Scripts/Script/CardEffectFactory.cs:1000-1008 (PlaySelfTamerSecurityEffect.ActivateCoroutine)	IEnumerator/yield return StartCoroutine(...) becomes async Task/await ...	IRREDUCIBLE
DIFF	/home/hg/git/headlessDCGO/DCGO/Assets/Scripts/Script/CardEffectFactory.cs:217 (PlayMindLinkTamerFromDigivolutionCards.CanActivateCondition)	/home/hg/git/headlessDCGO/src/HeadlessDCGO.Engine/Assets/Scripts/Script/CardEffectFactory.cs:561 (PlayMindLinkTamerFromDigivolutionCards.CanActivateCondition)	`card.PermanentOfThisCard().DigivolutionCards.Count(...)` becomes `ICardEffect.ResolvePermanentOfThisCard(card).DigivolutionCards.Count(...)`; AS-IS CardSource.PermanentOfThisCard() returns Permanent (CardSource.cs:335), TO-BE's PermanentOfThisCard() returns PermanentView (CardSource.cs:56), forcing the Permanent-typed access through ICardEffect.ResolvePermanentOfThisCard instead	SUBSTRATE
DIFF	/home/hg/git/headlessDCGO/DCGO/Assets/Scripts/Script/CardEffectFactory.cs:220 (PlayMindLinkTamerFromDigivolutionCards.ActivateCoroutine signature)	/home/hg/git/headlessDCGO/src/HeadlessDCGO.Engine/Assets/Scripts/Script/CardEffectFactory.cs:564 (PlayMindLinkTamerFromDigivolutionCards.ActivateCoroutine signature)	IEnumerator becomes async Task	IRREDUCIBLE
DIFF	/home/hg/git/headlessDCGO/DCGO/Assets/Scripts/Script/CardEffectFactory.cs:224 (PlayMindLinkTamerFromDigivolutionCards.ActivateCoroutine)	/home/hg/git/headlessDCGO/src/HeadlessDCGO.Engine/Assets/Scripts/Script/CardEffectFactory.cs:568 (PlayMindLinkTamerFromDigivolutionCards.ActivateCoroutine)	`Permanent selectedPermanent = card.PermanentOfThisCard();` becomes `= ICardEffect.ResolvePermanentOfThisCard(card);`; same PermanentOfThisCard()->PermanentView cause as CardEffectFactory.cs AS-IS:217	SUBSTRATE
DIFF	/home/hg/git/headlessDCGO/DCGO/Assets/Scripts/Script/CardEffectFactory.cs:249 (PlayMindLinkTamerFromDigivolutionCards.ActivateCoroutine)	/home/hg/git/headlessDCGO/src/HeadlessDCGO.Engine/Assets/Scripts/Script/CardEffectFactory.cs:593 (PlayMindLinkTamerFromDigivolutionCards.ActivateCoroutine)	`customRootCardList: selectedPermanent.DigivolutionCards,` becomes `customRootCardList: selectedPermanent.DigivolutionCards.ToList(),`; AS-IS Permanent.DigivolutionCards is List<CardSource> (Permanent.cs:888), TO-BE's is IReadOnlyList<CardSource> (Permanent.cs:1766), forcing an explicit .ToList() to satisfy SelectCardEffect.SetUp's customRootCardList parameter	SUBSTRATE
DIFF	/home/hg/git/headlessDCGO/DCGO/Assets/Scripts/Script/CardEffectFactory.cs:258 (PlayMindLinkTamerFromDigivolutionCards.ActivateCoroutine)	/home/hg/git/headlessDCGO/src/HeadlessDCGO.Engine/Assets/Scripts/Script/CardEffectFactory.cs:602 (PlayMindLinkTamerFromDigivolutionCards.ActivateCoroutine)	`yield return ContinuousController.instance.StartCoroutine(selectCardEffect.Activate());` becomes `await selectCardEffect.Activate();`	IRREDUCIBLE
DIFF	/home/hg/git/headlessDCGO/DCGO/Assets/Scripts/Script/CardEffectFactory.cs:260-265 (PlayMindLinkTamerFromDigivolutionCards.SelectCardCoroutine)	/home/hg/git/headlessDCGO/src/HeadlessDCGO.Engine/Assets/Scripts/Script/CardEffectFactory.cs:604-609 (PlayMindLinkTamerFromDigivolutionCards.SelectCardCoroutine)	`IEnumerator SelectCardCoroutine(CardSource cardSource){ selectedCards.Add(cardSource); yield return null; }` becomes `async Task SelectCardCoroutine(CardSource cardSource){ selectedCards.Add(cardSource); await Task.CompletedTask; }`	IRREDUCIBLE
DIFF	/home/hg/git/headlessDCGO/DCGO/Assets/Scripts/Script/CardEffectFactory.cs:267-273 (PlayMindLinkTamerFromDigivolutionCards.ActivateCoroutine)	/home/hg/git/headlessDCGO/src/HeadlessDCGO.Engine/Assets/Scripts/Script/CardEffectFactory.cs:611-617 (PlayMindLinkTamerFromDigivolutionCards.ActivateCoroutine)	`yield return ContinuousController.instance.StartCoroutine(CardEffectCommons.PlayPermanentCards(...));` becomes `await CardEffectCommons.PlayPermanentCards(...);` with the same named arguments and overload otherwise	IRREDUCIBLE
DIFF	/home/hg/git/headlessDCGO/DCGO/Assets/Scripts/Script/CardEffectFactory.cs:309-311 (PlaySelfDigimonAfterBattleSecurityEffect.ActivateCoroutine)	ABSENT	AS-IS opens the coroutine with `yield return null;` then `ContinuousController.instance.PlaySE(GManager.instance.GetComponent<Effects>().BuffSE);`; TO-BE's ActivateCoroutine (starts at CardEffectFactory.cs:729) has neither line — the frame-yield and SE-play call are dropped entirely with no substitute; GManager/Effects/ContinuousController (Unity singletons) do not exist in the headless assembly	SUBSTRATE
DIFF	/home/hg/git/headlessDCGO/DCGO/Assets/Scripts/Script/CardEffectFactory.cs:317 (PlaySelfDigimonAfterBattleSecurityEffect.ActivateCoroutine)	/home/hg/git/headlessDCGO/src/HeadlessDCGO.Engine/Assets/Scripts/Script/CardEffectFactory.cs:734 (PlaySelfDigimonAfterBattleSecurityEffect.ActivateCoroutine)	`card.Owner.UntilEndBattleEffects.Add(GetCardEffect1);` becomes `new Player(card.Context, card.Owner).UntilEndBattleEffects.Add(GetCardEffect1);`; UntilEndBattleEffects only exists on Player (Player.cs:246), not on HeadlessPlayerId	SUBSTRATE
DIFF	/home/hg/git/headlessDCGO/DCGO/Assets/Scripts/Script/CardEffectFactory.cs:331 (PlaySelfDigimonAfterBattleSecurityEffect.CanActivateCondition1)	/home/hg/git/headlessDCGO/src/HeadlessDCGO.Engine/Assets/Scripts/Script/CardEffectFactory.cs:748 (PlaySelfDigimonAfterBattleSecurityEffect.CanActivateCondition1)	`CardEffectCommons.CanPlayAsNewPermanent(cardSource: card, payCost: false, cardEffect: activateClass1, root: SelectCardEffect.Root.Security)` becomes the same call with no root argument at all; AS-IS CanPlayAsNewPermanent accepts a root parameter (CardEffectCommons/GameContextDeterminarion.cs:303-310, default SelectCardEffect.Root.Hand), TO-BE's CanPlayAsNewPermanent (CardEffectCommons.cs:1536) dropped the root parameter from its signature entirely	SUBSTRATE
DIFF	/home/hg/git/headlessDCGO/DCGO/Assets/Scripts/Script/CardEffectFactory.cs:333 (PlaySelfDigimonAfterBattleSecurityEffect.ActivateCoroutine)	/home/hg/git/headlessDCGO/src/HeadlessDCGO.Engine/Assets/Scripts/Script/CardEffectFactory.cs:750-751 (PlaySelfDigimonAfterBattleSecurityEffect.ActivateCoroutine)	`if (!card.Owner.LibraryCards.Contains(card) && !card.Owner.SecurityCards.Contains(card))` becomes `Player owner = new Player(card.Context, card.Owner); if (!owner.LibraryCards.Contains(card) && !owner.SecurityCards.Contains(card))`; LibraryCards/SecurityCards only exist on Player (Player.cs:150,135), not on HeadlessPlayerId	SUBSTRATE
DIFF	/home/hg/git/headlessDCGO/DCGO/Assets/Scripts/Script/CardEffectFactory.cs:342 (PlaySelfDigimonAfterBattleSecurityEffect.ActivateCoroutine1 signature)	/home/hg/git/headlessDCGO/src/HeadlessDCGO.Engine/Assets/Scripts/Script/CardEffectFactory.cs:760 (PlaySelfDigimonAfterBattleSecurityEffect.ActivateCoroutine1 signature)	IEnumerator becomes async Task	IRREDUCIBLE
DIFF	/home/hg/git/headlessDCGO/DCGO/Assets/Scripts/Script/CardEffectFactory.cs:344 (PlaySelfDigimonAfterBattleSecurityEffect.ActivateCoroutine1)	/home/hg/git/headlessDCGO/src/HeadlessDCGO.Engine/Assets/Scripts/Script/CardEffectFactory.cs:763 (PlaySelfDigimonAfterBattleSecurityEffect.ActivateCoroutine1)	second `CanPlayAsNewPermanent(..., root: SelectCardEffect.Root.Security)` call also drops the root argument; same CanPlayAsNewPermanent signature cause as CardEffectFactory.cs AS-IS:331	SUBSTRATE
DIFF	/home/hg/git/headlessDCGO/DCGO/Assets/Scripts/Script/CardEffectFactory.cs:345-346 (PlaySelfDigimonAfterBattleSecurityEffect.ActivateCoroutine1)	/home/hg/git/headlessDCGO/src/HeadlessDCGO.Engine/Assets/Scripts/Script/CardEffectFactory.cs:763-764 (PlaySelfDigimonAfterBattleSecurityEffect.ActivateCoroutine1)	two nested `if (CanPlayAsNewPermanent(...)) { if (!owner.LibraryCards...) { ... } }` statements are merged into one `if (CanPlayAsNewPermanent(...) && !owner.LibraryCards...) { ... }` condition	MIRROR
DIFF	/home/hg/git/headlessDCGO/DCGO/Assets/Scripts/Script/CardEffectFactory.cs:348-354 (PlaySelfDigimonAfterBattleSecurityEffect.ActivateCoroutine1)	/home/hg/git/headlessDCGO/src/HeadlessDCGO.Engine/Assets/Scripts/Script/CardEffectFactory.cs:766-772 (PlaySelfDigimonAfterBattleSecurityEffect.ActivateCoroutine1)	PlayPermanentCards call switches from the activateClass:/SelectCardEffect.Root overload (cardSources:, activateClass: activateClass1, payCost:, isTapped:, root: SelectCardEffect.Root.Security, activateETB:) to the sourceCard:/ChoiceZone overload (cardSources:, sourceCard: card, payCost:, isTapped:, root: ChoiceZone.Execution, activateETB:); both overloads still coexist in TO-BE (CardEffectCommons.cs:529 and :2616, the latter still used by PlaySelfTamerSecurityEffect in this same file), and ChoiceZone defines a Security member (Headless/Choices/ChoiceZone.cs:8), so neither the overload switch nor the Security-to-Execution zone-value change is forced	MIRROR
DIFF	/home/hg/git/headlessDCGO/DCGO/Assets/Scripts/Script/CardEffectFactory.cs:358 (PlaySelfDigimonAfterBattleSecurityEffect.ActivateCoroutine1)	ABSENT	`yield return new WaitForSeconds(0.2f);` (0.2s delay before deleting the played Digimon) is dropped entirely with no substitute; WaitForSeconds is a UnityEngine type unavailable in the headless assembly	SUBSTRATE
DIFF	/home/hg/git/headlessDCGO/DCGO/Assets/Scripts/Script/CardEffectFactory.cs:361 (PlaySelfDigimonAfterBattleSecurityEffect.ActivateCoroutine1)	/home/hg/git/headlessDCGO/src/HeadlessDCGO.Engine/Assets/Scripts/Script/CardEffectFactory.cs:776 (PlaySelfDigimonAfterBattleSecurityEffect.ActivateCoroutine1)	`Permanent playedDigimon = card.PermanentOfThisCard();` becomes `= ICardEffect.ResolvePermanentOfThisCard(card);`; same PermanentOfThisCard()->PermanentView cause as CardEffectFactory.cs AS-IS:217	SUBSTRATE
DIFF	/home/hg/git/headlessDCGO/DCGO/Assets/Scripts/Script/CardEffectFactory.cs:390 (PlaySelfDigimonAfterBattleSecurityEffect.CanUseCondition2)	/home/hg/git/headlessDCGO/src/HeadlessDCGO.Engine/Assets/Scripts/Script/CardEffectFactory.cs:806 (PlaySelfDigimonAfterBattleSecurityEffect.CanUseCondition2)	`CardEffectCommons.IsPermanentExistsOnOwnerBattleArea(playedDigimon, playedDigimon.TopCard)` becomes `CardEffectCommons.IsPermanentExistsOnOwnerBattleArea(playedDigimon, card)`; the helper's (Permanent, CardSource) signature is unchanged (CardEffectCommons.cs:1585 in TO-BE), so this is a substituted argument value, not a forced signature change	MIRROR
DIFF	/home/hg/git/headlessDCGO/DCGO/Assets/Scripts/Script/CardEffectFactory.cs:425 (PlaySelfDigimonAfterBattleSecurityEffect.ActivateCoroutine2 signature)	/home/hg/git/headlessDCGO/src/HeadlessDCGO.Engine/Assets/Scripts/Script/CardEffectFactory.cs:841 (PlaySelfDigimonAfterBattleSecurityEffect.ActivateCoroutine2 signature)	IEnumerator becomes async Task	IRREDUCIBLE
DIFF	/home/hg/git/headlessDCGO/DCGO/Assets/Scripts/Script/CardEffectFactory.cs:429-431 (PlaySelfDigimonAfterBattleSecurityEffect.ActivateCoroutine2)	/home/hg/git/headlessDCGO/src/HeadlessDCGO.Engine/Assets/Scripts/Script/CardEffectFactory.cs:845-847 (PlaySelfDigimonAfterBattleSecurityEffect.ActivateCoroutine2)	`yield return ContinuousController.instance.StartCoroutine(new DestroyPermanentsClass(...).Destroy());` becomes `await new DestroyPermanentsClass(...).Destroy();`	IRREDUCIBLE
DIFF	/home/hg/git/headlessDCGO/DCGO/Assets/Scripts/Script/CardEffectFactory.cs:308-459 (PlaySelfDigimonAfterBattleSecurityEffect, #region "Play Card"/"Delete Digimon Played")	/home/hg/git/headlessDCGO/src/HeadlessDCGO.Engine/Assets/Scripts/Script/CardEffectFactory.cs:729-873 (PlaySelfDigimonAfterBattleSecurityEffect.ActivateCoroutine)	AS-IS wraps the nested method bodies in #region Play Card / #region Delete Digimon Played (with matching #endregion); TO-BE has no region markers anywhere inside this method	MIRROR
DIFF	/home/hg/git/headlessDCGO/DCGO/Assets/Scripts/Script/CardEffectFactory.cs:470 (Gain2MemoryOptionDelayEffect, method start)	/home/hg/git/headlessDCGO/src/HeadlessDCGO.Engine/Assets/Scripts/Script/CardEffectFactory.cs:108 (Gain2MemoryOptionDelayEffect, method start)	TO-BE adds `ArgumentNullException.ThrowIfNull(card);` as the first statement; AS-IS has no such null guard anywhere in this method	MIRROR
DIFF	/home/hg/git/headlessDCGO/DCGO/Assets/Scripts/Script/CardEffectFactory.cs:490 (Gain2MemoryOptionDelayEffect.ActivateCoroutine)	/home/hg/git/headlessDCGO/src/HeadlessDCGO.Engine/Assets/Scripts/Script/CardEffectFactory.cs:129 (Gain2MemoryOptionDelayEffect.ActivateCoroutine)	`targetPermanents: new List<Permanent>() { card.PermanentOfThisCard() }` becomes `targetPermanents: new List<Permanent>() { new Permanent(card.Context, card.InstanceId, card.Owner) }`; same PermanentOfThisCard()->PermanentView cause as CardEffectFactory.cs AS-IS:217, but here TO-BE constructs a Permanent directly instead of using ICardEffect.ResolvePermanentOfThisCard	SUBSTRATE
DIFF	/home/hg/git/headlessDCGO/DCGO/Assets/Scripts/Script/CardEffectFactory.cs:490 (Gain2MemoryOptionDelayEffect.ActivateCoroutine)	/home/hg/git/headlessDCGO/src/HeadlessDCGO.Engine/Assets/Scripts/Script/CardEffectFactory.cs:130 (Gain2MemoryOptionDelayEffect.ActivateCoroutine)	`activateClass: activateClass` becomes `sourceCard: card`; TO-BE calls the new sourceCard:CardSource overload of DeletePeremanentAndProcessAccordingToResult (CardEffectCommons.cs:26) rather than the old activateClass:ICardEffect compatibility overload (CardEffectCommons.cs:2522) which still exists	MIRROR
DIFF	/home/hg/git/headlessDCGO/DCGO/Assets/Scripts/Script/CardEffectFactory.cs:490 (Gain2MemoryOptionDelayEffect.ActivateCoroutine)	/home/hg/git/headlessDCGO/src/HeadlessDCGO.Engine/Assets/Scripts/Script/CardEffectFactory.cs:131,134-138 (Gain2MemoryOptionDelayEffect.SuccessProcess)	`successProcess: permanents => SuccessProcess()` (SuccessProcess takes no params) becomes `successProcess: SuccessProcess` where local SuccessProcess now declares an unread `IReadOnlyList<Permanent> _permanents` parameter, matching the new delegate shape Func<IReadOnlyList<Permanent>, Task>	MIRROR
DIFF	/home/hg/git/headlessDCGO/DCGO/Assets/Scripts/Script/CardEffectFactory.cs:492-497 (Gain2MemoryOptionDelayEffect.SuccessProcess)	/home/hg/git/headlessDCGO/src/HeadlessDCGO.Engine/Assets/Scripts/Script/CardEffectFactory.cs:134-138 (Gain2MemoryOptionDelayEffect.SuccessProcess)	`IEnumerator SuccessProcess(){ deleted = true; yield return null; }` becomes `Task SuccessProcess(...){ deleted = true; return Task.CompletedTask; }`	IRREDUCIBLE
DIFF	/home/hg/git/headlessDCGO/DCGO/Assets/Scripts/Script/CardEffectFactory.cs:486,501-502 (Gain2MemoryOptionDelayEffect.ActivateCoroutine)	/home/hg/git/headlessDCGO/src/HeadlessDCGO.Engine/Assets/Scripts/Script/CardEffectFactory.cs:124,140-143 (Gain2MemoryOptionDelayEffect.ActivateCoroutine)	outer IEnumerator/yield return becomes async Task/await	IRREDUCIBLE
DIFF	/home/hg/git/headlessDCGO/DCGO/Assets/Scripts/Script/CardEffectFactory.cs:539-542 (PlaceSelfDelayOptionSecurityEffect.ActivateCoroutine)	/home/hg/git/headlessDCGO/src/HeadlessDCGO.Engine/Assets/Scripts/Script/CardEffectFactory.cs:699-702 (PlaceSelfDelayOptionSecurityEffect.ActivateCoroutine)	IEnumerator/yield return StartCoroutine(PlaceDelayOptionCards(...)) becomes async Task/await PlaceDelayOptionCards(...)	IRREDUCIBLE
DIFF	/home/hg/git/headlessDCGO/DCGO/Assets/Scripts/Script/CardEffectFactory.cs:551 (ActivateMainOptionSecurityEffect signature)	/home/hg/git/headlessDCGO/src/HeadlessDCGO.Engine/Assets/Scripts/Script/CardEffectFactory.cs:628 (ActivateMainOptionSecurityEffect signature)	`Func<ICardEffect, IEnumerator> afterMainEffect` becomes `Func<ICardEffect, Task> afterMainEffect`	IRREDUCIBLE
DIFF	/home/hg/git/headlessDCGO/DCGO/Assets/Scripts/Script/CardEffectFactory.cs:579-590 (ActivateMainOptionSecurityEffect.ActivateCoroutine)	/home/hg/git/headlessDCGO/src/HeadlessDCGO.Engine/Assets/Scripts/Script/CardEffectFactory.cs:656-667 (ActivateMainOptionSecurityEffect.ActivateCoroutine)	IEnumerator/yield return becomes async Task/await (mainActivateClass.Activate and afterMainEffect both awaited)	IRREDUCIBLE
DIFF	/home/hg/git/headlessDCGO/DCGO/Assets/Scripts/Script/CardEffectFactory.cs:645 (ReplaceBottomSecurityWithFaceUpOptionEffect signature)	/home/hg/git/headlessDCGO/src/HeadlessDCGO.Engine/Assets/Scripts/Script/CardEffectFactory.cs:173 (ReplaceBottomSecurityWithFaceUpOptionEffect signature)	`public static IEnumerator ReplaceBottomSecurityWithFaceUpOptionEffect(...)` becomes `public static async Task ReplaceBottomSecurityWithFaceUpOptionEffect(...)`	IRREDUCIBLE
DIFF	/home/hg/git/headlessDCGO/DCGO/Assets/Scripts/Script/CardEffectFactory.cs:647 (ReplaceBottomSecurityWithFaceUpOptionEffect)	/home/hg/git/headlessDCGO/src/HeadlessDCGO.Engine/Assets/Scripts/Script/CardEffectFactory.cs:175 (ReplaceBottomSecurityWithFaceUpOptionEffect)	`if (card.Owner.SecurityCards.Count >= 1)` becomes `if (new Player(card.Context, card.Owner).SecurityCards.Count >= 1)`; SecurityCards only exists on Player (Player.cs:135)	SUBSTRATE
DIFF	/home/hg/git/headlessDCGO/DCGO/Assets/Scripts/Script/CardEffectFactory.cs:651 (ReplaceBottomSecurityWithFaceUpOptionEffect)	/home/hg/git/headlessDCGO/src/HeadlessDCGO.Engine/Assets/Scripts/Script/CardEffectFactory.cs:177 (ReplaceBottomSecurityWithFaceUpOptionEffect)	`CardSource bottomCard = card.Owner.SecurityCards.Last();` becomes `= new Player(card.Context, card.Owner).SecurityCards.Last();`; same SecurityCards Player-only cause	SUBSTRATE
DIFF	/home/hg/git/headlessDCGO/DCGO/Assets/Scripts/Script/CardEffectFactory.cs:653-654 (ReplaceBottomSecurityWithFaceUpOptionEffect)	/home/hg/git/headlessDCGO/src/HeadlessDCGO.Engine/Assets/Scripts/Script/CardEffectFactory.cs:179 (ReplaceBottomSecurityWithFaceUpOptionEffect)	`yield return ContinuousController.instance.StartCoroutine(CardObjectController.AddHandCards(...));` becomes `await CardObjectController.AddHandCards(...);`	IRREDUCIBLE
DIFF	/home/hg/git/headlessDCGO/DCGO/Assets/Scripts/Script/CardEffectFactory.cs:656-659 (ReplaceBottomSecurityWithFaceUpOptionEffect)	/home/hg/git/headlessDCGO/src/HeadlessDCGO.Engine/Assets/Scripts/Script/CardEffectFactory.cs:181 (ReplaceBottomSecurityWithFaceUpOptionEffect)	`new IReduceSecurity(player: card.Owner, refSkillInfos: ref ContinuousController.instance.nullSkillInfos, activateClass)` becomes `new IReduceSecurity(card.Context, card.Owner, refCollector: null, activateClass)`; AS-IS constructor takes a ref to ContinuousController.instance.nullSkillInfos (Unity singleton), unavailable in the headless assembly	SUBSTRATE
DIFF	/home/hg/git/headlessDCGO/DCGO/Assets/Scripts/Script/CardEffectFactory.cs:666 (ReplaceBottomSecurityWithFaceUpOptionEffect)	/home/hg/git/headlessDCGO/src/HeadlessDCGO.Engine/Assets/Scripts/Script/CardEffectFactory.cs:184 (ReplaceBottomSecurityWithFaceUpOptionEffect)	`if (card.Owner.CanAddSecurity(activateClass))` becomes `if (new Player(card.Context, card.Owner).CanAddSecurity(activateClass.EffectSourceCard?.InstanceId))`; AS-IS Player.CanAddSecurity(ICardEffect) (Player.cs:1469) takes an ICardEffect, TO-BE Player.CanAddSecurity(HeadlessEntityId?) (Player.cs:416) takes a nullable entity id instead	SUBSTRATE
DIFF	/home/hg/git/headlessDCGO/DCGO/Assets/Scripts/Script/CardEffectFactory.cs:668-669 (ReplaceBottomSecurityWithFaceUpOptionEffect)	/home/hg/git/headlessDCGO/src/HeadlessDCGO.Engine/Assets/Scripts/Script/CardEffectFactory.cs:186 (ReplaceBottomSecurityWithFaceUpOptionEffect)	`yield return ContinuousController.instance.StartCoroutine(CardObjectController.AddSecurityCard(...));` becomes `await CardObjectController.AddSecurityCard(...);`	IRREDUCIBLE
DIFF	/home/hg/git/headlessDCGO/DCGO/Assets/Scripts/Script/CardEffectFactory.cs:671-672 (ReplaceBottomSecurityWithFaceUpOptionEffect)	ABSENT	`yield return ContinuousController.instance.StartCoroutine(GManager.instance.GetComponent<Effects>().CreateRecoveryEffect(card.Owner));` (recovery visual effect) is dropped entirely with no substitute; GManager/Effects are Unity-only singletons unavailable in the headless assembly	SUBSTRATE
DIFF	/home/hg/git/headlessDCGO/DCGO/Assets/Scripts/Script/CardEffectFactory.cs:674 (ReplaceBottomSecurityWithFaceUpOptionEffect)	/home/hg/git/headlessDCGO/src/HeadlessDCGO.Engine/Assets/Scripts/Script/CardEffectFactory.cs:189 (ReplaceBottomSecurityWithFaceUpOptionEffect)	`yield return ContinuousController.instance.StartCoroutine(new IAddSecurity(card).AddSecurity());` becomes `await new IAddSecurity(card).AddSecurity();`	IRREDUCIBLE
DIFF	/home/hg/git/headlessDCGO/DCGO/Assets/Scripts/Script/CardEffectFactory.cs:684 (ReplaceTopSecurityWithFaceUpOptionEffect signature)	/home/hg/git/headlessDCGO/src/HeadlessDCGO.Engine/Assets/Scripts/Script/CardEffectFactory.cs:520 (ReplaceTopSecurityWithFaceUpOptionEffect signature)	`public static IEnumerator ReplaceTopSecurityWithFaceUpOptionEffect(...)` becomes `public static async Task ReplaceTopSecurityWithFaceUpOptionEffect(...)`	IRREDUCIBLE
DIFF	/home/hg/git/headlessDCGO/DCGO/Assets/Scripts/Script/CardEffectFactory.cs:686 (ReplaceTopSecurityWithFaceUpOptionEffect)	/home/hg/git/headlessDCGO/src/HeadlessDCGO.Engine/Assets/Scripts/Script/CardEffectFactory.cs:522 (ReplaceTopSecurityWithFaceUpOptionEffect)	`if (card.Owner.SecurityCards.Count >= 1)` becomes `if (new Player(card.Context, card.Owner).SecurityCards.Count >= 1)`; same SecurityCards Player-only cause as CardEffectFactory.cs AS-IS:647	SUBSTRATE
DIFF	/home/hg/git/headlessDCGO/DCGO/Assets/Scripts/Script/CardEffectFactory.cs:690 (ReplaceTopSecurityWithFaceUpOptionEffect)	/home/hg/git/headlessDCGO/src/HeadlessDCGO.Engine/Assets/Scripts/Script/CardEffectFactory.cs:524 (ReplaceTopSecurityWithFaceUpOptionEffect)	`CardSource topCard = card.Owner.SecurityCards.First();` becomes `= new Player(card.Context, card.Owner).SecurityCards.First();`; same SecurityCards Player-only cause	SUBSTRATE
DIFF	/home/hg/git/headlessDCGO/DCGO/Assets/Scripts/Script/CardEffectFactory.cs:692-693 (ReplaceTopSecurityWithFaceUpOptionEffect)	/home/hg/git/headlessDCGO/src/HeadlessDCGO.Engine/Assets/Scripts/Script/CardEffectFactory.cs:526 (ReplaceTopSecurityWithFaceUpOptionEffect)	`yield return ContinuousController.instance.StartCoroutine(CardObjectController.AddHandCards(...));` becomes `await CardObjectController.AddHandCards(...);`	IRREDUCIBLE
DIFF	/home/hg/git/headlessDCGO/DCGO/Assets/Scripts/Script/CardEffectFactory.cs:695-698 (ReplaceTopSecurityWithFaceUpOptionEffect)	/home/hg/git/headlessDCGO/src/HeadlessDCGO.Engine/Assets/Scripts/Script/CardEffectFactory.cs:528 (ReplaceTopSecurityWithFaceUpOptionEffect)	`new IReduceSecurity(player: card.Owner, refSkillInfos: ref ContinuousController.instance.nullSkillInfos, activateClass)` becomes `new IReduceSecurity(card.Context, card.Owner, refCollector: null, activateClass)`; same ContinuousController.nullSkillInfos-unavailable cause as CardEffectFactory.cs AS-IS:656-659	SUBSTRATE
DIFF	/home/hg/git/headlessDCGO/DCGO/Assets/Scripts/Script/CardEffectFactory.cs:705 (ReplaceTopSecurityWithFaceUpOptionEffect)	/home/hg/git/headlessDCGO/src/HeadlessDCGO.Engine/Assets/Scripts/Script/CardEffectFactory.cs:531 (ReplaceTopSecurityWithFaceUpOptionEffect)	`if (card.Owner.CanAddSecurity(activateClass))` becomes `if (new Player(card.Context, card.Owner).CanAddSecurity(activateClass.EffectSourceCard?.InstanceId))`; same CanAddSecurity(ICardEffect)->CanAddSecurity(HeadlessEntityId?) cause as CardEffectFactory.cs AS-IS:666	SUBSTRATE
DIFF	/home/hg/git/headlessDCGO/DCGO/Assets/Scripts/Script/CardEffectFactory.cs:707-708 (ReplaceTopSecurityWithFaceUpOptionEffect)	/home/hg/git/headlessDCGO/src/HeadlessDCGO.Engine/Assets/Scripts/Script/CardEffectFactory.cs:533 (ReplaceTopSecurityWithFaceUpOptionEffect)	`yield return ContinuousController.instance.StartCoroutine(CardObjectController.AddSecurityCard(...));` becomes `await CardObjectController.AddSecurityCard(...);`	IRREDUCIBLE
DIFF	/home/hg/git/headlessDCGO/DCGO/Assets/Scripts/Script/CardEffectFactory.cs:710-711 (ReplaceTopSecurityWithFaceUpOptionEffect)	ABSENT	`yield return ContinuousController.instance.StartCoroutine(GManager.instance.GetComponent<Effects>().CreateRecoveryEffect(card.Owner));` dropped entirely with no substitute; same GManager/Effects-unavailable cause as CardEffectFactory.cs AS-IS:671-672	SUBSTRATE
DIFF	/home/hg/git/headlessDCGO/DCGO/Assets/Scripts/Script/CardEffectFactory.cs:713 (ReplaceTopSecurityWithFaceUpOptionEffect)	/home/hg/git/headlessDCGO/src/HeadlessDCGO.Engine/Assets/Scripts/Script/CardEffectFactory.cs:536 (ReplaceTopSecurityWithFaceUpOptionEffect)	`yield return ContinuousController.instance.StartCoroutine(new IAddSecurity(card).AddSecurity());` becomes `await new IAddSecurity(card).AddSecurity();`	IRREDUCIBLE
DIFF	/home/hg/git/headlessDCGO/DCGO/Assets/Scripts/Script/CardEffectFactory.cs:808-827 (ActivateClassesForSharedEffects, doc comment)	/home/hg/git/headlessDCGO/src/HeadlessDCGO.Engine/Assets/Scripts/Script/CardEffectFactory.cs:1186-1187 (ActivateClassesForSharedEffects)	the ~20-line /// XML usage-documentation block above the method is deleted and replaced with two empty // comment lines	MIRROR
DIFF	/home/hg/git/headlessDCGO/DCGO/Assets/Scripts/Script/CardEffectFactory.cs:832 (ActivateClassesForSharedEffects signature)	/home/hg/git/headlessDCGO/src/HeadlessDCGO.Engine/Assets/Scripts/Script/CardEffectFactory.cs:1195 (ActivateClassesForSharedEffects signature)	`Func<Hashtable, ActivateClass, IEnumerator> activateCoroutine` becomes `Func<Hashtable, ActivateClass, Task> activateCoroutine`	IRREDUCIBLE
DIFF	/home/hg/git/headlessDCGO/DCGO/Assets/Scripts/Script/CardEffectFactory.cs:914 (ActivateClass boilerplate signature)	/home/hg/git/headlessDCGO/src/HeadlessDCGO.Engine/Assets/Scripts/Script/CardEffectFactory.cs:1277 (ActivateClass boilerplate signature)	`Func<Hashtable, ActivateClass, IEnumerator> activateCoroutine` becomes `Func<Hashtable, ActivateClass, Task> activateCoroutine`	IRREDUCIBLE
DIFF	/home/hg/git/headlessDCGO/DCGO/Assets/Scripts/Script/CardEffectFactory.cs:942 (WhenMovingClass signature)	/home/hg/git/headlessDCGO/src/HeadlessDCGO.Engine/Assets/Scripts/Script/CardEffectFactory.cs:1305 (WhenMovingClass signature)	same activateCoroutine parameter type change (IEnumerator to Task)	IRREDUCIBLE
DIFF	/home/hg/git/headlessDCGO/DCGO/Assets/Scripts/Script/CardEffectFactory.cs:957 (WhenMovingClass.PermanentCondition)	/home/hg/git/headlessDCGO/src/HeadlessDCGO.Engine/Assets/Scripts/Script/CardEffectFactory.cs:1320 (WhenMovingClass.PermanentCondition)	`permanent == card.PermanentOfThisCard()` becomes `permanent == ICardEffect.ResolvePermanentOfThisCard(card)`; same PermanentOfThisCard()->PermanentView cause as CardEffectFactory.cs AS-IS:217	SUBSTRATE
DIFF	/home/hg/git/headlessDCGO/DCGO/Assets/Scripts/Script/CardEffectFactory.cs:980 (OnPlayClass signature)	/home/hg/git/headlessDCGO/src/HeadlessDCGO.Engine/Assets/Scripts/Script/CardEffectFactory.cs:1343 (OnPlayClass signature)	activateCoroutine parameter type IEnumerator to Task	IRREDUCIBLE
DIFF	/home/hg/git/headlessDCGO/DCGO/Assets/Scripts/Script/CardEffectFactory.cs:1013 (WhenDigivolvingClass signature)	/home/hg/git/headlessDCGO/src/HeadlessDCGO.Engine/Assets/Scripts/Script/CardEffectFactory.cs:1376 (WhenDigivolvingClass signature)	activateCoroutine parameter type IEnumerator to Task	IRREDUCIBLE
DIFF	/home/hg/git/headlessDCGO/DCGO/Assets/Scripts/Script/CardEffectFactory.cs:1046 (WhenAttackingClass signature)	/home/hg/git/headlessDCGO/src/HeadlessDCGO.Engine/Assets/Scripts/Script/CardEffectFactory.cs:1409 (WhenAttackingClass signature)	activateCoroutine parameter type IEnumerator to Task	IRREDUCIBLE
DIFF	/home/hg/git/headlessDCGO/DCGO/Assets/Scripts/Script/CardEffectFactory.cs:1080 (OnDeletionClass signature)	/home/hg/git/headlessDCGO/src/HeadlessDCGO.Engine/Assets/Scripts/Script/CardEffectFactory.cs:1443 (OnDeletionClass signature)	activateCoroutine parameter type IEnumerator to Task	IRREDUCIBLE
DIFF	/home/hg/git/headlessDCGO/DCGO/Assets/Scripts/Script/CardEffectFactory.cs:1113 (WhenLinkingClass signature)	/home/hg/git/headlessDCGO/src/HeadlessDCGO.Engine/Assets/Scripts/Script/CardEffectFactory.cs:1476 (WhenLinkingClass signature)	activateCoroutine parameter type IEnumerator to Task	IRREDUCIBLE
DIFF	/home/hg/git/headlessDCGO/DCGO/Assets/Scripts/Script/CardEffectFactory.cs:1148 (SecurityClass signature)	/home/hg/git/headlessDCGO/src/HeadlessDCGO.Engine/Assets/Scripts/Script/CardEffectFactory.cs:1511 (SecurityClass signature)	activateCoroutine parameter type IEnumerator to Task	IRREDUCIBLE
DIFF	/home/hg/git/headlessDCGO/DCGO/Assets/Scripts/Script/CardEffectFactory.cs:1172 (EndOfAttackClass signature)	/home/hg/git/headlessDCGO/src/HeadlessDCGO.Engine/Assets/Scripts/Script/CardEffectFactory.cs:1535 (EndOfAttackClass signature)	activateCoroutine parameter type IEnumerator to Task	IRREDUCIBLE
DIFF	/home/hg/git/headlessDCGO/DCGO/Assets/Scripts/Script/CardEffectFactory.cs:1208 (CounterClass signature)	/home/hg/git/headlessDCGO/src/HeadlessDCGO.Engine/Assets/Scripts/Script/CardEffectFactory.cs:1571 (CounterClass signature)	activateCoroutine parameter type IEnumerator to Task	IRREDUCIBLE
DIFF	/home/hg/git/headlessDCGO/DCGO/Assets/Scripts/Script/CardEffectFactory.cs:1250 (TurnTimingClass signature)	/home/hg/git/headlessDCGO/src/HeadlessDCGO.Engine/Assets/Scripts/Script/CardEffectFactory.cs:1613 (TurnTimingClass signature)	activateCoroutine parameter type IEnumerator to Task	IRREDUCIBLE
DIFF	/home/hg/git/headlessDCGO/DCGO/Assets/Scripts/Script/CardEffectFactory.cs:1288 (StartOfYourTurnClass signature)	/home/hg/git/headlessDCGO/src/HeadlessDCGO.Engine/Assets/Scripts/Script/CardEffectFactory.cs:1651 (StartOfYourTurnClass signature)	activateCoroutine parameter type IEnumerator to Task	IRREDUCIBLE
DIFF	/home/hg/git/headlessDCGO/DCGO/Assets/Scripts/Script/CardEffectFactory.cs:1305 (StartOfYourMainPhaseClass signature)	/home/hg/git/headlessDCGO/src/HeadlessDCGO.Engine/Assets/Scripts/Script/CardEffectFactory.cs:1668 (StartOfYourMainPhaseClass signature)	activateCoroutine parameter type IEnumerator to Task	IRREDUCIBLE
DIFF	/home/hg/git/headlessDCGO/DCGO/Assets/Scripts/Script/CardEffectFactory.cs:1322 (EndOfYourTurnClass signature)	/home/hg/git/headlessDCGO/src/HeadlessDCGO.Engine/Assets/Scripts/Script/CardEffectFactory.cs:1685 (EndOfYourTurnClass signature)	activateCoroutine parameter type IEnumerator to Task	IRREDUCIBLE
DIFF	/home/hg/git/headlessDCGO/DCGO/Assets/Scripts/Script/CardEffectFactory.cs:1339 (YourTurnClass signature)	/home/hg/git/headlessDCGO/src/HeadlessDCGO.Engine/Assets/Scripts/Script/CardEffectFactory.cs:1702 (YourTurnClass signature)	activateCoroutine parameter type IEnumerator to Task	IRREDUCIBLE
DIFF	/home/hg/git/headlessDCGO/DCGO/Assets/Scripts/Script/CardEffectFactory.cs:1360 (StartOfOpponentsTurnClass signature)	/home/hg/git/headlessDCGO/src/HeadlessDCGO.Engine/Assets/Scripts/Script/CardEffectFactory.cs:1723 (StartOfOpponentsTurnClass signature)	activateCoroutine parameter type IEnumerator to Task	IRREDUCIBLE
DIFF	/home/hg/git/headlessDCGO/DCGO/Assets/Scripts/Script/CardEffectFactory.cs:1377 (StartOfYourOpponentsMainPhaseClass signature)	/home/hg/git/headlessDCGO/src/HeadlessDCGO.Engine/Assets/Scripts/Script/CardEffectFactory.cs:1740 (StartOfYourOpponentsMainPhaseClass signature)	activateCoroutine parameter type IEnumerator to Task	IRREDUCIBLE
DIFF	/home/hg/git/headlessDCGO/DCGO/Assets/Scripts/Script/CardEffectFactory.cs:1394 (EndOfYourOpponentsTurnClass signature)	/home/hg/git/headlessDCGO/src/HeadlessDCGO.Engine/Assets/Scripts/Script/CardEffectFactory.cs:1757 (EndOfYourOpponentsTurnClass signature)	activateCoroutine parameter type IEnumerator to Task	IRREDUCIBLE
DIFF	/home/hg/git/headlessDCGO/DCGO/Assets/Scripts/Script/CardEffectFactory.cs:1411 (OpponentsTurnClass signature)	/home/hg/git/headlessDCGO/src/HeadlessDCGO.Engine/Assets/Scripts/Script/CardEffectFactory.cs:1774 (OpponentsTurnClass signature)	activateCoroutine parameter type IEnumerator to Task	IRREDUCIBLE
DIFF	/home/hg/git/headlessDCGO/DCGO/Assets/Scripts/Script/CardEffectFactory.cs:1432 (EndOfAllTurnsClass signature)	/home/hg/git/headlessDCGO/src/HeadlessDCGO.Engine/Assets/Scripts/Script/CardEffectFactory.cs:1795 (EndOfAllTurnsClass signature)	activateCoroutine parameter type IEnumerator to Task	IRREDUCIBLE
DIFF	/home/hg/git/headlessDCGO/DCGO/Assets/Scripts/Script/CardEffectFactory.cs:1449 (AllTurnsClass signature)	/home/hg/git/headlessDCGO/src/HeadlessDCGO.Engine/Assets/Scripts/Script/CardEffectFactory.cs:1812 (AllTurnsClass signature)	activateCoroutine parameter type IEnumerator to Task	IRREDUCIBLE
DIFF	/home/hg/git/headlessDCGO/DCGO/Assets/Scripts/Script/CardEffectFactory.cs:1489-1491 (EoTLose3Memory.ActivateCoroutine1)	/home/hg/git/headlessDCGO/src/HeadlessDCGO.Engine/Assets/Scripts/Script/CardEffectFactory.cs:487-489 (EoTLose3Memory.ActivateCoroutine1)	`yield return ContinuousController.instance.StartCoroutine(card.Owner.AddMemory(-3, activateClass1));` becomes `await card.Owner.AddMemory(-3, activateClass1);`	IRREDUCIBLE
DIFF	/home/hg/git/headlessDCGO/DCGO/Assets/Scripts/Script/CardEffectFactory.cs:1513 (PlaceToSecurityEffect.CanResolveCondition)	/home/hg/git/headlessDCGO/src/HeadlessDCGO.Engine/Assets/Scripts/Script/CardEffectFactory.cs:894-895 (PlaceToSecurityEffect.CanResolveCondition)	`=> optionCard.Owner.CanAddSecurity(placeToSecurityEffect);` becomes `=> new Player(optionCard.Context, optionCard.Owner).CanAddSecurity(placeToSecurityEffect.EffectSourceCard?.InstanceId);`; same CanAddSecurity(ICardEffect)->CanAddSecurity(HeadlessEntityId?) cause as CardEffectFactory.cs AS-IS:666	SUBSTRATE
DIFF	/home/hg/git/headlessDCGO/DCGO/Assets/Scripts/Script/CardEffectFactory.cs:1515-1518 (PlaceToSecurityEffect.ResolutionCoroutine)	/home/hg/git/headlessDCGO/src/HeadlessDCGO.Engine/Assets/Scripts/Script/CardEffectFactory.cs:897-899 (PlaceToSecurityEffect.ResolutionCoroutine)	`IEnumerator ResolutionCoroutine(CardSource optionCard){ yield return ContinuousController.instance.StartCoroutine(CardObjectController.AddSecurityCard(...)); }` becomes `async Task ResolutionCoroutine(CardSource optionCard){ await CardObjectController.AddSecurityCard(...); }`	IRREDUCIBLE
DIFF	/home/hg/git/headlessDCGO/DCGO/Assets/Scripts/Script/CardEffectFactory.cs:735,770-773 (UseRequirements, GetJogressConditionClass)	/home/hg/git/headlessDCGO/src/HeadlessDCGO.Engine/Assets/Scripts/Script/CardEffectFactory.cs:211,1164-1167 (UseRequirements, GetJogressConditionClass)	trailing whitespace stripped from several line ends (e.g. after cardCondition(permanent.TopCard); at AS:735 and the GetJogressConditions(...) continuation-argument lines at AS:770-773) with no other content change	MIRROR
DIFF	/home/hg/git/headlessDCGO/DCGO/Assets/Scripts/Script/CardEffectFactory.cs:9,59,61,111,113,144,146,193,195,283,466,468,508,510,547,549,595,597,618,620,641,643,680,682,719,721,749,751,781,783,804,806,906,908,936,938,974,976,1007,1009,1041,1043,1074,1076,1107,1109,1142,1144,1166,1168,1202,1204,1240,1242,1282,1284,1354,1356,1426,1428,1464,1466,1494,1496,1520,1522 (all #region/#endregion pairs)	TB (mostly ABSENT)	AS-IS wraps almost every method in a named #region ... #endregion pair (64 region markers); TO-BE removes nearly all of them, only 2 region pairs survive ("Add detail for Display" TB:903, "Shared Effect Condition Creators" TB:1189)	MIRROR
DIFF	ABSENT	/home/hg/git/headlessDCGO/src/HeadlessDCGO.Engine/Assets/Scripts/Script/CardEffectFactory.cs:230-254 (CanNotReduceCostStaticEffect)	new factory method; grep -a for CanNotReduceCostStaticEffect across DCGO/Assets/Scripts returns zero hits	INVENTED
DIFF	ABSENT	/home/hg/git/headlessDCGO/src/HeadlessDCGO.Engine/Assets/Scripts/Script/CardEffectFactory.cs:256-273 (CanNotAddSecurityStaticEffect)	new factory method; grep -a for CanNotAddSecurityStaticEffect across DCGO/Assets/Scripts returns zero hits	INVENTED
DIFF	ABSENT	/home/hg/git/headlessDCGO/src/HeadlessDCGO.Engine/Assets/Scripts/Script/CardEffectFactory.cs:275-292 (CanNotAddMemoryStaticEffect)	new factory method; grep -a for CanNotAddMemoryStaticEffect across DCGO/Assets/Scripts returns zero hits	INVENTED
DIFF	ABSENT	/home/hg/git/headlessDCGO/src/HeadlessDCGO.Engine/Assets/Scripts/Script/CardEffectFactory.cs:299-324 (ImmuneFromDeDigivolveStaticEffect)	new factory method; grep -a for ImmuneFromDeDigivolveStaticEffect across DCGO/Assets/Scripts returns zero hits	INVENTED
DIFF	ABSENT	/home/hg/git/headlessDCGO/src/HeadlessDCGO.Engine/Assets/Scripts/Script/CardEffectFactory.cs:326-327 (CanNotSelectBySkillStaticEffect)	new factory method; grep -a for CanNotSelectBySkillStaticEffect across DCGO/Assets/Scripts returns zero hits	INVENTED
DIFF	ABSENT	/home/hg/git/headlessDCGO/src/HeadlessDCGO.Engine/Assets/Scripts/Script/CardEffectFactory.cs:330-331 (CanNotMoveStaticEffect)	new factory method; grep -a for CanNotMoveStaticEffect across DCGO/Assets/Scripts returns zero hits	INVENTED
DIFF	ABSENT	/home/hg/git/headlessDCGO/src/HeadlessDCGO.Engine/Assets/Scripts/Script/CardEffectFactory.cs:333-358 (DontHaveDPStaticEffect)	new factory method; grep -a for DontHaveDPStaticEffect across DCGO/Assets/Scripts returns zero hits	INVENTED
DIFF	ABSENT	/home/hg/git/headlessDCGO/src/HeadlessDCGO.Engine/Assets/Scripts/Script/CardEffectFactory.cs:360-370 (DontBattleSecurityDigimonStaticEffect)	new factory method; grep -a for DontBattleSecurityDigimonStaticEffect across DCGO/Assets/Scripts returns zero hits	INVENTED
DIFF	ABSENT	/home/hg/git/headlessDCGO/src/HeadlessDCGO.Engine/Assets/Scripts/Script/CardEffectFactory.cs:372-381 (CannotIgnoreDigivolutionConditionStaticEffect)	new factory method; grep -a for CannotIgnoreDigivolutionConditionStaticEffect across DCGO/Assets/Scripts returns zero hits	INVENTED
DIFF	ABSENT	/home/hg/git/headlessDCGO/src/HeadlessDCGO.Engine/Assets/Scripts/Script/CardEffectFactory.cs:383-396 (ChangeEndTurnMinMemoryStaticEffect)	new factory method; grep -a for ChangeEndTurnMinMemoryStaticEffect across DCGO/Assets/Scripts returns zero hits	INVENTED
DIFF	ABSENT	/home/hg/git/headlessDCGO/src/HeadlessDCGO.Engine/Assets/Scripts/Script/CardEffectFactory.cs:398-407 (ChangeBaseCardNameStaticEffect)	new factory method; grep -a for ChangeBaseCardNameStaticEffect across DCGO/Assets/Scripts returns zero hits	INVENTED
DIFF	ABSENT	/home/hg/git/headlessDCGO/src/HeadlessDCGO.Engine/Assets/Scripts/Script/CardEffectFactory.cs:443-463 (OwnerControlsMatchingDigimon)	new internal helper; grep -a for OwnerControlsMatchingDigimon across DCGO/Assets/Scripts returns zero hits	INVENTED
DIFF	ABSENT	/home/hg/git/headlessDCGO/src/HeadlessDCGO.Engine/Assets/Scripts/Script/CardEffectFactory.cs:498-499 (ImmuneStackTrashingClass method)	new factory wrapper method (same name as the pre-existing AS-IS class ImmuneStackTrashingClass, CardEffects/ImmuneFromStackTrashingClass.cs:8, whose direct constructor call sites e.g. BT21_060.cs:82 exist in AS-IS) but AS-IS never exposes an CardEffectFactory wrapper method of this name anywhere in the tree	INVENTED
DIFF	ABSENT	/home/hg/git/headlessDCGO/src/HeadlessDCGO.Engine/Assets/Scripts/Script/CardEffectFactory.cs:1024-1057 (CanNotAffectedStaticEffect)	new factory method; grep -a for CanNotAffectedStaticEffect across DCGO/Assets/Scripts returns zero hits	INVENTED
DIFF	ABSENT	/home/hg/git/headlessDCGO/src/HeadlessDCGO.Engine/Assets/Scripts/Script/CardEffectFactory.cs:1059-1074 (CanNotTrashFromDigivolutionCardsStaticEffect)	new factory method; grep -a for CanNotTrashFromDigivolutionCardsStaticEffect across DCGO/Assets/Scripts returns zero hits	INVENTED
DIFF	ABSENT	/home/hg/git/headlessDCGO/src/HeadlessDCGO.Engine/Assets/Scripts/Script/CardEffectFactory.cs:1077-1106 (ChangeCardNamesStaticEffect)	new factory method; grep -a for ChangeCardNamesStaticEffect across DCGO/Assets/Scripts returns zero hits	INVENTED
DIFF	ABSENT	/home/hg/git/headlessDCGO/src/HeadlessDCGO.Engine/Assets/Scripts/Script/CardEffectFactory.cs:1133-1143 (AddJogressLevelsEffect)	new factory wrapper method; the underlying AddJogressLevelsClass/IAddJogressLevelsEffect already exist in AS-IS (CardEffects/AddJogressLevelsClass.cs, CardEffectInterfaces.cs:508) but AS-IS never wraps them in a CardEffectFactory method under this or any other name	INVENTED
