DIFF	/home/hg/git/headlessDCGO/DCGO/Assets/Scripts/Script/AutoProcessing.cs:1	/home/hg/git/headlessDCGO/src/HeadlessDCGO.Engine/Assets/Scripts/Script/AutoProcessing.cs:2	AS-IS has no namespace (implicit global, Unity script); TO-BE wraps the class in `namespace HeadlessDCGO.Engine.Assets.Scripts.Script;` and adds usings for CardEffectCommons/Headless.Bridge/Headless.Choices/Headless.Runtime/Headless.Services/Headless.State plus a `Commons` alias for CardEffectCommons.CardEffectCommons; C# project organization requires namespacing across a multi-assembly build, AS-IS Unity script has no equivalent need	IRREDUCIBLE
DIFF	/home/hg/git/headlessDCGO/DCGO/Assets/Scripts/Script/AutoProcessing.cs:9	/home/hg/git/headlessDCGO/src/HeadlessDCGO.Engine/Assets/Scripts/Script/AutoProcessing.cs:14 (class AutoProcessing)	AS-IS is a Unity MonoBehaviour with an implicit public parameterless constructor, instantiated by scene/Inspector wiring, exposed as a plain public field on GManager; TO-BE gives it a private constructor plus `public static AutoProcessing For(EngineContext context)` / `public static AutoProcessing ForCutIn(EngineContext context)` factories that register/retrieve the instance on `EngineContext` (`RegisterService`/`TryGetService`), and a nested `CutInInstanceHolder` wrapper class (TO-BE:49-57) with no AS-IS counterpart, to distinguish the two singleton roles (`autoProcessing` vs `autoProcessing_CutIn` on GManager). No Unity scene/Inspector component instantiation exists in headless; the EngineContext-scoped service registry substitutes for it	SUBSTRATE
DIFF	/home/hg/git/headlessDCGO/DCGO/Assets/Scripts/Script/AutoProcessing.cs:16	ABSENT	`[SerializeField] bool SkipSameEffect;` field dropped entirely; grep -a across DCGO/Assets/Scripts/ shows only the declaration line itself, no reader anywhere in AS-IS (dead field in AS-IS too)	MIRROR
DIFF	/home/hg/git/headlessDCGO/DCGO/Assets/Scripts/Script/AutoProcessing.cs:14	/home/hg/git/headlessDCGO/src/HeadlessDCGO.Engine/Assets/Scripts/Script/AutoProcessing.cs:649-650 (multipleSkills)	AS-IS `public List<MultipleSkills> multipleSkills = new List<MultipleSkills>();` is a directly-settable public field; TO-BE makes it a get-only property (`public List<MultipleSkills> multipleSkills => _multipleSkills;`) over a `private readonly` backing field, so external reassignment of the whole list (`autoProcessing.multipleSkills = ...`) is no longer possible	MIRROR
DIFF	/home/hg/git/headlessDCGO/DCGO/Assets/Scripts/Script/AutoProcessing.cs:20-36	/home/hg/git/headlessDCGO/src/HeadlessDCGO.Engine/Assets/Scripts/Script/AutoProcessing.cs:652-668 (availableMultipleSkills)	AS-IS returns `null` when every pooled `MultipleSkills` is in use (pool is a fixed Inspector-provisioned list, never grown). TO-BE, on the same exhaustion, constructs a brand-new `MultipleSkills(_context)`, appends it to `_multipleSkills`, and returns it — the getter can never return null in the port, changing the null/non-null contract callers (e.g. TriggeredSkillProcess's `if (availableMultipleSkills != null)`) observe. No Unity scene-instantiated component pool exists to draw from in headless; lazy construction substitutes it	SUBSTRATE
DIFF	/home/hg/git/headlessDCGO/DCGO/Assets/Scripts/Script/AutoProcessing.cs:65	/home/hg/git/headlessDCGO/src/HeadlessDCGO.Engine/Assets/Scripts/Script/AutoProcessing.cs:698 (PutStackedSkill)	`card.PermanentOfThisCard()` (instance method returning `Permanent`) becomes `ICardEffect.ResolvePermanentOfThisCard(card)` (static resolver). In the port, `CardSource.PermanentOfThisCard()` still exists but now returns a different type, `PermanentView` (CardSource.cs:56), not a nullable `Permanent`; callers that need a real nullable `Permanent` (like PutStackedSkill) must instead call the separate static `ICardEffect.ResolvePermanentOfThisCard` (ICardEffect.cs:462)	SUBSTRATE
DIFF	/home/hg/git/headlessDCGO/DCGO/Assets/Scripts/Script/AutoProcessing.cs:85	/home/hg/git/headlessDCGO/src/HeadlessDCGO.Engine/Assets/Scripts/Script/AutoProcessing.cs:718 (PutStackedSkill)	`if (card == GManager.instance.attackProcess.SecurityDigimon)` (CardSource reference equality) becomes `if (GManager.instance.attackProcess.SecurityDigimon is { } securityDigimon && card.InstanceId == securityDigimon)` (id equality). AS-IS `AttackProcess.SecurityDigimon` is `public CardSource SecurityDigimon`; port `AttackProcess.SecurityDigimon` is `public HeadlessEntityId? SecurityDigimon` — the field's type itself changed	SUBSTRATE
DIFF	/home/hg/git/headlessDCGO/DCGO/Assets/Scripts/Script/AutoProcessing.cs:121-141	/home/hg/git/headlessDCGO/src/HeadlessDCGO.Engine/Assets/Scripts/Script/AutoProcessing.cs:1137-1153 (AutoProcessCheck, relocated within file)	AS-IS body opens with `yield return ContinuousController.instance.StartCoroutine(ShrinkSecurityDigimonDisplay());` then brackets the whole pipeline in `GManager.instance.turnStateMachine.IsSelecting = true;` / `= false;`. TO-BE's AutoProcessCheck has the ShrinkSecurityDigimonDisplay call site removed — see the dedicated ABSENT row for that method (AS-IS:730-747) for why	SUBSTRATE
DIFF	/home/hg/git/headlessDCGO/DCGO/Assets/Scripts/Script/AutoProcessing.cs:128,139	/home/hg/git/headlessDCGO/src/HeadlessDCGO.Engine/Assets/Scripts/Script/AutoProcessing.cs:1137-1153 (AutoProcessCheck)	`GManager.instance.turnStateMachine.IsSelecting = true;` / `= false;` bracketing the whole AutoProcessCheck pipeline is entirely absent from TO-BE. `TurnStateMachine.IsSelecting` still exists in the port (TurnStateMachine.cs:50) and is set/cleared elsewhere in the port (e.g. AttackProcess.cs:231/246/365, CardController.cs:3727/4006/4134), so nothing prevents AutoProcessCheck from doing the same; it simply does not	MIRROR
DIFF	/home/hg/git/headlessDCGO/DCGO/Assets/Scripts/Script/AutoProcessing.cs:730-747	ABSENT	The entire `ShrinkSecurityDigimonDisplay()` method (and both its in-file call sites at AS-IS:126 and :574) is absent from the TO-BE tree — grep -rn "ShrinkSecurityDigimonDisplay" src/HeadlessDCGO.Engine/ returns zero hits anywhere, including its 8 other AS-IS call sites in CardController.cs/CardObjectController.cs. AS-IS body reads `GManager.instance.GetComponent<Effects>().ShowUseHandCard.gameObject.activeSelf` and `.ShowUseHandCard.cardSource`; the port's `Effects.ShowUseHandCard` (Effects.cs:118) is a bare `object?` stub with no `.gameObject`/`.cardSource` members, and there is no `GetComponent<Effects>()` call anywhere in the port tree (grep count 0)	SUBSTRATE
DIFF	/home/hg/git/headlessDCGO/DCGO/Assets/Scripts/Script/AutoProcessing.cs:144	/home/hg/git/headlessDCGO/src/HeadlessDCGO.Engine/Assets/Scripts/Script/AutoProcessing.cs:61	`public bool IsRuleProcessing { get; set; } = false;` drops the explicit `= false` initializer in TO-BE; default(bool) is false either way, no behavioral difference	MIRROR
DIFF	/home/hg/git/headlessDCGO/DCGO/Assets/Scripts/Script/AutoProcessing.cs:152	/home/hg/git/headlessDCGO/src/HeadlessDCGO.Engine/Assets/Scripts/Script/AutoProcessing.cs:70-73 (IsNotDigimonInBreeding)	TO-BE inserts a guard absent from AS-IS: `if (!permanent.TopCard.HasDefinition) { return false; }` before the `IsExistOnBreedingArea` check. `CardSource.HasDefinition` (CardSource.cs:1000, `=> Definition is not null`) has no AS-IS counterpart; it is a data-definition-lookup guard since AS-IS cards are always backed by a compiled prefab/component with no equivalent "undefined card" state	SUBSTRATE
DIFF	/home/hg/git/headlessDCGO/DCGO/Assets/Scripts/Script/AutoProcessing.cs:169	/home/hg/git/headlessDCGO/src/HeadlessDCGO.Engine/Assets/Scripts/Script/AutoProcessing.cs:94-97 (IsNotHavingDP)	TO-BE inserts a guard absent from AS-IS: `if (permanent.IsDigimon && !permanent.TopCard.IsDigiEgg && !permanent.IsDpDefined) { return false; }` before the `permanent.DP < 0` check. `Permanent.IsDpDefined` (Permanent.cs:131) has no AS-IS counterpart — a data-definition guard for DP resolution, absent from AS-IS's always-defined Unity card fields	SUBSTRATE
DIFF	/home/hg/git/headlessDCGO/DCGO/Assets/Scripts/Script/AutoProcessing.cs:197	/home/hg/git/headlessDCGO/src/HeadlessDCGO.Engine/Assets/Scripts/Script/AutoProcessing.cs:129-132 (IsDigimonLackDP)	TO-BE inserts a guard absent from AS-IS: `if (!permanent.IsDpDefined) { return false; }` before the `permanent.DP == 0` check — same IsDpDefined guard as IsNotHavingDP	SUBSTRATE
DIFF	/home/hg/git/headlessDCGO/DCGO/Assets/Scripts/Script/AutoProcessing.cs:219	/home/hg/git/headlessDCGO/src/HeadlessDCGO.Engine/Assets/Scripts/Script/AutoProcessing.cs:152 (IsAttackerNotADigimon)	`GManager.instance.attackProcess.IsAttacking`/`.AttackingPermanent` (global singleton field access) becomes `AttackProcess attackProcess = AttackProcess.For(_context); attackProcess.IsAttacking`/`.AttackingPermanent` (per-context factory lookup); `AttackProcess.For(EngineContext)` (AttackProcess.cs:23) replaces the GManager.instance global singleton	SUBSTRATE
DIFF	/home/hg/git/headlessDCGO/DCGO/Assets/Scripts/Script/AutoProcessing.cs:240	/home/hg/git/headlessDCGO/src/HeadlessDCGO.Engine/Assets/Scripts/Script/AutoProcessing.cs:175-176 (IsDigimonLackLinkCondition)	`permanent.LinkedCards.Any(source => !source.CanLinkToTargetPermanent(permanent, false, true))` becomes `permanent.LinkedCards.Any(source => source.LinkConditionOf() is not null && !source.CanLinkToTargetPermanent(permanent, false, true))` — an added `LinkConditionOf() is not null` guard narrows which linked cards can trip the lacking-condition check. `CardSource.LinkConditionOf()` (CardSource.cs:1628) has no AS-IS counterpart; AS-IS folds the equivalent check entirely inside CanLinkToTargetPermanent	SUBSTRATE
DIFF	/home/hg/git/headlessDCGO/DCGO/Assets/Scripts/Script/AutoProcessing.cs:250	/home/hg/git/headlessDCGO/src/HeadlessDCGO.Engine/Assets/Scripts/Script/AutoProcessing.cs:186 (IsDigimonLackLinkCount)	Access modifier only: AS-IS `bool IsDigimonLackLinkCount(...)` (implicit private, default C# member access) becomes explicit `private bool IsDigimonLackLinkCount(...)`; body identical, accessibility unchanged (implicit private == explicit private)	MIRROR
DIFF	/home/hg/git/headlessDCGO/DCGO/Assets/Scripts/Script/AutoProcessing.cs:266	/home/hg/git/headlessDCGO/src/HeadlessDCGO.Engine/Assets/Scripts/Script/AutoProcessing.cs:202 (IsPermanentFaceDown)	Access modifier only: AS-IS `bool IsPermanentFaceDown(...)` (implicit private) becomes explicit `private bool IsPermanentFaceDown(...)`; body identical, accessibility unchanged	MIRROR
DIFF	/home/hg/git/headlessDCGO/DCGO/Assets/Scripts/Script/AutoProcessing.cs:282	/home/hg/git/headlessDCGO/src/HeadlessDCGO.Engine/Assets/Scripts/Script/AutoProcessing.cs:219-279 (RuleProcess)	`public IEnumerator RuleProcess()` (no return value, no cancellation) becomes `public async Task<bool> RuleProcess(CancellationToken cancellationToken = default)`; TO-BE opens with `using AmbientMatchContext.Scope _ruleScope = AmbientMatchContext.Enter(_context);`, absent from AS-IS — this threads the per-match EngineContext to code paths that still resolve state via GManager.instance-style global access within this call tree, a substitute for Unity's single implicit scene context	SUBSTRATE
DIFF	/home/hg/git/headlessDCGO/DCGO/Assets/Scripts/Script/AutoProcessing.cs:284	/home/hg/git/headlessDCGO/src/HeadlessDCGO.Engine/Assets/Scripts/Script/AutoProcessing.cs:225,227	`while (DoRuleProcess())` gains, inside the loop body, `cancellationToken.ThrowIfCancellationRequested();` — cooperative cancellation with no Unity coroutine engine to abort via scene teardown, no AS-IS counterpart	SUBSTRATE
DIFF	/home/hg/git/headlessDCGO/DCGO/Assets/Scripts/Script/AutoProcessing.cs:284	/home/hg/git/headlessDCGO/src/HeadlessDCGO.Engine/Assets/Scripts/Script/AutoProcessing.cs:229	`bool progressed = false;` per-pass accumulator with no AS-IS counterpart — AS-IS's loop re-scans board state via the pure predicate DoRuleProcess() each pass and keeps no progress flag at all (confirmed in docs/audit/coroutine_handsites.md A-01: "bool is port-only")	MIRROR
DIFF	/home/hg/git/headlessDCGO/DCGO/Assets/Scripts/Script/AutoProcessing.cs:289-291	/home/hg/git/headlessDCGO/src/HeadlessDCGO.Engine/Assets/Scripts/Script/AutoProcessing.cs:232-238 (RuleProcess)	AS-IS: `yield return ...StartCoroutine(EndGameProcess()); if (GManager.instance.turnStateMachine.endGame) yield break;` — leaves `IsRuleProcessing` at `true` on the way out (never reset before the `yield break`, since DoRuleProcess's first check is `if (IsRuleProcessing) return false;`, permanently blocking further passes after any game-ending pass). TO-BE explicitly resets it: `progressed |= EndGameProcess(); if (_context.RuleQueryService.IsTerminal()) { IsRuleProcessing = false; return true; }`	MIRROR
DIFF	/home/hg/git/headlessDCGO/DCGO/Assets/Scripts/Script/AutoProcessing.cs:291	/home/hg/git/headlessDCGO/src/HeadlessDCGO.Engine/Assets/Scripts/Script/AutoProcessing.cs:234	`GManager.instance.turnStateMachine.endGame` (state-machine boolean field) becomes `_context.RuleQueryService.IsTerminal()` (query-service call) — query-service abstraction replaces the AS-IS field	SUBSTRATE
DIFF	/home/hg/git/headlessDCGO/DCGO/Assets/Scripts/Script/AutoProcessing.cs:294,297,300,306,312	/home/hg/git/headlessDCGO/src/HeadlessDCGO.Engine/Assets/Scripts/Script/AutoProcessing.cs:241,244,247,254,266 (RuleProcess)	Each `yield return ...StartCoroutine(StageProcess())` (void IEnumerator, nothing read back) becomes `progressed |= await StageProcess(cancellationToken).ConfigureAwait(false)` for TrashNonDigimonPermanentProcess/TrashNoDPPermanentProcess/DigimonLackDPProcess/DigimonLackLinkConditionProcess/CardFaceDownProcess — each stage method's new `bool` return is a port-only invention consumed only to build `progressed` (docs/audit/coroutine_handsites.md A-02..A-05, A-07)	MIRROR
DIFF	/home/hg/git/headlessDCGO/DCGO/Assets/Scripts/Script/AutoProcessing.cs:303,309	/home/hg/git/headlessDCGO/src/HeadlessDCGO.Engine/Assets/Scripts/Script/AutoProcessing.cs:251,257-263 (RuleProcess)	AS-IS `yield return ...StartCoroutine(BattleWithoutDigimon())` / `...DigimonLackLinkMaxCountProcess())` are bare void-IEnumerator calls with nothing read back. TO-BE reads back `progressed |= BattleWithoutDigimon();` and, for the link-max stage, destructures `(bool linkMaxProgressed, bool linkMaxParked) = await DigimonLackLinkMaxCountProcess(cancellationToken)...; if (linkMaxParked) { IsRuleProcessing = false; return true; }` — an early-exit ("parked") path that stops the whole RuleProcess loop mid-pass when a player choice becomes pending, with no AS-IS analogue (AS-IS's coroutine simply suspends at the nested yield and resumes the same foreach in place; docs/audit/coroutine_handsites.md B-05: "the original just suspends in place")	MIRROR
DIFF	/home/hg/git/headlessDCGO/DCGO/Assets/Scripts/Script/AutoProcessing.cs:314	/home/hg/git/headlessDCGO/src/HeadlessDCGO.Engine/Assets/Scripts/Script/AutoProcessing.cs:268-275 (RuleProcess)	AS-IS unconditionally loops back to `while (DoRuleProcess())` after `IsRuleProcessing = false;`. TO-BE adds `progressedAny |= progressed; if (!progressed) { _context.LogSink.Warn("...RuleProcess pass made no progress while DoRuleProcess reports work; yielding."); break; }` — a stall-detection early `break` out of the while loop with no AS-IS counterpart, plus a final `return progressedAny;` (AS-IS returns nothing, it's void IEnumerator)	MIRROR
DIFF	/home/hg/git/headlessDCGO/DCGO/Assets/Scripts/Script/AutoProcessing.cs:324	/home/hg/git/headlessDCGO/src/HeadlessDCGO.Engine/Assets/Scripts/Script/AutoProcessing.cs:287 (DoRuleProcess)	`GManager.instance.turnStateMachine.gameContext.Players.Count(player => player.IsLose)` becomes `Players().Count(playerId => _context.PlayerStatusController.IsLose(playerId))` — global GameContext.Players field enumeration replaced by the private `Players()` helper (TO-BE:608-609, backed by `_context.TurnController.Current.PlayerOrder`) plus `PlayerStatusController.IsLose(HeadlessPlayerId)`	SUBSTRATE
DIFF	/home/hg/git/headlessDCGO/DCGO/Assets/Scripts/Script/AutoProcessing.cs:331,338,345,359,366,373	/home/hg/git/headlessDCGO/src/HeadlessDCGO.Engine/Assets/Scripts/Script/AutoProcessing.cs:294,301,308,322,329,336 (DoRuleProcess)	`CardEffectCommons.HasMatchConditionPermanent(condition, isContainBreedingArea)` — a public static method defined in a different AS-IS file, `DCGO/Assets/Scripts/Script/CardEffectCommons/GameContextDeterminarion.cs:641` — becomes a call to a new `private bool HasMatchConditionPermanent(...)` defined inside AutoProcessing.cs itself (TO-BE:581-606). The port's own `CardEffectCommons.cs` only carries a differently-shaped 3-arg overload that additionally requires a `CardSource card` (CardEffectCommons.cs:1800); the AS-IS 2-arg (`Func<Permanent,bool>`, `bool`) overload used here has no matching overload in the port's CardEffectCommons, so the logic is duplicated locally using `PlayersForTurnPlayer()`/`GetBattleAreaPermanents()`/`GetBreedingAreaPermanents()` (ZoneMover-based per-player zone reads) instead of AS-IS's `Players.Map(player => player.GetBattleAreaPermanents()/GetFieldPermanents()).Flat().Some(condition)`	SUBSTRATE
DIFF	/home/hg/git/headlessDCGO/DCGO/Assets/Scripts/Script/AutoProcessing.cs:352	/home/hg/git/headlessDCGO/src/HeadlessDCGO.Engine/Assets/Scripts/Script/AutoProcessing.cs:315-318 (DoRuleProcess)	`if (IsAttackerNotADigimon()) { //return true; }` — dead branch (commented-out `return true;`) preserved identically in TO-BE; no behavioral difference, noted for hunk coverage	MIRROR
DIFF	/home/hg/git/headlessDCGO/DCGO/Assets/Scripts/Script/AutoProcessing.cs:386	/home/hg/git/headlessDCGO/src/HeadlessDCGO.Engine/Assets/Scripts/Script/AutoProcessing.cs:348-353 (EndGameProcess)	TO-BE adds a guard absent from AS-IS at method entry: `if (_context.RuleQueryService.IsTerminal()) { return false; }` before iterating players — a RuleQueryService re-entrancy guard, no AS-IS field for this early-out	SUBSTRATE
DIFF	/home/hg/git/headlessDCGO/DCGO/Assets/Scripts/Script/AutoProcessing.cs:388,390	/home/hg/git/headlessDCGO/src/HeadlessDCGO.Engine/Assets/Scripts/Script/AutoProcessing.cs:355,357 (EndGameProcess)	`foreach (Player player in GManager.instance.turnStateMachine.gameContext.Players) { if (player.IsLose) {...} }` becomes `foreach (HeadlessPlayerId playerId in Players()) { if (!_context.PlayerStatusController.IsLose(playerId)) { continue; } ...}` — same substrate substitution as DoRuleProcess (GameContext.Players/Player.IsLose → Players()/PlayerStatusController.IsLose)	SUBSTRATE
DIFF	/home/hg/git/headlessDCGO/DCGO/Assets/Scripts/Script/AutoProcessing.cs:392-402	/home/hg/git/headlessDCGO/src/HeadlessDCGO.Engine/Assets/Scripts/Script/AutoProcessing.cs:362-385 (EndGameProcess)	AS-IS calls `GManager.instance.turnStateMachine.EndGame(player.Enemy, false)` (winner, Surrendered) or `EndGame(null, false)` for a mutual loss, then `yield break`. TO-BE computes `bothLose` via `new Player(_context, playerId).Enemy?.PlayerId` + `PlayerStatusController.IsLose(enemy)`, then calls `ITerminalOutcomeSink.SetTerminalOutcome(winnerId, isDraw, reasonString)` if the RuleQueryService implements that interface, else falls back to `ITerminalStateController.SetTerminal(true)` — no AS-IS analogue for either interface dispatch. `TurnStateMachine.EndGame`'s own scene-cleanup / Photon room property reset (GManager.CloseWhenEndingGameObjects, PhotonNetwork.CurrentRoom.SetCustomProperties) has no headless substrate to run against	SUBSTRATE
DIFF	/home/hg/git/headlessDCGO/DCGO/Assets/Scripts/Script/AutoProcessing.cs:392-402	/home/hg/git/headlessDCGO/src/HeadlessDCGO.Engine/Assets/Scripts/Script/AutoProcessing.cs:382-383 (EndGameProcess)	TO-BE adds `_context.LogSink.Info($"[AutoProcessing] EndGameProcess terminal: ...")` with no AS-IS counterpart call at this site	MIRROR
DIFF	/home/hg/git/headlessDCGO/DCGO/Assets/Scripts/Script/AutoProcessing.cs:409-436	/home/hg/git/headlessDCGO/src/HeadlessDCGO.Engine/Assets/Scripts/Script/AutoProcessing.cs:392-416 (TrashNonDigimonPermanentProcess)	`GManager.instance.turnStateMachine.gameContext.Players_ForTurnPlayer.Map(player => player.GetBreedingAreaPermanents().Filter(IsNotDigimonInBreeding)).Flat()` becomes `PlayersForTurnPlayer().SelectMany(player => GetBreedingAreaPermanents(player).Where(IsNotDigimonInBreeding)).ToList()` — GameContext.Players_ForTurnPlayer/Player.GetBreedingAreaPermanents() replaced by the new private PlayersForTurnPlayer()/GetBreedingAreaPermanents(HeadlessPlayerId) helpers	SUBSTRATE
DIFF	/home/hg/git/headlessDCGO/DCGO/Assets/Scripts/Script/AutoProcessing.cs:423,427,429,430	/home/hg/git/headlessDCGO/src/HeadlessDCGO.Engine/Assets/Scripts/Script/AutoProcessing.cs:407,572-579 (TrashNonDigimonPermanentProcess -> DirectTrashPermanentAsync)	AS-IS runs 4 sequential coroutines per permanent: `DiscardEvoRoots()`, `GManager.instance.GetComponent<Effects>().ShowCardEffect(new List<CardSource>{cardSource}, "Cards put to trash", true, true)`, `CardObjectController.RemoveField(permanent)`, `CardObjectController.AddTrashCard(cardSource)`. TO-BE's `DirectTrashPermanentAsync` calls only `permanent.DiscardEvoRoots(...)` then `_context.ZoneMover.MoveAsync(new ZoneMoveRequest(...), ...)` — RemoveField+AddTrashCard (both still exist as static methods on CardObjectController.cs:176/217) are bypassed in favor of a single ZoneMover.MoveAsync request	SUBSTRATE
DIFF	/home/hg/git/headlessDCGO/DCGO/Assets/Scripts/Script/AutoProcessing.cs:427	/home/hg/git/headlessDCGO/src/HeadlessDCGO.Engine/Assets/Scripts/Script/AutoProcessing.cs:572-579 (DirectTrashPermanentAsync)	`GManager.instance.GetComponent<Effects>().ShowCardEffect(new List<CardSource>{cardSource}, "Cards put to trash", true, true)` call is dropped — no call site at all in DirectTrashPermanentAsync, though `Effects.ShowCardEffect` still exists as a no-op Task stub (Effects.cs:86) and is callable	MIRROR
DIFF	/home/hg/git/headlessDCGO/DCGO/Assets/Scripts/Script/AutoProcessing.cs:409	/home/hg/git/headlessDCGO/src/HeadlessDCGO.Engine/Assets/Scripts/Script/AutoProcessing.cs:392 (TrashNonDigimonPermanentProcess)	`IEnumerator TrashNonDigimonPermanentProcess()` (void) becomes `private async Task<bool> TrashNonDigimonPermanentProcess(CancellationToken)` returning a `progressed` flag set whenever a permanent was actually trashed — AS-IS keeps no such flag (docs/audit/coroutine_handsites.md A-02)	MIRROR
DIFF	/home/hg/git/headlessDCGO/DCGO/Assets/Scripts/Script/AutoProcessing.cs:439-466	/home/hg/git/headlessDCGO/src/HeadlessDCGO.Engine/Assets/Scripts/Script/AutoProcessing.cs:419-443 (TrashNoDPPermanentProcess)	Same substrate substitution as TrashNonDigimonPermanentProcess: Players_ForTurnPlayer/GetBattleAreaPermanents() enumeration swap and RemoveField+AddTrashCard collapsed into DirectTrashPermanentAsync (BattleArea zone)	SUBSTRATE
DIFF	/home/hg/git/headlessDCGO/DCGO/Assets/Scripts/Script/AutoProcessing.cs:457	/home/hg/git/headlessDCGO/src/HeadlessDCGO.Engine/Assets/Scripts/Script/AutoProcessing.cs:434 (TrashNoDPPermanentProcess -> DirectTrashPermanentAsync)	Same ShowCardEffect call drop as TrashNonDigimonPermanentProcess, and the same port-only `progressed` return added to `private async Task<bool> TrashNoDPPermanentProcess(CancellationToken)`	MIRROR
DIFF	/home/hg/git/headlessDCGO/DCGO/Assets/Scripts/Script/AutoProcessing.cs:469-485	/home/hg/git/headlessDCGO/src/HeadlessDCGO.Engine/Assets/Scripts/Script/AutoProcessing.cs:446-466 (DigimonLackDPProcess)	Players_ForTurnPlayer/GetBattleAreaPermanents() substrate swap (as above)	SUBSTRATE
DIFF	/home/hg/git/headlessDCGO/DCGO/Assets/Scripts/Script/AutoProcessing.cs:482	/home/hg/git/headlessDCGO/src/HeadlessDCGO.Engine/Assets/Scripts/Script/AutoProcessing.cs:459-461 (DigimonLackDPProcess)	AS-IS's `yield return ...StartCoroutine(new DestroyPermanentsClass(...).Destroy())` reads nothing back; TO-BE reads `destroyPermanents.DestroyedPermanents.Count >= 1` off the same instance after `await Destroy(...)` to build its `bool` return — `DestroyPermanentsClass.DestroyedPermanents` exists in AS-IS but the AS-IS coroutine never consults it at this call site	MIRROR
DIFF	/home/hg/git/headlessDCGO/DCGO/Assets/Scripts/Script/AutoProcessing.cs:488	/home/hg/git/headlessDCGO/src/HeadlessDCGO.Engine/Assets/Scripts/Script/AutoProcessing.cs:471 (BattleWithoutDigimon)	`GManager.instance.attackProcess.AttackingPermanent`/`.DefendingPermanent`/`.HasDefender`/`.IsEndAttack` (global singleton) becomes `AttackProcess attackProcess = AttackProcess.For(_context); attackProcess....` (per-context factory) — same AttackProcess.For(_context) substitution as IsAttackerNotADigimon	SUBSTRATE
DIFF	/home/hg/git/headlessDCGO/DCGO/Assets/Scripts/Script/AutoProcessing.cs:493-494,496-497	/home/hg/git/headlessDCGO/src/HeadlessDCGO.Engine/Assets/Scripts/Script/AutoProcessing.cs:478-482,484-488 (BattleWithoutDigimon)	AS-IS sets `attackProcess.IsEndAttack = true;` unconditionally whenever `!AttackingPermanent.IsDigimon` (and again whenever `DefendingPermanent == null && HasDefender`), with no guard on the current value. TO-BE adds `&& !attackProcess.IsEndAttack` to each condition and tracks a `bool progressed` set only on the transition, returned to the caller — AS-IS has no such flag and reassigns unconditionally each pass; final IsEndAttack state is equivalent (still ends up true) but the added condition guard is a code-shape change with no AS-IS counterpart	MIRROR
DIFF	/home/hg/git/headlessDCGO/DCGO/Assets/Scripts/Script/AutoProcessing.cs:504	/home/hg/git/headlessDCGO/src/HeadlessDCGO.Engine/Assets/Scripts/Script/AutoProcessing.cs:497 (DigimonLackLinkConditionProcess)	Players_ForTurnPlayer/GetFieldPermanents() substrate swap (as above)	SUBSTRATE
DIFF	/home/hg/git/headlessDCGO/DCGO/Assets/Scripts/Script/AutoProcessing.cs:512	/home/hg/git/headlessDCGO/src/HeadlessDCGO.Engine/Assets/Scripts/Script/AutoProcessing.cs:506-507 (DigimonLackLinkConditionProcess)	`permanent.LinkedCards.FindAll(source => !source.CanLinkToTargetPermanent(permanent, false))` becomes `permanent.LinkedCards.FindAll(source => source.LinkConditionOf() is not null && !source.CanLinkToTargetPermanent(permanent, false))` — same `LinkConditionOf()` guard addition as IsDigimonLackLinkCondition	SUBSTRATE
DIFF	/home/hg/git/headlessDCGO/DCGO/Assets/Scripts/Script/AutoProcessing.cs:514	/home/hg/git/headlessDCGO/src/HeadlessDCGO.Engine/Assets/Scripts/Script/AutoProcessing.cs:509-513 (DigimonLackLinkConditionProcess)	`yield return ...StartCoroutine(new ITrashLinkCards(permanent, selectedCards, null).TrashLinkCards())` (nothing read back) becomes `await new ITrashLinkCards(...).TrashLinkCards(cancellationToken)...; progressed = true;` — `progressed` is unconditionally set true whenever any permanent was in the list, a port-only flag with no AS-IS counterpart	MIRROR
DIFF	/home/hg/git/headlessDCGO/DCGO/Assets/Scripts/Script/AutoProcessing.cs:524-538	/home/hg/git/headlessDCGO/src/HeadlessDCGO.Engine/Assets/Scripts/Script/AutoProcessing.cs:522-545 (DigimonLackLinkMaxCountProcess)	AS-IS's `foreach (Permanent permanent in LackLinkCountPermanents) { yield return ...StartCoroutine(permanent.RemoveLinkedCard(...)); }` processes every over-linked permanent in the list in one pass (a nested player-selection coroutine, if any, suspends and resumes the same foreach). TO-BE's version checks `if (_context.ChoiceController.Current.IsPending) { return (true, true); }` after each `RemoveLinkedCard` await and, if a choice is now pending, abandons the remaining permanents in the list and returns `Parked = true` immediately — remaining over-linked permanents are left for the next external re-entry into RuleProcess rather than finished in the same pass. Has no AS-IS analogue (docs/audit/coroutine_handsites.md: "the original simply suspends inside SelectCardEffect.Activate() and the coroutine resumes in place")	MIRROR
DIFF	/home/hg/git/headlessDCGO/DCGO/Assets/Scripts/Script/AutoProcessing.cs:541-565	/home/hg/git/headlessDCGO/src/HeadlessDCGO.Engine/Assets/Scripts/Script/AutoProcessing.cs:548-569 (CardFaceDownProcess)	Same substrate substitution as the other Trash*Process methods: Players_ForTurnPlayer/GetBattleAreaPermanents() enumeration swap and RemoveField+AddTrashCard collapsed into DirectTrashPermanentAsync	SUBSTRATE
DIFF	/home/hg/git/headlessDCGO/DCGO/Assets/Scripts/Script/AutoProcessing.cs:557	/home/hg/git/headlessDCGO/src/HeadlessDCGO.Engine/Assets/Scripts/Script/AutoProcessing.cs:561-563 (CardFaceDownProcess -> DirectTrashPermanentAsync)	Same ShowCardEffect call drop and port-only `progressed` return added to `private async Task<bool> CardFaceDownProcess(CancellationToken)` as the other Trash*Process methods	MIRROR
DIFF	ABSENT	/home/hg/git/headlessDCGO/src/HeadlessDCGO.Engine/Assets/Scripts/Script/AutoProcessing.cs:608-639 (Players, PlayersForTurnPlayer, GetBattleAreaPermanents, GetBreedingAreaPermanents, GetFieldPermanents, GetZonePermanents)	Six new private helper methods with no AS-IS counterpart, collectively replacing the AS-IS pattern of calling instance methods on `Player` (`player.GetBattleAreaPermanents()`, `player.GetFieldPermanents()`, `player.GetBreedingAreaPermanents()`) reached via `GManager.instance.turnStateMachine.gameContext.Players_ForTurnPlayer`. `GetZonePermanents` reads `_context.ZoneMover` cast to `IZoneStateReader` and constructs `new Permanent(_context, cardId, player)` per id — no GameContext/Player singleton chain exists in the port; ZoneMover-based per-id zone reads substitute for it throughout this file	SUBSTRATE
DIFF	/home/hg/git/headlessDCGO/DCGO/Assets/Scripts/Script/AutoProcessing.cs:12	/home/hg/git/headlessDCGO/src/HeadlessDCGO.Engine/Assets/Scripts/Script/AutoProcessing.cs:643 (StackedSkillInfos)	Field relocated within the same file (from near the top to a `#region effect stack` block past the midpoint); same type/initializer, no behavioral difference — noted for completeness	MIRROR
DIFF	ABSENT	/home/hg/git/headlessDCGO/src/HeadlessDCGO.Engine/Assets/Scripts/Script/AutoProcessing.cs:59	`public const string LinkTrimRequestIdPrefix = "rule:link-trim:";` — a port-only constant with no AS-IS counterpart, consumed by MetadataActionProcessor.cs:522/525 and Permanent.cs:3647 to build/parse a choice-request id string for the link-trim parking flow introduced in DigimonLackLinkMaxCountProcess. Request-id-keyed choice-pump plumbing has no AS-IS analogue since AS-IS parks by suspending the coroutine in place rather than by a keyed out-of-band request	SUBSTRATE
DIFF	/home/hg/git/headlessDCGO/DCGO/Assets/Scripts/Script/AutoProcessing.cs:571-601	/home/hg/git/headlessDCGO/src/HeadlessDCGO.Engine/Assets/Scripts/Script/AutoProcessing.cs:1061-1090 (TriggeredSkillProcess, relocated within file)	AS-IS opens with `yield return ContinuousController.instance.StartCoroutine(ShrinkSecurityDigimonDisplay());` before checking `StackedSkillInfos.Count`. TO-BE has no such call at all — this is the method's second (of two) dropped ShrinkSecurityDigimonDisplay call site, same reasoning as the AS-IS:730-747 row (Effects.ShowUseHandCard shape / GetComponent<Effects>() absence)	SUBSTRATE
DIFF	/home/hg/git/headlessDCGO/DCGO/Assets/Scripts/Script/AutoProcessing.cs:591,597	/home/hg/git/headlessDCGO/src/HeadlessDCGO.Engine/Assets/Scripts/Script/AutoProcessing.cs:1078,1085 (TriggeredSkillProcess)	`yield return ...StartCoroutine(availableMultipleSkills.ActivateMultipleSkills(...))` / `...StartCoroutine(StackSkillInfos(null, EffectTiming.AfterEffectsActivate))` become plain `await` calls; body otherwise statement-for-statement identical	IRREDUCIBLE
DIFF	/home/hg/git/headlessDCGO/DCGO/Assets/Scripts/Script/AutoProcessing.cs:630-642	/home/hg/git/headlessDCGO/src/HeadlessDCGO.Engine/Assets/Scripts/Script/AutoProcessing.cs:1164-1178 (EndTurnCheck)	`GManager.instance.turnStateMachine.gameContext.NonTurnPlayer.MemoryForPlayer` gains a null-forgiving operator: `NonTurnPlayer!.MemoryForPlayer`; `EndTurnProcess()` call becomes `await EndTurnProcess(cancellationToken)`. No behavioral difference beyond nullable-reference annotation and the mechanical coroutine conversion	IRREDUCIBLE
DIFF	/home/hg/git/headlessDCGO/DCGO/Assets/Scripts/Script/AutoProcessing.cs:681-694	/home/hg/git/headlessDCGO/src/HeadlessDCGO.Engine/Assets/Scripts/Script/AutoProcessing.cs:1220-1224 (EndTurnProcess)	AS-IS: inside `if (Passed && TurnPhase==Main)`, branches on `if (GManager.instance.turnStateMachine.gameContext.TurnPlayer.PlayerID == 0) { gameContext.Memory = 3; } else { gameContext.Memory = -3; }`. TO-BE: the same outer `if` guard calls only `_context.MemoryController.Set(-3);` unconditionally — the `PlayerID == 0` branch (Memory = 3) is entirely absent; TO-BE always sets -3 regardless of which player's turn just ended. grep -rn "PlayerID == 0" across src/HeadlessDCGO.Engine/Assets/Scripts/Script/ returns zero hits. Nothing in the port prevents branching on player identity (HeadlessPlayerId is used pervasively elsewhere in this same file), so this is not substrate-forced	MIRROR
DIFF	/home/hg/git/headlessDCGO/DCGO/Assets/Scripts/Script/AutoProcessing.cs:693	/home/hg/git/headlessDCGO/src/HeadlessDCGO.Engine/Assets/Scripts/Script/AutoProcessing.cs:1222	`yield return ContinuousController.instance.StartCoroutine(GManager.instance.memoryObject.SetMemory())` (a coroutine that also drives a `MemoryTab` UI display via `oldMemory != gameContext.Memory` comparison, MemoryObject.cs:45-) becomes `_context.MemoryController.Set(-3)` — a direct value-set call on `IHeadlessMemoryController`, whose own source (IHeadlessMemoryController.cs:6) carries the comment `// TODO: Replace with AS-IS memory/cost flow after card payment logic is ported.` MemoryObject's Unity MemoryTab UI-sync coroutine has no headless equivalent	SUBSTRATE
DIFF	/home/hg/git/headlessDCGO/DCGO/Assets/Scripts/Script/AutoProcessing.cs:702	/home/hg/git/headlessDCGO/src/HeadlessDCGO.Engine/Assets/Scripts/Script/AutoProcessing.cs:1232	`yield return ...StartCoroutine(GManager.instance.autoProcessing.AutoProcessCheck())` becomes `await GManager.instance.autoProcessing.AutoProcessCheck(cancellationToken)` — mechanical; note AutoProcessCheck itself has already dropped ShrinkSecurityDigimonDisplay/IsSelecting toggling (see rows for AS-IS:121-141/128,139)	IRREDUCIBLE
DIFF	/home/hg/git/headlessDCGO/DCGO/Assets/Scripts/Script/AutoProcessing.cs:707	/home/hg/git/headlessDCGO/src/HeadlessDCGO.Engine/Assets/Scripts/Script/AutoProcessing.cs:1235-1238	AS-IS: `while (attackProcess.ActiveAttack()) { Debug.Log($"Active Attack, {Enum.GetName(typeof(AttackProcess.AttackState), attackProcess.State)} Step"); yield return ...StartCoroutine(attackProcess.ProcessNextState()); ... }`. TO-BE drops the `Debug.Log` call entirely — grep -rl "Debug\.Log" across src/HeadlessDCGO.Engine/Assets/Scripts/Script/*.cs returns 0 files (UnityEngine.Debug not referenced anywhere in the port)	SUBSTRATE
DIFF	/home/hg/git/headlessDCGO/DCGO/Assets/Scripts/Script/AutoProcessing.cs:708	/home/hg/git/headlessDCGO/src/HeadlessDCGO.Engine/Assets/Scripts/Script/AutoProcessing.cs:1237	TO-BE inserts `await TurnStateMachine.WaitPendingChoiceUnderPump(_context).ConfigureAwait(false);` before `await attackProcess.ProcessNextState(cancellationToken);` inside the `while (ActiveAttack())` loop, with no AS-IS counterpart — a headless choice-pump primitive substituting for Unity's native per-frame coroutine scheduler	SUBSTRATE
DIFF	/home/hg/git/headlessDCGO/DCGO/Assets/Scripts/Script/AutoProcessing.cs:714	/home/hg/git/headlessDCGO/src/HeadlessDCGO.Engine/Assets/Scripts/Script/AutoProcessing.cs:1244	`GManager.instance.turnStateMachine.gameContext.NonTurnPlayer.MemoryForPlayer` gains the same null-forgiving `!` as in EndTurnCheck; no behavioral difference	IRREDUCIBLE
DIFF	/home/hg/git/headlessDCGO/DCGO/Assets/Scripts/Script/AutoProcessing.cs:719-724	/home/hg/git/headlessDCGO/src/HeadlessDCGO.Engine/Assets/Scripts/Script/AutoProcessing.cs:1249-1254	AS-IS's `else { if (TurnPhase == Main) { StartCoroutine(GManager.instance.turnStateMachine.SetMainPhase()); } }` becomes an else-branch whose inner `if (TurnPhase == Main) { }` body is now empty — the `SetMainPhase()` call is dropped. grep -n "SetMainPhase" across src/HeadlessDCGO.Engine/Assets/Scripts/Script/TurnStateMachine.cs returns zero hits (the AS-IS method `IEnumerator SetMainPhase()` at TurnStateMachine.cs:1354, and its other 3 AS-IS call sites, are entirely unported); the call cannot be reproduced because its target method does not exist in the port	SUBSTRATE
DIFF	/home/hg/git/headlessDCGO/DCGO/Assets/Scripts/Script/AutoProcessing.cs:769-886	/home/hg/git/headlessDCGO/src/HeadlessDCGO.Engine/Assets/Scripts/Script/AutoProcessing.cs:757-874 (GetSkillInfos)	Trailing whitespace after the closing brace of the "faceup security" loop (`}            ` at AS-IS:881) is trimmed in TO-BE; body otherwise byte-identical, cosmetic only	MIRROR
DIFF	/home/hg/git/headlessDCGO/DCGO/Assets/Scripts/Script/AutoProcessing.cs:889	/home/hg/git/headlessDCGO/src/HeadlessDCGO.Engine/Assets/Scripts/Script/AutoProcessing.cs:878	`public static IEnumerator ActivateBackgroundEffects(...)` becomes `public static async Task ActivateBackgroundEffects(...)` — signature only, mechanical	IRREDUCIBLE
DIFF	/home/hg/git/headlessDCGO/DCGO/Assets/Scripts/Script/AutoProcessing.cs:903	/home/hg/git/headlessDCGO/src/HeadlessDCGO.Engine/Assets/Scripts/Script/AutoProcessing.cs:892 (ActivateBackgroundEffects, player effect section)	`yield return ContinuousController.instance.StartCoroutine(((ActivateICardEffect)cardEffect).Activate(hashtable));` becomes `await ((ActivateICardEffect)cardEffect).Activate(hashtable);`; body otherwise identical	IRREDUCIBLE
DIFF	/home/hg/git/headlessDCGO/DCGO/Assets/Scripts/Script/AutoProcessing.cs:914	ABSENT	A blank line inside the "Effects of permanents in play" `foreach (Player player in ...) { ... }` block, immediately after the opening brace, is removed in TO-BE; purely cosmetic	MIRROR
DIFF	/home/hg/git/headlessDCGO/DCGO/Assets/Scripts/Script/AutoProcessing.cs:926	/home/hg/git/headlessDCGO/src/HeadlessDCGO.Engine/Assets/Scripts/Script/AutoProcessing.cs:914 (ActivateBackgroundEffects, permanents-in-play section)	Same `yield return StartCoroutine(...Activate(hashtable))` → `await ...Activate(hashtable)` conversion as the player-effect section	IRREDUCIBLE
DIFF	/home/hg/git/headlessDCGO/DCGO/Assets/Scripts/Script/AutoProcessing.cs:949	/home/hg/git/headlessDCGO/src/HeadlessDCGO.Engine/Assets/Scripts/Script/AutoProcessing.cs:937 (ActivateBackgroundEffects, trash-card-effect section)	Same await conversion as above	IRREDUCIBLE
DIFF	/home/hg/git/headlessDCGO/DCGO/Assets/Scripts/Script/AutoProcessing.cs:972	/home/hg/git/headlessDCGO/src/HeadlessDCGO.Engine/Assets/Scripts/Script/AutoProcessing.cs:960 (ActivateBackgroundEffects, hand-cards section)	Same await conversion as above	IRREDUCIBLE
DIFF	/home/hg/git/headlessDCGO/DCGO/Assets/Scripts/Script/AutoProcessing.cs:983-990	/home/hg/git/headlessDCGO/src/HeadlessDCGO.Engine/Assets/Scripts/Script/AutoProcessing.cs:972-979 (StackSkillInfos)	`public IEnumerator StackSkillInfos(...)` with `yield return ...StartCoroutine(ActivateBackgroundEffects(...))` becomes `public async Task StackSkillInfos(...)` with `await ActivateBackgroundEffects(...)`; body otherwise identical	IRREDUCIBLE
DIFF	/home/hg/git/headlessDCGO/DCGO/Assets/Scripts/Script/AutoProcessing.cs:1000	/home/hg/git/headlessDCGO/src/HeadlessDCGO.Engine/Assets/Scripts/Script/AutoProcessing.cs:992 (GetSkillInfosOfCards)	`cardSource.PermanentOfThisCard() == null` becomes `ICardEffect.ResolvePermanentOfThisCard(cardSource) == null` — same CardSource.PermanentOfThisCard() return-type substitution as PutStackedSkill	SUBSTRATE
DIFF	/home/hg/git/headlessDCGO/DCGO/Assets/Scripts/Script/AutoProcessing.cs:997	/home/hg/git/headlessDCGO/src/HeadlessDCGO.Engine/Assets/Scripts/Script/AutoProcessing.cs:989	Region comment `#region カードリストの効果` (Japanese) translated to `#region Effects of the card list`; no code change, comment-only	MIRROR
DIFF	/home/hg/git/headlessDCGO/DCGO/Assets/Scripts/Script/AutoProcessing.cs:1029	/home/hg/git/headlessDCGO/src/HeadlessDCGO.Engine/Assets/Scripts/Script/AutoProcessing.cs:1023 (ActivateBackgroundEffectsOfCards)	`cardSource.PermanentOfThisCard() == null` becomes `ICardEffect.ResolvePermanentOfThisCard(cardSource) == null` (same substitution as GetSkillInfosOfCards)	SUBSTRATE
DIFF	/home/hg/git/headlessDCGO/DCGO/Assets/Scripts/Script/AutoProcessing.cs:1024	/home/hg/git/headlessDCGO/src/HeadlessDCGO.Engine/Assets/Scripts/Script/AutoProcessing.cs:1018	`public static IEnumerator ActivateBackgroundEffectsOfCards(...)` becomes `public static async Task ActivateBackgroundEffectsOfCards(...)` — signature only, mechanical	IRREDUCIBLE
DIFF	/home/hg/git/headlessDCGO/DCGO/Assets/Scripts/Script/AutoProcessing.cs:1040	/home/hg/git/headlessDCGO/src/HeadlessDCGO.Engine/Assets/Scripts/Script/AutoProcessing.cs:1034 (ActivateBackgroundEffectsOfCards)	`yield return ContinuousController.instance.StartCoroutine(((ActivateICardEffect)cardEffect).Activate(hashtable));` becomes `await ((ActivateICardEffect)cardEffect).Activate(hashtable);`; body otherwise identical	IRREDUCIBLE
DIFF	/home/hg/git/headlessDCGO/DCGO/Assets/Scripts/Script/AutoProcessing.cs:1052-1059	/home/hg/git/headlessDCGO/src/HeadlessDCGO.Engine/Assets/Scripts/Script/AutoProcessing.cs:1046-1055 (StackSkillInfosOfCards)	`public IEnumerator StackSkillInfosOfCards(...)` with `yield return ...StartCoroutine(ActivateBackgroundEffectsOfCards(...))` becomes `public async Task StackSkillInfosOfCards(...)` with `await ActivateBackgroundEffectsOfCards(...)`; body otherwise identical	IRREDUCIBLE
DIFF	/home/hg/git/headlessDCGO/DCGO/Assets/Scripts/Script/AutoProcessing.cs:603-621	/home/hg/git/headlessDCGO/src/HeadlessDCGO.Engine/Assets/Scripts/Script/AutoProcessing.cs:1093-1113 (skillInfos_used, relocated within file)	Relocated further down in the file; body byte-identical, relocation only	MIRROR
DIFF	/home/hg/git/headlessDCGO/DCGO/Assets/Scripts/Script/AutoProcessing.cs:749-767	/home/hg/git/headlessDCGO/src/HeadlessDCGO.Engine/Assets/Scripts/Script/AutoProcessing.cs:1115-1135 (HasAwaitingActivateEffects, relocated within file)	Relocated further down in the file; body byte-identical. Its only AS-IS in-file caller was ShrinkSecurityDigimonDisplay (dropped, see AS-IS:730-747 row above); the method is still invoked elsewhere in the port (HeadlessGameLoop.cs:88/96, CardController.cs:899 etc.), so it is not orphaned tree-wide	MIRROR
DIFF	/home/hg/git/headlessDCGO/DCGO/Assets/Scripts/Script/AutoProcessing.cs:623-628	/home/hg/git/headlessDCGO/src/HeadlessDCGO.Engine/Assets/Scripts/Script/AutoProcessing.cs:1155-1162 (HasExecutedSameEffect, relocated within file)	Relocated further down in the file; body byte-identical, relocation only	MIRROR
DIFF	/home/hg/git/headlessDCGO/DCGO/Assets/Scripts/Script/AutoProcessing.cs:644-672	/home/hg/git/headlessDCGO/src/HeadlessDCGO.Engine/Assets/Scripts/Script/AutoProcessing.cs:1180-1210 (TurnEndMinMemory, relocated within file)	Relocated further down in the file; body byte-identical, still reads GManager.instance.turnStateMachine.gameContext directly, relocation only	MIRROR
DIFF	/home/hg/git/headlessDCGO/DCGO/Assets/Scripts/Script/AutoProcessing.cs:1065-1066	/home/hg/git/headlessDCGO/src/HeadlessDCGO.Engine/Assets/Scripts/Script/AutoProcessing.cs:1267-1268 (ActivateEffectProcess)	`public IEnumerator ActivateEffectProcess(...)` becomes `public async Task ActivateEffectProcess(...)`; `yield break;` (2 sites) becomes `return;`; body otherwise identical	IRREDUCIBLE
DIFF	/home/hg/git/headlessDCGO/DCGO/Assets/Scripts/Script/AutoProcessing.cs:1079	/home/hg/git/headlessDCGO/src/HeadlessDCGO.Engine/Assets/Scripts/Script/AutoProcessing.cs:1281 (ActivateEffectProcess)	`yield return ContinuousController.instance.StartCoroutine(((ActivateICardEffect)cardEffect).Activate_Optional_Effect_Execute(hashtable, isCheckOptional));` becomes `await ((ActivateICardEffect)cardEffect).Activate_Optional_Effect_Execute(hashtable, isCheckOptional);`; body otherwise identical	IRREDUCIBLE
DIFF	/home/hg/git/headlessDCGO/DCGO/Assets/Scripts/Script/AutoProcessing.cs:1092	/home/hg/git/headlessDCGO/src/HeadlessDCGO.Engine/Assets/Scripts/Script/AutoProcessing.cs:1298 (IsCutInEffectHasUsed)	`return false;//TODO: General line 17 - _usedCutinEffects.Some(cardEffect => cardEffect.IsSameEffect(cutinEffect));` becomes `return false;` — the trailing TODO comment (which in AS-IS itself already documents that the real check is disabled) is stripped; the actual returned value and control flow are identical in both AS-IS and TO-BE (always `false`), comment removed only	MIRROR
DIFF	/home/hg/git/headlessDCGO/DCGO/Assets/Scripts/Script/AutoProcessing.cs:1095-1106	/home/hg/git/headlessDCGO/src/HeadlessDCGO.Engine/Assets/Scripts/Script/AutoProcessing.cs:1301-1312 (IsCutInEffectUsedMaxCount, AddCutinEffect)	`#region`/`#endregion` wrapper markers added around these two methods and around IsCutInEffectHasUsed ("Cut-in effect accounting (AS-IS AutoProcessing.cs:1090-1106)"); method bodies byte-identical, cosmetic region-comment addition only	MIRROR
